design,strategy,topo,Vdd,corner,temp_C,Iin_A,I_at_0_A,I_at_vddhalf_A,gain_at_0,gain_vddhalf,lambda_eff_perV,rout_ohm,band_hi_V,ramp_nonlin_pct,vmax_1pct_V,vmax_0p1pct_V,area_um2,provenance
B_100n,B,MIR_S,3.2,TT,-55,1e-07,1.03887e-07,1.00227e-07,1.03887,1.00227,0.0225303,4.36858e+08,2.00,2.2585,0.4542,0.0453,3.507,"netlists/B_100n_MIR_S.cir(case=0,temp=-55,Vdd=3.2):dc_sweep_i(Vout)"
B_100n,B,MIR_S,3.2,TT,27,1e-07,1.03003e-07,1.00288e-07,1.03003,1.00288,0.016763,5.88856e+08,2.00,1.6823,0.6079,0.0606,3.507,"netlists/B_100n_MIR_S.cir(case=0,temp=27,Vdd=3.2):dc_sweep_i(Vout)"
B_100n,B,MIR_S,3.2,TT,150,1e-07,1.02441e-07,1.00357e-07,1.02441,1.00357,0.0129004,7.66437e+08,2.00,1.2972,0.7885,0.0787,3.507,"netlists/B_100n_MIR_S.cir(case=0,temp=150,Vdd=3.2):dc_sweep_i(Vout)"
B_100n,B,MIR_S,3.2,FF,-55,1e-07,1.04814e-07,1.00533e-07,1.04814,1.00533,0.0262118,3.73521e+08,2.00,2.6266,0.3916,0.0391,3.507,"netlists/B_100n_MIR_S.cir(case=1,temp=-55,Vdd=3.2):dc_sweep_i(Vout)"
B_100n,B,MIR_S,3.2,FF,27,1e-07,1.03723e-07,1.00544e-07,1.03723,1.00544,0.0195463,5.02876e+08,2.00,1.9607,0.5224,0.0521,3.507,"netlists/B_100n_MIR_S.cir(case=1,temp=27,Vdd=3.2):dc_sweep_i(Vout)"
B_100n,B,MIR_S,3.2,FF,150,1e-07,1.0303e-07,1.00586e-07,1.03030,1.00586,0.0150688,6.53796e+08,2.00,1.5142,0.6761,0.0675,3.507,"netlists/B_100n_MIR_S.cir(case=1,temp=150,Vdd=3.2):dc_sweep_i(Vout)"
B_100n,B,MIR_S,3.2,SS,-55,1e-07,1.03082e-07,9.99923e-08,1.03082,0.99992,0.0191037,5.17502e+08,2.00,1.9158,0.5342,0.0533,3.507,"netlists/B_100n_MIR_S.cir(case=2,temp=-55,Vdd=3.2):dc_sweep_i(Vout)"
B_100n,B,MIR_S,3.2,SS,27,1e-07,1.02377e-07,1.0009e-07,1.02377,1.00090,0.0141813,6.98531e+08,2.00,1.4241,0.7172,0.0716,3.507,"netlists/B_100n_MIR_S.cir(case=2,temp=27,Vdd=3.2):dc_sweep_i(Vout)"
B_100n,B,MIR_S,3.2,SS,150,1e-07,1.0193e-07,1.00176e-07,1.01930,1.00176,0.0108941,9.10338e+08,2.00,1.0965,0.9324,0.0931,3.507,"netlists/B_100n_MIR_S.cir(case=2,temp=150,Vdd=3.2):dc_sweep_i(Vout)"
B_100n,B,MIR_S,3.2,FS,-55,1e-07,1.03079e-07,9.99976e-08,1.03079,0.99998,0.0190534,5.18858e+08,2.00,1.9108,0.5356,0.0534,3.507,"netlists/B_100n_MIR_S.cir(case=3,temp=-55,Vdd=3.2):dc_sweep_i(Vout)"
B_100n,B,MIR_S,3.2,FS,27,1e-07,1.02376e-07,1.00094e-07,1.02376,1.00094,0.0141481,7.00159e+08,2.00,1.4208,0.7188,0.0717,3.507,"netlists/B_100n_MIR_S.cir(case=3,temp=27,Vdd=3.2):dc_sweep_i(Vout)"
B_100n,B,MIR_S,3.2,FS,150,1e-07,1.01929e-07,1.00179e-07,1.01929,1.00179,0.0108712,9.12239e+08,2.00,1.0942,0.9343,0.0933,3.507,"netlists/B_100n_MIR_S.cir(case=3,temp=150,Vdd=3.2):dc_sweep_i(Vout)"
B_100n,B,MIR_S,3.2,SF,-55,1e-07,1.04818e-07,1.00527e-07,1.04818,1.00527,0.0262699,3.72703e+08,2.00,2.6324,0.3908,0.0390,3.507,"netlists/B_100n_MIR_S.cir(case=4,temp=-55,Vdd=3.2):dc_sweep_i(Vout)"
B_100n,B,MIR_S,3.2,SF,27,1e-07,1.03724e-07,1.00539e-07,1.03724,1.00539,0.0195859,5.0187e+08,2.00,1.9647,0.5215,0.0520,3.507,"netlists/B_100n_MIR_S.cir(case=4,temp=27,Vdd=3.2):dc_sweep_i(Vout)"
B_100n,B,MIR_S,3.2,SF,150,1e-07,1.0303e-07,1.00582e-07,1.03030,1.00582,0.0150966,6.52607e+08,2.00,1.5170,0.6749,0.0674,3.507,"netlists/B_100n_MIR_S.cir(case=4,temp=150,Vdd=3.2):dc_sweep_i(Vout)"
B_100n,B,MIR_S,4.5,TT,-55,1e-07,1.07031e-07,1.01716e-07,1.07031,1.01716,0.0224474,4.25888e+08,2.00,2.3227,0.4163,0.0396,3.507,"netlists/B_100n_MIR_S.cir(case=0,temp=-55,Vdd=4.5):dc_sweep_i(Vout)"
B_100n,B,MIR_S,4.5,TT,27,1e-07,1.0536e-07,1.01393e-07,1.05360,1.01393,0.0168949,5.71678e+08,2.00,1.7610,0.5484,0.0510,3.507,"netlists/B_100n_MIR_S.cir(case=0,temp=27,Vdd=4.5):dc_sweep_i(Vout)"
B_100n,B,MIR_S,4.5,TT,150,1e-07,1.04263e-07,1.01206e-07,1.04263,1.01206,0.0130867,7.42945e+08,2.00,1.3723,0.7097,0.0641,3.507,"netlists/B_100n_MIR_S.cir(case=0,temp=150,Vdd=4.5):dc_sweep_i(Vout)"
B_100n,B,MIR_S,4.5,FF,-55,1e-07,1.0848e-07,1.02274e-07,1.08480,1.02274,0.0259619,3.64587e+08,2.00,2.6802,0.3613,0.0347,3.507,"netlists/B_100n_MIR_S.cir(case=1,temp=-55,Vdd=4.5):dc_sweep_i(Vout)"
B_100n,B,MIR_S,4.5,FF,27,1e-07,1.06473e-07,1.01837e-07,1.06473,1.01837,0.0196053,4.8882e+08,2.00,2.0382,0.4727,0.0444,3.507,"netlists/B_100n_MIR_S.cir(case=1,temp=27,Vdd=4.5):dc_sweep_i(Vout)"
B_100n,B,MIR_S,4.5,FF,150,1e-07,1.0516e-07,1.01582e-07,1.05160,1.01582,0.0152309,6.34289e+08,2.00,1.5932,0.6070,0.0555,3.507,"netlists/B_100n_MIR_S.cir(case=1,temp=150,Vdd=4.5):dc_sweep_i(Vout)"
B_100n,B,MIR_S,4.5,SS,-55,1e-07,1.05746e-07,1.01249e-07,1.05746,1.01249,0.0191438,5.03791e+08,2.00,1.9863,0.4869,0.0458,3.507,"netlists/B_100n_MIR_S.cir(case=2,temp=-55,Vdd=4.5):dc_sweep_i(Vout)"
B_100n,B,MIR_S,4.5,SS,27,1e-07,1.04372e-07,1.01021e-07,1.04372,1.01021,0.0143601,6.77219e+08,2.00,1.5015,0.6466,0.0591,3.507,"netlists/B_100n_MIR_S.cir(case=2,temp=27,Vdd=4.5):dc_sweep_i(Vout)"
B_100n,B,MIR_S,4.5,SS,150,1e-07,1.03469e-07,1.00891e-07,1.03469,1.00891,0.0110886,8.8176e+08,2.00,1.1663,0.8436,0.0748,3.507,"netlists/B_100n_MIR_S.cir(case=2,temp=150,Vdd=4.5):dc_sweep_i(Vout)"
B_100n,B,MIR_S,4.5,FS,-55,1e-07,1.05744e-07,1.01251e-07,1.05744,1.01251,0.0191246,5.04312e+08,2.00,1.9876,0.4854,0.0456,3.507,"netlists/B_100n_MIR_S.cir(case=3,temp=-55,Vdd=4.5):dc_sweep_i(Vout)"
B_100n,B,MIR_S,4.5,FS,27,1e-07,1.04374e-07,1.01023e-07,1.04374,1.01023,0.0143545,6.77493e+08,2.00,1.5040,0.6440,0.0587,3.507,"netlists/B_100n_MIR_S.cir(case=3,temp=27,Vdd=4.5):dc_sweep_i(Vout)"
B_100n,B,MIR_S,4.5,FS,150,1e-07,1.03472e-07,1.00893e-07,1.03472,1.00893,0.0110896,8.81677e+08,2.00,1.1692,0.8401,0.0741,3.507,"netlists/B_100n_MIR_S.cir(case=3,temp=150,Vdd=4.5):dc_sweep_i(Vout)"
B_100n,B,MIR_S,4.5,SF,-55,1e-07,1.08482e-07,1.02272e-07,1.08482,1.02272,0.0259843,3.64261e+08,2.00,2.6788,0.3624,0.0348,3.507,"netlists/B_100n_MIR_S.cir(case=4,temp=-55,Vdd=4.5):dc_sweep_i(Vout)"
B_100n,B,MIR_S,4.5,SF,27,1e-07,1.06472e-07,1.01835e-07,1.06472,1.01835,0.0196131,4.8862e+08,2.00,2.0355,0.4745,0.0447,3.507,"netlists/B_100n_MIR_S.cir(case=4,temp=27,Vdd=4.5):dc_sweep_i(Vout)"
B_100n,B,MIR_S,4.5,SF,150,1e-07,1.05156e-07,1.01579e-07,1.05156,1.01579,0.0152306,6.34304e+08,2.00,1.5896,0.6099,0.0561,3.507,"netlists/B_100n_MIR_S.cir(case=4,temp=150,Vdd=4.5):dc_sweep_i(Vout)"
B_100n,B,MIR_S,5.0,TT,-55,1e-07,1.0853e-07,1.02287e-07,1.08530,1.02287,0.0236131,4.00179e+08,2.00,2.5547,0.3517,0.0327,3.507,"netlists/B_100n_MIR_S.cir(case=0,temp=-55,Vdd=5.0):dc_sweep_i(Vout)"
B_100n,B,MIR_S,5.0,TT,27,1e-07,1.06534e-07,1.01817e-07,1.06534,1.01817,0.0180662,5.299e+08,2.00,1.9876,0.4485,0.0403,3.507,"netlists/B_100n_MIR_S.cir(case=0,temp=27,Vdd=5.0):dc_sweep_i(Vout)"
B_100n,B,MIR_S,5.0,TT,150,1e-07,1.05207e-07,1.01532e-07,1.05207,1.01532,0.0141836,6.8076e+08,2.00,1.5838,0.5668,0.0489,3.507,"netlists/B_100n_MIR_S.cir(case=0,temp=150,Vdd=5.0):dc_sweep_i(Vout)"
B_100n,B,MIR_S,5.0,FF,-55,1e-07,1.10201e-07,1.02942e-07,1.10201,1.02942,0.0271446,3.44058e+08,2.00,2.9205,0.3089,0.0291,3.507,"netlists/B_100n_MIR_S.cir(case=1,temp=-55,Vdd=5.0):dc_sweep_i(Vout)"
B_100n,B,MIR_S,5.0,FF,27,1e-07,1.0782e-07,1.02333e-07,1.07820,1.02333,0.0208297,4.55403e+08,2.00,2.2767,0.3911,0.0358,3.507,"netlists/B_100n_MIR_S.cir(case=1,temp=27,Vdd=5.0):dc_sweep_i(Vout)"
B_100n,B,MIR_S,5.0,FF,150,1e-07,1.06243e-07,1.01963e-07,1.06243,1.01963,0.0164023,5.84286e+08,2.00,1.8191,0.4892,0.0431,3.507,"netlists/B_100n_MIR_S.cir(case=1,temp=150,Vdd=5.0):dc_sweep_i(Vout)"
B_100n,B,MIR_S,5.0,SS,-55,1e-07,1.07038e-07,1.01731e-07,1.07038,1.01731,0.0202765,4.70929e+08,2.00,2.2084,0.4061,0.0372,3.507,"netlists/B_100n_MIR_S.cir(case=2,temp=-55,Vdd=5.0):dc_sweep_i(Vout)"
B_100n,B,MIR_S,5.0,SS,27,1e-07,1.05386e-07,1.01378e-07,1.05386,1.01378,0.015468,6.23977e+08,2.00,1.7150,0.5226,0.0459,3.507,"netlists/B_100n_MIR_S.cir(case=2,temp=27,Vdd=5.0):dc_sweep_i(Vout)"
B_100n,B,MIR_S,5.0,SS,150,1e-07,1.04283e-07,1.01165e-07,1.04283,1.01165,0.0121037,8.03059e+08,2.00,1.3626,0.6689,0.0559,3.507,"netlists/B_100n_MIR_S.cir(case=2,temp=150,Vdd=5.0):dc_sweep_i(Vout)"
B_100n,B,MIR_S,5.0,FS,-55,1e-07,1.07048e-07,1.01732e-07,1.07048,1.01732,0.020315,4.70046e+08,2.00,2.2195,0.4022,0.0367,3.507,"netlists/B_100n_MIR_S.cir(case=3,temp=-55,Vdd=5.0):dc_sweep_i(Vout)"
B_100n,B,MIR_S,5.0,FS,27,1e-07,1.05399e-07,1.01379e-07,1.05399,1.01379,0.0155163,6.2203e+08,2.00,1.7266,0.5163,0.0453,3.507,"netlists/B_100n_MIR_S.cir(case=3,temp=27,Vdd=5.0):dc_sweep_i(Vout)"
B_100n,B,MIR_S,5.0,FS,150,1e-07,1.04296e-07,1.01166e-07,1.04296,1.01166,0.0121541,7.99715e+08,2.00,1.3740,0.6597,0.0550,3.507,"netlists/B_100n_MIR_S.cir(case=3,temp=150,Vdd=5.0):dc_sweep_i(Vout)"
B_100n,B,MIR_S,5.0,SF,-55,1e-07,1.10191e-07,1.02941e-07,1.10191,1.02941,0.0271036,3.4457e+08,2.00,2.9086,0.3115,0.0294,3.507,"netlists/B_100n_MIR_S.cir(case=4,temp=-55,Vdd=5.0):dc_sweep_i(Vout)"
B_100n,B,MIR_S,5.0,SF,27,1e-07,1.07806e-07,1.02332e-07,1.07806,1.02332,0.0207776,4.56546e+08,2.00,2.2640,0.3952,0.0362,3.507,"netlists/B_100n_MIR_S.cir(case=4,temp=27,Vdd=5.0):dc_sweep_i(Vout)"
B_100n,B,MIR_S,5.0,SF,150,1e-07,1.06228e-07,1.01961e-07,1.06228,1.01961,0.0163464,5.86293e+08,2.00,1.8066,0.4951,0.0437,3.507,"netlists/B_100n_MIR_S.cir(case=4,temp=150,Vdd=5.0):dc_sweep_i(Vout)"
B_100n,B,MIR_S,5.5,TT,-55,1e-07,1.10458e-07,1.02858e-07,1.10458,1.02858,0.0266099,3.50599e+08,2.00,3.0509,0.2685,0.0249,3.507,"netlists/B_100n_MIR_S.cir(case=0,temp=-55,Vdd=5.5):dc_sweep_i(Vout)"
B_100n,B,MIR_S,5.5,TT,27,1e-07,1.0811e-07,1.0224e-07,1.08110,1.02240,0.0209896,4.51564e+08,2.00,2.4685,0.3244,0.0293,3.507,"netlists/B_100n_MIR_S.cir(case=0,temp=27,Vdd=5.5):dc_sweep_i(Vout)"
B_100n,B,MIR_S,5.5,TT,150,1e-07,1.06523e-07,1.01856e-07,1.06523,1.01856,0.0169276,5.6587e+08,2.00,2.0370,0.3894,0.0341,3.507,"netlists/B_100n_MIR_S.cir(case=0,temp=150,Vdd=5.5):dc_sweep_i(Vout)"
B_100n,B,MIR_S,5.5,FF,-55,1e-07,1.12383e-07,1.0361e-07,1.12383,1.03610,0.0302502,3.04262e+08,2.00,3.4368,0.2405,0.0226,3.507,"netlists/B_100n_MIR_S.cir(case=1,temp=-55,Vdd=5.5):dc_sweep_i(Vout)"
B_100n,B,MIR_S,5.5,FF,27,1e-07,1.09596e-07,1.02829e-07,1.09596,1.02829,0.0239009,3.9238e+08,2.00,2.7816,0.2896,0.0266,3.507,"netlists/B_100n_MIR_S.cir(case=1,temp=27,Vdd=5.5):dc_sweep_i(Vout)"
B_100n,B,MIR_S,5.5,FF,150,1e-07,1.07725e-07,1.02344e-07,1.07725,1.02344,0.0193211,4.91501e+08,2.00,2.2995,0.3450,0.0307,3.507,"netlists/B_100n_MIR_S.cir(case=1,temp=150,Vdd=5.5):dc_sweep_i(Vout)"
B_100n,B,MIR_S,5.5,SS,-55,1e-07,1.08732e-07,1.02213e-07,1.08732,1.02213,0.0231476,4.07973e+08,2.00,2.6828,0.3027,0.0277,3.507,"netlists/B_100n_MIR_S.cir(case=2,temp=-55,Vdd=5.5):dc_sweep_i(Vout)"
B_100n,B,MIR_S,5.5,SS,27,1e-07,1.06776e-07,1.01735e-07,1.06776,1.01735,0.0182312,5.24852e+08,2.00,2.1704,0.3677,0.0326,3.507,"netlists/B_100n_MIR_S.cir(case=2,temp=27,Vdd=5.5):dc_sweep_i(Vout)"
B_100n,B,MIR_S,5.5,SS,150,1e-07,1.05443e-07,1.01438e-07,1.05443,1.01438,0.0146625,6.58366e+08,2.00,1.7874,0.4454,0.0380,3.507,"netlists/B_100n_MIR_S.cir(case=2,temp=150,Vdd=5.5):dc_sweep_i(Vout)"
B_100n,B,MIR_S,5.5,FS,-55,1e-07,1.08767e-07,1.02213e-07,1.08767,1.02213,0.0233029,4.05241e+08,2.00,2.7111,0.2978,0.0273,3.507,"netlists/B_100n_MIR_S.cir(case=3,temp=-55,Vdd=5.5):dc_sweep_i(Vout)"
B_100n,B,MIR_S,5.5,FS,27,1e-07,1.06812e-07,1.01735e-07,1.06812,1.01735,0.018391,5.2026e+08,2.00,2.1987,0.3605,0.0320,3.507,"netlists/B_100n_MIR_S.cir(case=3,temp=27,Vdd=5.5):dc_sweep_i(Vout)"
B_100n,B,MIR_S,5.5,FS,150,1e-07,1.0548e-07,1.01439e-07,1.05480,1.01439,0.0148172,6.51442e+08,2.00,1.8145,0.4353,0.0372,3.507,"netlists/B_100n_MIR_S.cir(case=3,temp=150,Vdd=5.5):dc_sweep_i(Vout)"
B_100n,B,MIR_S,5.5,SF,-55,1e-07,1.12345e-07,1.03611e-07,1.12345,1.03611,0.0300833,3.05961e+08,2.00,3.4063,0.2440,0.0229,3.507,"netlists/B_100n_MIR_S.cir(case=4,temp=-55,Vdd=5.5):dc_sweep_i(Vout)"
B_100n,B,MIR_S,5.5,SF,27,1e-07,1.09556e-07,1.02829e-07,1.09556,1.02829,0.0237278,3.95268e+08,2.00,2.7510,0.2946,0.0270,3.507,"netlists/B_100n_MIR_S.cir(case=4,temp=27,Vdd=5.5):dc_sweep_i(Vout)"
B_100n,B,MIR_S,5.5,SF,150,1e-07,1.07685e-07,1.02343e-07,1.07685,1.02343,0.0191506,4.95918e+08,2.00,2.2699,0.3518,0.0312,3.507,"netlists/B_100n_MIR_S.cir(case=4,temp=150,Vdd=5.5):dc_sweep_i(Vout)"
B_100n,B,MIR_CS,3.2,TT,-55,1e-07,9.99991e-08,9.99591e-08,0.99999,0.99959,0.00188311,5.3144e+09,2.00,0.6774,2.1113,1.6610,7.015,"netlists/B_100n_MIR_CS.cir(case=0,temp=-55,Vdd=3.2):dc_sweep_i(Vout)"
B_100n,B,MIR_CS,3.2,TT,27,1e-07,9.99998e-08,9.9983e-08,1.00000,0.99983,0.00107462,9.30966e+09,2.00,0.4246,2.3201,1.7319,7.015,"netlists/B_100n_MIR_CS.cir(case=0,temp=27,Vdd=3.2):dc_sweep_i(Vout)"
B_100n,B,MIR_CS,3.2,TT,150,1e-07,1.00001e-07,9.99929e-08,1.00001,0.99993,0.000548112,1.82484e+10,2.00,0.2458,2.5514,1.8280,7.015,"netlists/B_100n_MIR_CS.cir(case=0,temp=150,Vdd=3.2):dc_sweep_i(Vout)"
B_100n,B,MIR_CS,3.2,FF,-55,1e-07,1e-07,9.99894e-08,1.00000,0.99989,0.00120765,8.2845e+09,2.00,0.5681,2.1493,1.7595,7.015,"netlists/B_100n_MIR_CS.cir(case=1,temp=-55,Vdd=3.2):dc_sweep_i(Vout)"
B_100n,B,MIR_CS,3.2,FF,27,1e-07,1.00001e-07,9.99936e-08,1.00001,0.99994,0.00061154,1.63561e+10,2.00,0.3249,2.3406,1.8327,7.015,"netlists/B_100n_MIR_CS.cir(case=1,temp=27,Vdd=3.2):dc_sweep_i(Vout)"
B_100n,B,MIR_CS,3.2,FF,150,1e-07,1.00001e-07,9.9996e-08,1.00001,0.99996,0.000256365,3.90108e+10,2.00,0.1562,2.5595,1.9329,7.015,"netlists/B_100n_MIR_CS.cir(case=1,temp=150,Vdd=3.2):dc_sweep_i(Vout)"
B_100n,B,MIR_CS,3.2,SS,-55,1e-07,9.99984e-08,9.98493e-08,0.99998,0.99849,0.00254275,3.93692e+09,2.00,0.7320,2.0866,1.5597,7.015,"netlists/B_100n_MIR_CS.cir(case=2,temp=-55,Vdd=3.2):dc_sweep_i(Vout)"
B_100n,B,MIR_CS,3.2,SS,27,1e-07,9.99992e-08,9.99224e-08,0.99999,0.99922,0.00157039,6.37199e+09,2.00,0.4838,2.3176,1.6282,7.015,"netlists/B_100n_MIR_CS.cir(case=2,temp=27,Vdd=3.2):dc_sweep_i(Vout)"
B_100n,B,MIR_CS,3.2,SS,150,1e-07,9.99999e-08,9.99651e-08,1.00000,0.99965,0.000915832,1.09231e+10,2.00,0.3099,2.5598,1.7199,7.015,"netlists/B_100n_MIR_CS.cir(case=2,temp=150,Vdd=3.2):dc_sweep_i(Vout)"
B_100n,B,MIR_CS,3.2,FS,-55,1e-07,9.99984e-08,9.98535e-08,0.99998,0.99854,0.00250932,3.98931e+09,2.00,0.7261,2.0907,1.5628,7.015,"netlists/B_100n_MIR_CS.cir(case=3,temp=-55,Vdd=3.2):dc_sweep_i(Vout)"
B_100n,B,MIR_CS,3.2,FS,27,1e-07,9.99993e-08,9.99252e-08,0.99999,0.99925,0.00154644,6.47058e+09,2.00,0.4793,2.3221,1.6319,7.015,"netlists/B_100n_MIR_CS.cir(case=3,temp=27,Vdd=3.2):dc_sweep_i(Vout)"
B_100n,B,MIR_CS,3.2,FS,150,1e-07,9.99999e-08,9.99667e-08,1.00000,0.99967,0.000898471,1.11341e+10,2.00,0.3063,2.5638,1.7240,7.015,"netlists/B_100n_MIR_CS.cir(case=3,temp=150,Vdd=3.2):dc_sweep_i(Vout)"
B_100n,B,MIR_CS,3.2,SF,-55,1e-07,1e-07,9.99892e-08,1.00000,0.99989,0.00123293,8.11474e+09,2.00,0.5753,2.1458,1.7563,7.015,"netlists/B_100n_MIR_CS.cir(case=4,temp=-55,Vdd=3.2):dc_sweep_i(Vout)"
B_100n,B,MIR_CS,3.2,SF,27,1e-07,1.00001e-07,9.99935e-08,1.00001,0.99993,0.000627521,1.59397e+10,2.00,0.3303,2.3368,1.8293,7.015,"netlists/B_100n_MIR_CS.cir(case=4,temp=27,Vdd=3.2):dc_sweep_i(Vout)"
B_100n,B,MIR_CS,3.2,SF,150,1e-07,1.00001e-07,9.99959e-08,1.00001,0.99996,0.000265231,3.77068e+10,2.00,0.1601,2.5556,1.9291,7.015,"netlists/B_100n_MIR_CS.cir(case=4,temp=150,Vdd=3.2):dc_sweep_i(Vout)"
B_100n,B,MIR_CS,4.5,TT,-55,1e-07,1.00004e-07,9.99951e-08,1.00004,0.99995,4.11398e-05,2.43073e+11,2.00,0.0042,3.4090,2.9567,7.015,"netlists/B_100n_MIR_CS.cir(case=0,temp=-55,Vdd=4.5):dc_sweep_i(Vout)"
B_100n,B,MIR_CS,4.5,TT,27,1e-07,1.00004e-07,9.99968e-08,1.00004,0.99997,3.0961e-05,3.22985e+11,2.00,0.0031,3.6178,3.0279,7.015,"netlists/B_100n_MIR_CS.cir(case=0,temp=27,Vdd=4.5):dc_sweep_i(Vout)"
B_100n,B,MIR_CS,4.5,TT,150,1e-07,1.00004e-07,9.9998e-08,1.00004,0.99998,2.54618e-05,3.9274e+11,2.00,0.0026,3.8494,3.1238,7.015,"netlists/B_100n_MIR_CS.cir(case=0,temp=150,Vdd=4.5):dc_sweep_i(Vout)"
B_100n,B,MIR_CS,4.5,FF,-55,1e-07,1.00006e-07,9.99953e-08,1.00006,0.99995,4.84995e-05,2.06185e+11,2.00,0.0049,3.4470,3.0549,7.015,"netlists/B_100n_MIR_CS.cir(case=1,temp=-55,Vdd=4.5):dc_sweep_i(Vout)"
B_100n,B,MIR_CS,4.5,FF,27,1e-07,1.00005e-07,9.99972e-08,1.00005,0.99997,3.59411e-05,2.78228e+11,2.00,0.0036,3.6384,3.1285,7.015,"netlists/B_100n_MIR_CS.cir(case=1,temp=27,Vdd=4.5):dc_sweep_i(Vout)"
B_100n,B,MIR_CS,4.5,FF,150,1e-07,1.00005e-07,9.99985e-08,1.00005,0.99998,2.92593e-05,3.41764e+11,2.00,0.0029,3.8574,3.2286,7.015,"netlists/B_100n_MIR_CS.cir(case=1,temp=150,Vdd=4.5):dc_sweep_i(Vout)"
B_100n,B,MIR_CS,4.5,SS,-55,1e-07,1.00003e-07,9.9995e-08,1.00003,0.99995,3.48197e-05,2.87196e+11,2.00,0.0035,3.3843,2.8555,7.015,"netlists/B_100n_MIR_CS.cir(case=2,temp=-55,Vdd=4.5):dc_sweep_i(Vout)"
B_100n,B,MIR_CS,4.5,SS,27,1e-07,1.00003e-07,9.99966e-08,1.00003,0.99997,2.67204e-05,3.74246e+11,2.00,0.0027,3.6153,2.9242,7.015,"netlists/B_100n_MIR_CS.cir(case=2,temp=27,Vdd=4.5):dc_sweep_i(Vout)"
B_100n,B,MIR_CS,4.5,SS,150,1e-07,1.00003e-07,9.99977e-08,1.00003,0.99998,2.22856e-05,4.48717e+11,2.00,0.0022,3.8578,3.0156,7.015,"netlists/B_100n_MIR_CS.cir(case=2,temp=150,Vdd=4.5):dc_sweep_i(Vout)"
B_100n,B,MIR_CS,4.5,FS,-55,1e-07,1.00003e-07,9.99951e-08,1.00003,0.99995,3.45916e-05,2.89089e+11,2.00,0.0035,3.3884,2.8588,7.015,"netlists/B_100n_MIR_CS.cir(case=3,temp=-55,Vdd=4.5):dc_sweep_i(Vout)"
B_100n,B,MIR_CS,4.5,FS,27,1e-07,1.00003e-07,9.99967e-08,1.00003,0.99997,2.65733e-05,3.76318e+11,2.00,0.0027,3.6198,2.9279,7.015,"netlists/B_100n_MIR_CS.cir(case=3,temp=27,Vdd=4.5):dc_sweep_i(Vout)"
B_100n,B,MIR_CS,4.5,FS,150,1e-07,1.00003e-07,9.99977e-08,1.00003,0.99998,2.21809e-05,4.50835e+11,2.00,0.0022,3.8619,3.0199,7.015,"netlists/B_100n_MIR_CS.cir(case=3,temp=150,Vdd=4.5):dc_sweep_i(Vout)"
B_100n,B,MIR_CS,4.5,SF,-55,1e-07,1.00006e-07,9.99952e-08,1.00006,0.99995,4.88257e-05,2.04807e+11,2.00,0.0049,3.4434,3.0518,7.015,"netlists/B_100n_MIR_CS.cir(case=4,temp=-55,Vdd=4.5):dc_sweep_i(Vout)"
B_100n,B,MIR_CS,4.5,SF,27,1e-07,1.00005e-07,9.99971e-08,1.00005,0.99997,3.6155e-05,2.76582e+11,2.00,0.0036,3.6345,3.1251,7.015,"netlists/B_100n_MIR_CS.cir(case=4,temp=27,Vdd=4.5):dc_sweep_i(Vout)"
B_100n,B,MIR_CS,4.5,SF,150,1e-07,1.00005e-07,9.99984e-08,1.00005,0.99998,2.94133e-05,3.39975e+11,2.00,0.0030,3.8535,3.2247,7.015,"netlists/B_100n_MIR_CS.cir(case=4,temp=150,Vdd=4.5):dc_sweep_i(Vout)"
B_100n,B,MIR_CS,5.0,TT,-55,1e-07,1.00006e-07,9.99961e-08,1.00006,0.99996,4.06876e-05,2.45769e+11,2.00,0.0041,3.9081,3.4550,7.015,"netlists/B_100n_MIR_CS.cir(case=0,temp=-55,Vdd=5.0):dc_sweep_i(Vout)"
B_100n,B,MIR_CS,5.0,TT,27,1e-07,1.00005e-07,9.99976e-08,1.00005,0.99998,3.07113e-05,3.25606e+11,2.00,0.0031,4.1170,3.5263,7.015,"netlists/B_100n_MIR_CS.cir(case=0,temp=27,Vdd=5.0):dc_sweep_i(Vout)"
B_100n,B,MIR_CS,5.0,TT,150,1e-07,1.00005e-07,9.99987e-08,1.00005,0.99999,2.53066e-05,3.95145e+11,2.00,0.0025,4.3486,3.6221,7.015,"netlists/B_100n_MIR_CS.cir(case=0,temp=150,Vdd=5.0):dc_sweep_i(Vout)"
B_100n,B,MIR_CS,5.0,FF,-55,1e-07,1.00009e-07,9.99965e-08,1.00009,0.99997,4.79179e-05,2.08682e+11,2.00,0.0048,3.9461,3.5531,7.015,"netlists/B_100n_MIR_CS.cir(case=1,temp=-55,Vdd=5.0):dc_sweep_i(Vout)"
B_100n,B,MIR_CS,5.0,FF,27,1e-07,1.00007e-07,9.99981e-08,1.00007,0.99998,3.56402e-05,2.80572e+11,2.00,0.0036,4.1375,3.6269,7.015,"netlists/B_100n_MIR_CS.cir(case=1,temp=27,Vdd=5.0):dc_sweep_i(Vout)"
B_100n,B,MIR_CS,5.0,FF,150,1e-07,1.00007e-07,9.99992e-08,1.00007,0.99999,2.90928e-05,3.43716e+11,2.00,0.0029,4.3566,3.7269,7.015,"netlists/B_100n_MIR_CS.cir(case=1,temp=150,Vdd=5.0):dc_sweep_i(Vout)"
B_100n,B,MIR_CS,5.0,SS,-55,1e-07,1.00005e-07,9.99959e-08,1.00005,0.99996,3.44612e-05,2.90178e+11,2.00,0.0035,3.8834,3.3539,7.015,"netlists/B_100n_MIR_CS.cir(case=2,temp=-55,Vdd=5.0):dc_sweep_i(Vout)"
B_100n,B,MIR_CS,5.0,SS,27,1e-07,1.00004e-07,9.99973e-08,1.00004,0.99997,2.65057e-05,3.77273e+11,2.00,0.0027,4.1144,3.4227,7.015,"netlists/B_100n_MIR_CS.cir(case=2,temp=27,Vdd=5.0):dc_sweep_i(Vout)"
B_100n,B,MIR_CS,5.0,SS,150,1e-07,1.00004e-07,9.99983e-08,1.00004,0.99998,2.21386e-05,4.51692e+11,2.00,0.0022,4.3571,3.5140,7.015,"netlists/B_100n_MIR_CS.cir(case=2,temp=150,Vdd=5.0):dc_sweep_i(Vout)"
B_100n,B,MIR_CS,5.0,FS,-55,1e-07,1.00005e-07,9.9996e-08,1.00005,0.99996,3.42387e-05,2.92064e+11,2.00,0.0034,3.8875,3.3572,7.015,"netlists/B_100n_MIR_CS.cir(case=3,temp=-55,Vdd=5.0):dc_sweep_i(Vout)"
B_100n,B,MIR_CS,5.0,FS,27,1e-07,1.00004e-07,9.99974e-08,1.00004,0.99997,2.63623e-05,3.79325e+11,2.00,0.0026,4.1189,3.4263,7.015,"netlists/B_100n_MIR_CS.cir(case=3,temp=27,Vdd=5.0):dc_sweep_i(Vout)"
B_100n,B,MIR_CS,5.0,FS,150,1e-07,1.00004e-07,9.99983e-08,1.00004,0.99998,2.20373e-05,4.53768e+11,2.00,0.0022,4.3612,3.5182,7.015,"netlists/B_100n_MIR_CS.cir(case=3,temp=150,Vdd=5.0):dc_sweep_i(Vout)"
B_100n,B,MIR_CS,5.0,SF,-55,1e-07,1.00009e-07,9.99965e-08,1.00009,0.99996,4.82347e-05,2.07312e+11,2.00,0.0049,3.9425,3.5501,7.015,"netlists/B_100n_MIR_CS.cir(case=4,temp=-55,Vdd=5.0):dc_sweep_i(Vout)"
B_100n,B,MIR_CS,5.0,SF,27,1e-07,1.00007e-07,9.99981e-08,1.00007,0.99998,3.58474e-05,2.78951e+11,2.00,0.0036,4.1336,3.6234,7.015,"netlists/B_100n_MIR_CS.cir(case=4,temp=27,Vdd=5.0):dc_sweep_i(Vout)"
B_100n,B,MIR_CS,5.0,SF,150,1e-07,1.00007e-07,9.99992e-08,1.00007,0.99999,2.92406e-05,3.41978e+11,2.00,0.0029,4.3527,3.7230,7.015,"netlists/B_100n_MIR_CS.cir(case=4,temp=150,Vdd=5.0):dc_sweep_i(Vout)"
B_100n,B,MIR_CS,5.5,TT,-55,1e-07,1.00008e-07,9.99972e-08,1.00008,0.99997,4.04444e-05,2.47242e+11,2.00,0.0041,4.4072,3.9533,7.015,"netlists/B_100n_MIR_CS.cir(case=0,temp=-55,Vdd=5.5):dc_sweep_i(Vout)"
B_100n,B,MIR_CS,5.5,TT,27,1e-07,1.00007e-07,9.99984e-08,1.00007,0.99998,3.06515e-05,3.26236e+11,2.00,0.0031,4.6161,4.0247,7.015,"netlists/B_100n_MIR_CS.cir(case=0,temp=27,Vdd=5.5):dc_sweep_i(Vout)"
B_100n,B,MIR_CS,5.5,TT,150,1e-07,1.00006e-07,9.99994e-08,1.00006,0.99999,2.53458e-05,3.94527e+11,2.00,0.0026,4.8477,4.1205,7.015,"netlists/B_100n_MIR_CS.cir(case=0,temp=150,Vdd=5.5):dc_sweep_i(Vout)"
B_100n,B,MIR_CS,5.5,FF,-55,1e-07,1.00011e-07,9.99978e-08,1.00011,0.99998,4.76212e-05,2.09977e+11,2.00,0.0048,4.4452,4.0514,7.015,"netlists/B_100n_MIR_CS.cir(case=1,temp=-55,Vdd=5.5):dc_sweep_i(Vout)"
B_100n,B,MIR_CS,5.5,FF,27,1e-07,1.00009e-07,9.9999e-08,1.00009,0.99999,3.56064e-05,2.80833e+11,2.00,0.0036,4.6366,4.1252,7.015,"netlists/B_100n_MIR_CS.cir(case=1,temp=27,Vdd=5.5):dc_sweep_i(Vout)"
B_100n,B,MIR_CS,5.5,FF,150,1e-07,1.00008e-07,1e-07,1.00008,1.00000,2.921e-05,3.42331e+11,2.00,0.0030,4.8557,4.2251,7.015,"netlists/B_100n_MIR_CS.cir(case=1,temp=150,Vdd=5.5):dc_sweep_i(Vout)"
B_100n,B,MIR_CS,5.5,SS,-55,1e-07,1.00006e-07,9.99968e-08,1.00006,0.99997,3.42652e-05,2.91833e+11,2.00,0.0034,4.3825,3.8523,7.015,"netlists/B_100n_MIR_CS.cir(case=2,temp=-55,Vdd=5.5):dc_sweep_i(Vout)"
B_100n,B,MIR_CS,5.5,SS,27,1e-07,1.00005e-07,9.9998e-08,1.00005,0.99998,2.64344e-05,3.78285e+11,2.00,0.0027,4.6135,3.9211,7.015,"netlists/B_100n_MIR_CS.cir(case=2,temp=27,Vdd=5.5):dc_sweep_i(Vout)"
B_100n,B,MIR_CS,5.5,SS,150,1e-07,1.00005e-07,9.99989e-08,1.00005,0.99999,2.21302e-05,4.51859e+11,2.00,0.0022,4.8563,4.0123,7.015,"netlists/B_100n_MIR_CS.cir(case=2,temp=150,Vdd=5.5):dc_sweep_i(Vout)"
B_100n,B,MIR_CS,5.5,FS,-55,1e-07,1.00006e-07,9.99969e-08,1.00006,0.99997,3.40529e-05,2.93653e+11,2.00,0.0034,4.3866,3.8556,7.015,"netlists/B_100n_MIR_CS.cir(case=3,temp=-55,Vdd=5.5):dc_sweep_i(Vout)"
B_100n,B,MIR_CS,5.5,FS,27,1e-07,1.00005e-07,9.9998e-08,1.00005,0.99998,2.62994e-05,3.80226e+11,2.00,0.0026,4.6180,3.9248,7.015,"netlists/B_100n_MIR_CS.cir(case=3,temp=27,Vdd=5.5):dc_sweep_i(Vout)"
B_100n,B,MIR_CS,5.5,FS,150,1e-07,1.00005e-07,9.99989e-08,1.00005,0.99999,2.20358e-05,4.53794e+11,2.00,0.0022,4.8604,4.0165,7.015,"netlists/B_100n_MIR_CS.cir(case=3,temp=150,Vdd=5.5):dc_sweep_i(Vout)"
B_100n,B,MIR_CS,5.5,SF,-55,1e-07,1.00011e-07,9.99977e-08,1.00011,0.99998,4.79175e-05,2.08679e+11,2.00,0.0048,4.4416,4.0482,7.015,"netlists/B_100n_MIR_CS.cir(case=4,temp=-55,Vdd=5.5):dc_sweep_i(Vout)"
B_100n,B,MIR_CS,5.5,SF,27,1e-07,1.00009e-07,9.9999e-08,1.00009,0.99999,3.5795e-05,2.79354e+11,2.00,0.0036,4.6327,4.1217,7.015,"netlists/B_100n_MIR_CS.cir(case=4,temp=27,Vdd=5.5):dc_sweep_i(Vout)"
B_100n,B,MIR_CS,5.5,SF,150,1e-07,1.00008e-07,9.99999e-08,1.00008,1.00000,2.93382e-05,3.40835e+11,2.00,0.0030,4.8519,4.2213,7.015,"netlists/B_100n_MIR_CS.cir(case=4,temp=150,Vdd=5.5):dc_sweep_i(Vout)"
B_100n,B,MIR_CW,3.2,TT,-55,1e-07,6.66558e-08,6.63159e-08,0.66656,0.66316,0.00321485,4.68148e+09,2.00,0.3257,2.6800,0.3182,7.015,"netlists/B_100n_MIR_CW.cir(case=0,temp=-55,Vdd=3.2):dc_sweep_i(Vout)"
B_100n,B,MIR_CW,3.2,TT,27,1e-07,1.00011e-07,1.00001e-07,1.00011,1.00001,6.20948e-05,1.61036e+11,2.00,0.0063,2.9006,2.7433,7.015,"netlists/B_100n_MIR_CW.cir(case=0,temp=27,Vdd=3.2):dc_sweep_i(Vout)"
B_100n,B,MIR_CW,3.2,TT,150,1e-07,1.00008e-07,1.00001e-07,1.00008,1.00001,4.40154e-05,2.27185e+11,2.00,0.0045,2.8365,2.6425,7.015,"netlists/B_100n_MIR_CW.cir(case=0,temp=150,Vdd=3.2):dc_sweep_i(Vout)"
B_100n,B,MIR_CW,3.2,FF,-55,1e-07,1.00012e-07,1.00001e-07,1.00012,1.00001,6.79292e-05,1.47204e+11,2.00,0.0069,2.9490,2.7696,7.015,"netlists/B_100n_MIR_CW.cir(case=1,temp=-55,Vdd=3.2):dc_sweep_i(Vout)"
B_100n,B,MIR_CW,3.2,FF,27,1e-07,1.00009e-07,1.00001e-07,1.00009,1.00001,4.83853e-05,2.06666e+11,2.00,0.0049,2.9133,2.7031,7.015,"netlists/B_100n_MIR_CW.cir(case=1,temp=27,Vdd=3.2):dc_sweep_i(Vout)"
B_100n,B,MIR_CW,3.2,FF,150,1e-07,1.00007e-07,1.00001e-07,1.00007,1.00001,3.72727e-05,2.68283e+11,2.00,0.0038,2.8594,2.6013,7.015,"netlists/B_100n_MIR_CW.cir(case=1,temp=150,Vdd=3.2):dc_sweep_i(Vout)"
B_100n,B,MIR_CW,3.2,SS,-55,1e-07,1.00048e-07,9.99998e-08,1.00048,1.00000,0.000304377,3.28481e+10,2.00,0.0311,2.9195,2.7425,7.015,"netlists/B_100n_MIR_CW.cir(case=2,temp=-55,Vdd=3.2):dc_sweep_i(Vout)"
B_100n,B,MIR_CW,3.2,SS,27,1e-07,1.0003e-07,1.00001e-07,1.00030,1.00001,0.000182488,5.47914e+10,2.00,0.0186,2.8631,2.7259,7.015,"netlists/B_100n_MIR_CW.cir(case=2,temp=27,Vdd=3.2):dc_sweep_i(Vout)"
B_100n,B,MIR_CW,3.2,SS,150,1e-07,1.00018e-07,1.00002e-07,1.00018,1.00002,0.000105023,9.52096e+10,2.00,0.0108,2.7851,2.6312,7.015,"netlists/B_100n_MIR_CW.cir(case=2,temp=150,Vdd=3.2):dc_sweep_i(Vout)"
B_100n,B,MIR_CW,3.2,FS,-55,1e-07,3.45474e-11,3.28965e-11,0.00035,0.00033,0.0307911,9.69005e+11,2.00,3.0801,0.3350,0.0335,7.015,"netlists/B_100n_MIR_CW.cir(case=3,temp=-55,Vdd=3.2):dc_sweep_i(Vout)"
B_100n,B,MIR_CW,3.2,FS,27,1e-07,1.00029e-07,1.00001e-07,1.00029,1.00001,0.000172894,5.78324e+10,2.00,0.0177,2.8644,2.7289,7.015,"netlists/B_100n_MIR_CW.cir(case=3,temp=27,Vdd=3.2):dc_sweep_i(Vout)"
B_100n,B,MIR_CW,3.2,FS,150,1e-07,1.00017e-07,1.00002e-07,1.00017,1.00002,9.99203e-05,1.00072e+11,2.00,0.0102,2.7871,2.6327,7.015,"netlists/B_100n_MIR_CW.cir(case=3,temp=150,Vdd=3.2):dc_sweep_i(Vout)"
B_100n,B,MIR_CW,3.2,SF,-55,1e-07,1.00012e-07,1.00001e-07,1.00012,1.00001,6.87608e-05,1.45424e+11,2.00,0.0070,2.9489,2.7707,7.015,"netlists/B_100n_MIR_CW.cir(case=4,temp=-55,Vdd=3.2):dc_sweep_i(Vout)"
B_100n,B,MIR_CW,3.2,SF,27,1e-07,1.00009e-07,1.00001e-07,1.00009,1.00001,4.89417e-05,2.04316e+11,2.00,0.0050,2.9130,2.7043,7.015,"netlists/B_100n_MIR_CW.cir(case=4,temp=27,Vdd=3.2):dc_sweep_i(Vout)"
B_100n,B,MIR_CW,3.2,SF,150,1e-07,1.00007e-07,1.00001e-07,1.00007,1.00001,3.76492e-05,2.656e+11,2.00,0.0038,2.8587,2.6024,7.015,"netlists/B_100n_MIR_CW.cir(case=4,temp=150,Vdd=3.2):dc_sweep_i(Vout)"
B_100n,B,MIR_CW,4.5,TT,-55,1e-07,6.69282e-08,6.64558e-08,0.66928,0.66456,0.00312297,4.79945e+09,2.00,0.3156,3.1594,0.3090,7.015,"netlists/B_100n_MIR_CW.cir(case=0,temp=-55,Vdd=4.5):dc_sweep_i(Vout)"
B_100n,B,MIR_CW,4.5,TT,27,1e-07,1.00019e-07,1.00005e-07,1.00019,1.00005,6.02701e-05,1.65899e+11,2.00,0.0061,4.2002,4.0384,7.015,"netlists/B_100n_MIR_CW.cir(case=0,temp=27,Vdd=4.5):dc_sweep_i(Vout)"
B_100n,B,MIR_CW,4.5,TT,150,1e-07,1.00014e-07,1.00004e-07,1.00014,1.00004,4.28232e-05,2.33496e+11,2.00,0.0043,4.1361,3.9382,7.015,"netlists/B_100n_MIR_CW.cir(case=0,temp=150,Vdd=4.5):dc_sweep_i(Vout)"
B_100n,B,MIR_CW,4.5,FF,-55,1e-07,1.00021e-07,1.00006e-07,1.00021,1.00006,6.55066e-05,1.52635e+11,2.00,0.0066,4.2482,4.0644,7.015,"netlists/B_100n_MIR_CW.cir(case=1,temp=-55,Vdd=4.5):dc_sweep_i(Vout)"
B_100n,B,MIR_CW,4.5,FF,27,1e-07,1.00015e-07,1.00005e-07,1.00015,1.00005,4.70719e-05,2.12419e+11,2.00,0.0047,4.2128,3.9988,7.015,"netlists/B_100n_MIR_CW.cir(case=1,temp=27,Vdd=4.5):dc_sweep_i(Vout)"
B_100n,B,MIR_CW,4.5,FF,150,1e-07,1.00012e-07,1.00004e-07,1.00012,1.00004,3.63016e-05,2.75446e+11,2.00,0.0036,4.1589,3.8971,7.015,"netlists/B_100n_MIR_CW.cir(case=1,temp=150,Vdd=4.5):dc_sweep_i(Vout)"
B_100n,B,MIR_CW,4.5,SS,-55,1e-07,1.00085e-07,1.0002e-07,1.00085,1.00020,0.000288324,3.46636e+10,2.00,0.0291,4.2175,3.3464,7.015,"netlists/B_100n_MIR_CW.cir(case=2,temp=-55,Vdd=4.5):dc_sweep_i(Vout)"
B_100n,B,MIR_CW,4.5,SS,27,1e-07,1.00053e-07,1.00013e-07,1.00053,1.00013,0.00017513,5.70802e+10,2.00,0.0177,4.1618,3.9985,7.015,"netlists/B_100n_MIR_CW.cir(case=2,temp=27,Vdd=4.5):dc_sweep_i(Vout)"
B_100n,B,MIR_CW,4.5,SS,150,1e-07,1.00032e-07,1.00009e-07,1.00032,1.00009,0.000101152,9.88403e+10,2.00,0.0102,4.0842,3.9212,7.015,"netlists/B_100n_MIR_CW.cir(case=2,temp=150,Vdd=4.5):dc_sweep_i(Vout)"
B_100n,B,MIR_CW,4.5,FS,-55,1e-07,3.58885e-11,3.35674e-11,0.00036,0.00034,0.0295892,9.6957e+11,2.00,2.9597,0.3476,0.0347,7.015,"netlists/B_100n_MIR_CW.cir(case=3,temp=-55,Vdd=4.5):dc_sweep_i(Vout)"
B_100n,B,MIR_CW,4.5,FS,27,1e-07,1.0005e-07,1.00012e-07,1.00050,1.00012,0.000166162,6.01622e+10,2.00,0.0168,4.1632,4.0052,7.015,"netlists/B_100n_MIR_CW.cir(case=3,temp=27,Vdd=4.5):dc_sweep_i(Vout)"
B_100n,B,MIR_CW,4.5,FS,150,1e-07,1.0003e-07,1.00008e-07,1.00030,1.00008,9.63565e-05,1.0376e+11,2.00,0.0097,4.0862,3.9234,7.015,"netlists/B_100n_MIR_CW.cir(case=3,temp=150,Vdd=4.5):dc_sweep_i(Vout)"
B_100n,B,MIR_CW,4.5,SF,-55,1e-07,1.00021e-07,1.00006e-07,1.00021,1.00006,6.62686e-05,1.5088e+11,2.00,0.0067,4.2482,4.0655,7.015,"netlists/B_100n_MIR_CW.cir(case=4,temp=-55,Vdd=4.5):dc_sweep_i(Vout)"
B_100n,B,MIR_CW,4.5,SF,27,1e-07,1.00015e-07,1.00005e-07,1.00015,1.00005,4.75894e-05,2.10108e+11,2.00,0.0048,4.2125,4.0000,7.015,"netlists/B_100n_MIR_CW.cir(case=4,temp=27,Vdd=4.5):dc_sweep_i(Vout)"
B_100n,B,MIR_CW,4.5,SF,150,1e-07,1.00012e-07,1.00004e-07,1.00012,1.00004,3.66544e-05,2.72795e+11,2.00,0.0037,4.1582,3.8982,7.015,"netlists/B_100n_MIR_CW.cir(case=4,temp=150,Vdd=4.5):dc_sweep_i(Vout)"
B_100n,B,MIR_CW,5.0,TT,-55,1e-07,6.70454e-08,6.65089e-08,0.67045,0.66509,0.00318418,4.69972e+09,2.00,0.3319,3.1276,0.2765,7.015,"netlists/B_100n_MIR_CW.cir(case=0,temp=-55,Vdd=5.0):dc_sweep_i(Vout)"
B_100n,B,MIR_CW,5.0,TT,27,1e-07,1.00022e-07,1.00007e-07,1.00022,1.00007,6.13771e-05,1.62902e+11,2.00,0.0064,4.6999,4.5360,7.015,"netlists/B_100n_MIR_CW.cir(case=0,temp=27,Vdd=5.0):dc_sweep_i(Vout)"
B_100n,B,MIR_CW,5.0,TT,150,1e-07,1.00016e-07,1.00005e-07,1.00016,1.00005,4.35648e-05,2.29516e+11,2.00,0.0045,4.6359,4.4362,7.015,"netlists/B_100n_MIR_CW.cir(case=0,temp=150,Vdd=5.0):dc_sweep_i(Vout)"
B_100n,B,MIR_CW,5.0,FF,-55,1e-07,1.00024e-07,1.00008e-07,1.00024,1.00008,6.60497e-05,1.51375e+11,2.00,0.0067,4.7479,4.5622,7.015,"netlists/B_100n_MIR_CW.cir(case=1,temp=-55,Vdd=5.0):dc_sweep_i(Vout)"
B_100n,B,MIR_CW,5.0,FF,27,1e-07,1.00018e-07,1.00006e-07,1.00018,1.00006,4.76534e-05,2.09822e+11,2.00,0.0049,4.7126,4.4969,7.015,"netlists/B_100n_MIR_CW.cir(case=1,temp=27,Vdd=5.0):dc_sweep_i(Vout)"
B_100n,B,MIR_CW,5.0,FF,150,1e-07,1.00014e-07,1.00005e-07,1.00014,1.00005,3.67201e-05,2.72302e+11,2.00,0.0038,4.6587,4.3953,7.015,"netlists/B_100n_MIR_CW.cir(case=1,temp=150,Vdd=5.0):dc_sweep_i(Vout)"
B_100n,B,MIR_CW,5.0,SS,-55,1e-07,1.00102e-07,1.00027e-07,1.00102,1.00027,0.000293278,3.40731e+10,2.00,0.0306,4.7166,3.3409,7.015,"netlists/B_100n_MIR_CW.cir(case=2,temp=-55,Vdd=5.0):dc_sweep_i(Vout)"
B_100n,B,MIR_CW,5.0,SS,27,1e-07,1.00063e-07,1.00018e-07,1.00063,1.00018,0.000179654,5.5638e+10,2.00,0.0188,4.6613,4.4760,7.015,"netlists/B_100n_MIR_CW.cir(case=2,temp=27,Vdd=5.0):dc_sweep_i(Vout)"
B_100n,B,MIR_CW,5.0,SS,150,1e-07,1.00037e-07,1.00011e-07,1.00037,1.00011,0.000103788,9.63244e+10,2.00,0.0109,4.5838,4.4160,7.015,"netlists/B_100n_MIR_CW.cir(case=2,temp=150,Vdd=5.0):dc_sweep_i(Vout)"
B_100n,B,MIR_CW,5.0,FS,-55,1e-07,3.6406e-11,3.38254e-11,0.00036,0.00034,0.0291755,9.68977e+11,2.00,2.9210,0.3515,0.0351,7.015,"netlists/B_100n_MIR_CW.cir(case=3,temp=-55,Vdd=5.0):dc_sweep_i(Vout)"
B_100n,B,MIR_CW,5.0,FS,27,1e-07,1.0006e-07,1.00017e-07,1.00060,1.00017,0.000170807,5.8521e+10,2.00,0.0179,4.6627,4.4880,7.015,"netlists/B_100n_MIR_CW.cir(case=3,temp=27,Vdd=5.0):dc_sweep_i(Vout)"
B_100n,B,MIR_CW,5.0,FS,150,1e-07,1.00036e-07,1.00011e-07,1.00036,1.00011,9.90522e-05,1.00931e+11,2.00,0.0105,4.5858,4.4188,7.015,"netlists/B_100n_MIR_CW.cir(case=3,temp=150,Vdd=5.0):dc_sweep_i(Vout)"
B_100n,B,MIR_CW,5.0,SF,-55,1e-07,1.00024e-07,1.00008e-07,1.00024,1.00008,6.67482e-05,1.4979e+11,2.00,0.0068,4.7479,4.5633,7.015,"netlists/B_100n_MIR_CW.cir(case=4,temp=-55,Vdd=5.0):dc_sweep_i(Vout)"
B_100n,B,MIR_CW,5.0,SF,27,1e-07,1.00018e-07,1.00006e-07,1.00018,1.00006,4.81268e-05,2.07758e+11,2.00,0.0049,4.7122,4.4980,7.015,"netlists/B_100n_MIR_CW.cir(case=4,temp=27,Vdd=5.0):dc_sweep_i(Vout)"
B_100n,B,MIR_CW,5.0,SF,150,1e-07,1.00014e-07,1.00005e-07,1.00014,1.00005,3.70455e-05,2.6991e+11,2.00,0.0038,4.6581,4.3964,7.015,"netlists/B_100n_MIR_CW.cir(case=4,temp=150,Vdd=5.0):dc_sweep_i(Vout)"
B_100n,B,MIR_CW,5.5,TT,-55,1e-07,6.71859e-08,6.65615e-08,0.67186,0.66562,0.0034158,4.37373e+09,2.00,0.3742,2.9756,0.2239,7.015,"netlists/B_100n_MIR_CW.cir(case=0,temp=-55,Vdd=5.5):dc_sweep_i(Vout)"
B_100n,B,MIR_CW,5.5,TT,27,1e-07,1.00026e-07,1.00008e-07,1.00026,1.00008,6.57513e-05,1.52059e+11,2.00,0.0072,5.1996,5.0332,7.015,"netlists/B_100n_MIR_CW.cir(case=0,temp=27,Vdd=5.5):dc_sweep_i(Vout)"
B_100n,B,MIR_CW,5.5,TT,150,1e-07,1.00019e-07,1.00006e-07,1.00019,1.00006,4.6566e-05,2.14719e+11,2.00,0.0051,5.1357,4.9339,7.015,"netlists/B_100n_MIR_CW.cir(case=0,temp=150,Vdd=5.5):dc_sweep_i(Vout)"
B_100n,B,MIR_CW,5.5,FF,-55,1e-07,1.00028e-07,1.00009e-07,1.00028,1.00009,6.91619e-05,1.44558e+11,2.00,0.0073,5.2476,5.0597,7.015,"netlists/B_100n_MIR_CW.cir(case=1,temp=-55,Vdd=5.5):dc_sweep_i(Vout)"
B_100n,B,MIR_CW,5.5,FF,27,1e-07,1.00021e-07,1.00007e-07,1.00021,1.00007,5.02297e-05,1.99055e+11,2.00,0.0054,5.2123,4.9947,7.015,"netlists/B_100n_MIR_CW.cir(case=1,temp=27,Vdd=5.5):dc_sweep_i(Vout)"
B_100n,B,MIR_CW,5.5,FF,150,1e-07,1.00016e-07,1.00006e-07,1.00016,1.00006,3.86183e-05,2.58913e+11,2.00,0.0041,5.1585,4.8931,7.015,"netlists/B_100n_MIR_CW.cir(case=1,temp=150,Vdd=5.5):dc_sweep_i(Vout)"
B_100n,B,MIR_CW,5.5,SS,-55,1e-07,1.00121e-07,1.00035e-07,1.00121,1.00035,0.00031637,3.15812e+10,2.00,0.0348,5.2156,3.2003,7.015,"netlists/B_100n_MIR_CW.cir(case=2,temp=-55,Vdd=5.5):dc_sweep_i(Vout)"
B_100n,B,MIR_CW,5.5,SS,27,1e-07,1.00076e-07,1.00022e-07,1.00076,1.00022,0.000197059,5.07189e+10,2.00,0.0219,5.1606,4.9067,7.015,"netlists/B_100n_MIR_CW.cir(case=2,temp=27,Vdd=5.5):dc_sweep_i(Vout)"
B_100n,B,MIR_CW,5.5,SS,150,1e-07,1.00045e-07,1.00014e-07,1.00045,1.00014,0.00011407,8.76376e+10,2.00,0.0129,5.0833,4.9088,7.015,"netlists/B_100n_MIR_CW.cir(case=2,temp=150,Vdd=5.5):dc_sweep_i(Vout)"
B_100n,B,MIR_CW,5.5,FS,-55,1e-07,3.69269e-11,3.40833e-11,0.00037,0.00034,0.0288184,9.66858e+11,2.00,2.8905,0.3540,0.0353,7.015,"netlists/B_100n_MIR_CW.cir(case=3,temp=-55,Vdd=5.5):dc_sweep_i(Vout)"
B_100n,B,MIR_CW,5.5,FS,27,1e-07,1.00072e-07,1.00021e-07,1.00072,1.00021,0.000188089,5.31393e+10,2.00,0.0210,5.1620,4.9447,7.015,"netlists/B_100n_MIR_CW.cir(case=3,temp=27,Vdd=5.5):dc_sweep_i(Vout)"
B_100n,B,MIR_CW,5.5,FS,150,1e-07,1.00043e-07,1.00013e-07,1.00043,1.00013,0.000109269,9.14895e+10,2.00,0.0124,5.0853,4.9119,7.015,"netlists/B_100n_MIR_CW.cir(case=3,temp=150,Vdd=5.5):dc_sweep_i(Vout)"
B_100n,B,MIR_CW,5.5,SF,-55,1e-07,1.00028e-07,1.00009e-07,1.00028,1.00009,6.97372e-05,1.43365e+11,2.00,0.0073,5.2475,5.0607,7.015,"netlists/B_100n_MIR_CW.cir(case=4,temp=-55,Vdd=5.5):dc_sweep_i(Vout)"
B_100n,B,MIR_CW,5.5,SF,27,1e-07,1.00021e-07,1.00007e-07,1.00021,1.00007,5.06131e-05,1.97547e+11,2.00,0.0054,5.2120,4.9958,7.015,"netlists/B_100n_MIR_CW.cir(case=4,temp=27,Vdd=5.5):dc_sweep_i(Vout)"
B_100n,B,MIR_CW,5.5,SF,150,1e-07,1.00016e-07,1.00006e-07,1.00016,1.00006,3.88785e-05,2.5718e+11,2.00,0.0042,5.1578,4.8942,7.015,"netlists/B_100n_MIR_CW.cir(case=4,temp=150,Vdd=5.5):dc_sweep_i(Vout)"
B_1u,B,MIR_S,3.2,TT,-55,1e-06,1.04447e-06,1.00607e-06,1.04447,1.00607,0.023529,4.16481e+07,2.00,2.3585,0.4353,0.0434,33.170,"netlists/B_1u_MIR_S.cir(case=0,temp=-55,Vdd=3.2):dc_sweep_i(Vout)"
B_1u,B,MIR_S,3.2,TT,27,1e-06,1.03422e-06,1.00578e-06,1.03422,1.00578,0.0175066,5.6197e+07,2.00,1.7569,0.5825,0.0581,33.170,"netlists/B_1u_MIR_S.cir(case=0,temp=27,Vdd=3.2):dc_sweep_i(Vout)"
B_1u,B,MIR_S,3.2,TT,150,1e-06,1.02782e-06,1.00592e-06,1.02782,1.00592,0.0135198,7.29345e+07,2.00,1.3594,0.7528,0.0751,33.170,"netlists/B_1u_MIR_S.cir(case=0,temp=150,Vdd=3.2):dc_sweep_i(Vout)"
B_1u,B,MIR_S,3.2,FF,-55,1e-06,1.05476e-06,1.00986e-06,1.05476,1.00986,0.0273473,3.56158e+07,2.00,2.7403,0.3758,0.0375,33.170,"netlists/B_1u_MIR_S.cir(case=1,temp=-55,Vdd=3.2):dc_sweep_i(Vout)"
B_1u,B,MIR_S,3.2,FF,27,1e-06,1.04224e-06,1.0089e-06,1.04224,1.00890,0.020415,4.7957e+07,2.00,2.0478,0.5006,0.0500,33.170,"netlists/B_1u_MIR_S.cir(case=1,temp=27,Vdd=3.2):dc_sweep_i(Vout)"
B_1u,B,MIR_S,3.2,FF,150,1e-06,1.03444e-06,1.0087e-06,1.03444,1.00870,0.0158198,6.20725e+07,2.00,1.5896,0.6444,0.0643,33.170,"netlists/B_1u_MIR_S.cir(case=1,temp=150,Vdd=3.2):dc_sweep_i(Vout)"
B_1u,B,MIR_S,3.2,SS,-55,1e-06,1.03548e-06,1.00307e-06,1.03548,1.00307,0.0199689,4.93268e+07,2.00,2.0025,0.5115,0.0510,33.170,"netlists/B_1u_MIR_S.cir(case=2,temp=-55,Vdd=3.2):dc_sweep_i(Vout)"
B_1u,B,MIR_S,3.2,SS,27,1e-06,1.02724e-06,1.00328e-06,1.02724,1.00328,0.014809,6.67077e+07,2.00,1.4871,0.6872,0.0686,33.170,"netlists/B_1u_MIR_S.cir(case=2,temp=27,Vdd=3.2):dc_sweep_i(Vout)"
B_1u,B,MIR_S,3.2,SS,150,1e-06,1.02207e-06,1.00367e-06,1.02207,1.00367,0.0113981,8.68153e+07,2.00,1.1471,0.8916,0.0890,33.170,"netlists/B_1u_MIR_S.cir(case=2,temp=150,Vdd=3.2):dc_sweep_i(Vout)"
B_1u,B,MIR_S,3.2,FS,-55,1e-06,1.03542e-06,1.00309e-06,1.03542,1.00309,0.0199172,4.94556e+07,2.00,1.9973,0.5127,0.0512,33.170,"netlists/B_1u_MIR_S.cir(case=3,temp=-55,Vdd=3.2):dc_sweep_i(Vout)"
B_1u,B,MIR_S,3.2,FS,27,1e-06,1.0272e-06,1.0033e-06,1.02720,1.00330,0.0147732,6.68702e+07,2.00,1.4835,0.6888,0.0687,33.170,"netlists/B_1u_MIR_S.cir(case=3,temp=27,Vdd=3.2):dc_sweep_i(Vout)"
B_1u,B,MIR_S,3.2,FS,150,1e-06,1.02204e-06,1.00369e-06,1.02204,1.00369,0.0113717,8.70179e+07,2.00,1.1444,0.8937,0.0892,33.170,"netlists/B_1u_MIR_S.cir(case=3,temp=150,Vdd=3.2):dc_sweep_i(Vout)"
B_1u,B,MIR_S,3.2,SF,-55,1e-06,1.05485e-06,1.00985e-06,1.05485,1.00985,0.0274063,3.55383e+07,2.00,2.7462,0.3750,0.0374,33.170,"netlists/B_1u_MIR_S.cir(case=4,temp=-55,Vdd=3.2):dc_sweep_i(Vout)"
B_1u,B,MIR_S,3.2,SF,27,1e-06,1.0423e-06,1.00889e-06,1.04230,1.00889,0.0204577,4.78562e+07,2.00,2.0521,0.4997,0.0499,33.170,"netlists/B_1u_MIR_S.cir(case=4,temp=27,Vdd=3.2):dc_sweep_i(Vout)"
B_1u,B,MIR_S,3.2,SF,150,1e-06,1.03448e-06,1.00869e-06,1.03448,1.00869,0.0158521,6.19452e+07,2.00,1.5928,0.6432,0.0642,33.170,"netlists/B_1u_MIR_S.cir(case=4,temp=150,Vdd=3.2):dc_sweep_i(Vout)"
B_1u,B,MIR_S,4.5,TT,-55,1e-06,1.07738e-06,1.02169e-06,1.07738,1.02169,0.02339,4.06421e+07,2.00,2.4173,0.4005,0.0382,33.170,"netlists/B_1u_MIR_S.cir(case=0,temp=-55,Vdd=4.5):dc_sweep_i(Vout)"
B_1u,B,MIR_S,4.5,TT,27,1e-06,1.05886e-06,1.01736e-06,1.05886,1.01736,0.0176072,5.46208e+07,2.00,1.8326,0.5270,0.0492,33.170,"netlists/B_1u_MIR_S.cir(case=0,temp=27,Vdd=4.5):dc_sweep_i(Vout)"
B_1u,B,MIR_S,4.5,TT,150,1e-06,1.04691e-06,1.01484e-06,1.04691,1.01484,0.0136863,7.07916e+07,2.00,1.4327,0.6789,0.0617,33.170,"netlists/B_1u_MIR_S.cir(case=0,temp=150,Vdd=4.5):dc_sweep_i(Vout)"
B_1u,B,MIR_S,4.5,FF,-55,1e-06,1.09313e-06,1.02812e-06,1.09313,1.02812,0.0270233,3.47958e+07,2.00,2.7867,0.3480,0.0335,33.170,"netlists/B_1u_MIR_S.cir(case=1,temp=-55,Vdd=4.5):dc_sweep_i(Vout)"
B_1u,B,MIR_S,4.5,FF,27,1e-06,1.07101e-06,1.02247e-06,1.07101,1.02247,0.0204314,4.66686e+07,2.00,2.1211,0.4545,0.0429,33.170,"netlists/B_1u_MIR_S.cir(case=1,temp=27,Vdd=4.5):dc_sweep_i(Vout)"
B_1u,B,MIR_S,4.5,FF,150,1e-06,1.05681e-06,1.01918e-06,1.05681,1.01918,0.0159534,6.03008e+07,2.00,1.6656,0.5804,0.0536,33.170,"netlists/B_1u_MIR_S.cir(case=1,temp=150,Vdd=4.5):dc_sweep_i(Vout)"
B_1u,B,MIR_S,4.5,SS,-55,1e-06,1.06337e-06,1.01626e-06,1.06337,1.01626,0.0199678,4.80705e+07,2.00,2.0690,0.4677,0.0442,33.170,"netlists/B_1u_MIR_S.cir(case=2,temp=-55,Vdd=4.5):dc_sweep_i(Vout)"
B_1u,B,MIR_S,4.5,SS,27,1e-06,1.04808e-06,1.01304e-06,1.04808,1.01304,0.0149658,6.47501e+07,2.00,1.5624,0.6209,0.0571,33.170,"netlists/B_1u_MIR_S.cir(case=2,temp=27,Vdd=4.5):dc_sweep_i(Vout)"
B_1u,B,MIR_S,4.5,SS,150,1e-06,1.03816e-06,1.01117e-06,1.03816,1.01117,0.0115793,8.41975e+07,2.00,1.2158,0.8075,0.0721,33.170,"netlists/B_1u_MIR_S.cir(case=2,temp=150,Vdd=4.5):dc_sweep_i(Vout)"
B_1u,B,MIR_S,4.5,FS,-55,1e-06,1.06331e-06,1.01624e-06,1.06331,1.01624,0.0199475,4.81228e+07,2.00,2.0703,0.4663,0.0440,33.170,"netlists/B_1u_MIR_S.cir(case=3,temp=-55,Vdd=4.5):dc_sweep_i(Vout)"
B_1u,B,MIR_S,4.5,FS,27,1e-06,1.04806e-06,1.01303e-06,1.04806,1.01303,0.0149578,6.47875e+07,2.00,1.5647,0.6186,0.0567,33.170,"netlists/B_1u_MIR_S.cir(case=3,temp=27,Vdd=4.5):dc_sweep_i(Vout)"
B_1u,B,MIR_S,4.5,FS,150,1e-06,1.03816e-06,1.01117e-06,1.03816,1.01117,0.011577,8.42164e+07,2.00,1.2184,0.8044,0.0715,33.170,"netlists/B_1u_MIR_S.cir(case=3,temp=150,Vdd=4.5):dc_sweep_i(Vout)"
B_1u,B,MIR_S,4.5,SF,-55,1e-06,1.09321e-06,1.02814e-06,1.09321,1.02814,0.0270463,3.47633e+07,2.00,2.7853,0.3491,0.0336,33.170,"netlists/B_1u_MIR_S.cir(case=4,temp=-55,Vdd=4.5):dc_sweep_i(Vout)"
B_1u,B,MIR_S,4.5,SF,27,1e-06,1.07104e-06,1.02248e-06,1.07104,1.02248,0.0204419,4.6642e+07,2.00,2.1187,0.4562,0.0431,33.170,"netlists/B_1u_MIR_S.cir(case=4,temp=27,Vdd=4.5):dc_sweep_i(Vout)"
B_1u,B,MIR_S,4.5,SF,150,1e-06,1.05682e-06,1.0192e-06,1.05682,1.01920,0.0159574,6.02837e+07,2.00,1.6628,0.5827,0.0539,33.170,"netlists/B_1u_MIR_S.cir(case=4,temp=150,Vdd=4.5):dc_sweep_i(Vout)"
B_1u,B,MIR_S,5.0,TT,-55,1e-06,1.09296e-06,1.02768e-06,1.09296,1.02768,0.0245397,3.82718e+07,2.00,2.6481,0.3402,0.0318,33.170,"netlists/B_1u_MIR_S.cir(case=0,temp=-55,Vdd=5.0):dc_sweep_i(Vout)"
B_1u,B,MIR_S,5.0,TT,27,1e-06,1.07103e-06,1.0218e-06,1.07103,1.02180,0.0187721,5.07618e+07,2.00,2.0590,0.4335,0.0392,33.170,"netlists/B_1u_MIR_S.cir(case=0,temp=27,Vdd=5.0):dc_sweep_i(Vout)"
B_1u,B,MIR_S,5.0,TT,150,1e-06,1.05671e-06,1.01826e-06,1.05671,1.01826,0.0147826,6.50696e+07,2.00,1.6447,0.5454,0.0475,33.170,"netlists/B_1u_MIR_S.cir(case=0,temp=150,Vdd=5.0):dc_sweep_i(Vout)"
B_1u,B,MIR_S,5.0,FF,-55,1e-06,1.11104e-06,1.03513e-06,1.11104,1.03513,0.0281836,3.29016e+07,2.00,3.0252,0.2991,0.0283,33.170,"netlists/B_1u_MIR_S.cir(case=1,temp=-55,Vdd=5.0):dc_sweep_i(Vout)"
B_1u,B,MIR_S,5.0,FF,27,1e-06,1.08499e-06,1.02767e-06,1.08499,1.02767,0.0216451,4.35853e+07,2.00,2.3590,0.3782,0.0348,33.170,"netlists/B_1u_MIR_S.cir(case=1,temp=27,Vdd=5.0):dc_sweep_i(Vout)"
B_1u,B,MIR_S,5.0,FF,150,1e-06,1.06808e-06,1.0232e-06,1.06808,1.02320,0.0171213,5.57184e+07,2.00,1.8917,0.4708,0.0420,33.170,"netlists/B_1u_MIR_S.cir(case=1,temp=150,Vdd=5.0):dc_sweep_i(Vout)"
B_1u,B,MIR_S,5.0,SS,-55,1e-06,1.0768e-06,1.02132e-06,1.07680,1.02132,0.0210901,4.50425e+07,2.00,2.2906,0.3923,0.0361,33.170,"netlists/B_1u_MIR_S.cir(case=2,temp=-55,Vdd=5.0):dc_sweep_i(Vout)"
B_1u,B,MIR_S,5.0,SS,27,1e-06,1.05858e-06,1.01678e-06,1.05858,1.01678,0.0160706,5.98261e+07,2.00,1.7760,0.5046,0.0446,33.170,"netlists/B_1u_MIR_S.cir(case=2,temp=27,Vdd=5.0):dc_sweep_i(Vout)"
B_1u,B,MIR_S,5.0,SS,150,1e-06,1.04659e-06,1.01404e-06,1.04659,1.01404,0.0125962,7.69264e+07,2.00,1.4128,0.6435,0.0543,33.170,"netlists/B_1u_MIR_S.cir(case=2,temp=150,Vdd=5.0):dc_sweep_i(Vout)"
B_1u,B,MIR_S,5.0,FS,-55,1e-06,1.07685e-06,1.02129e-06,1.07685,1.02129,0.0211277,4.49649e+07,2.00,2.3016,0.3885,0.0357,33.170,"netlists/B_1u_MIR_S.cir(case=3,temp=-55,Vdd=5.0):dc_sweep_i(Vout)"
B_1u,B,MIR_S,5.0,FS,27,1e-06,1.05867e-06,1.01676e-06,1.05867,1.01676,0.0161168,5.96562e+07,2.00,1.7875,0.4988,0.0440,33.170,"netlists/B_1u_MIR_S.cir(case=3,temp=27,Vdd=5.0):dc_sweep_i(Vout)"
B_1u,B,MIR_S,5.0,FS,150,1e-06,1.0467e-06,1.01403e-06,1.04670,1.01403,0.0126435,7.66396e+07,2.00,1.4239,0.6350,0.0534,33.170,"netlists/B_1u_MIR_S.cir(case=3,temp=150,Vdd=5.0):dc_sweep_i(Vout)"
B_1u,B,MIR_S,5.0,SF,-55,1e-06,1.11099e-06,1.03517e-06,1.11099,1.03517,0.028143,3.29467e+07,2.00,3.0133,0.3016,0.0285,33.170,"netlists/B_1u_MIR_S.cir(case=4,temp=-55,Vdd=5.0):dc_sweep_i(Vout)"
B_1u,B,MIR_S,5.0,SF,27,1e-06,1.0849e-06,1.0277e-06,1.08490,1.02770,0.0215956,4.36836e+07,2.00,2.3466,0.3821,0.0352,33.170,"netlists/B_1u_MIR_S.cir(case=4,temp=27,Vdd=5.0):dc_sweep_i(Vout)"
B_1u,B,MIR_S,5.0,SF,150,1e-06,1.06797e-06,1.02322e-06,1.06797,1.02322,0.0170694,5.58867e+07,2.00,1.8794,0.4763,0.0425,33.170,"netlists/B_1u_MIR_S.cir(case=4,temp=150,Vdd=5.0):dc_sweep_i(Vout)"
B_1u,B,MIR_S,5.5,TT,-55,1e-06,1.11288e-06,1.03367e-06,1.11288,1.03367,0.0275251,3.36716e+07,2.00,3.1438,0.2617,0.0244,33.170,"netlists/B_1u_MIR_S.cir(case=0,temp=-55,Vdd=5.5):dc_sweep_i(Vout)"
B_1u,B,MIR_S,5.5,TT,27,1e-06,1.08727e-06,1.02623e-06,1.08727,1.02623,0.021694,4.34729e+07,2.00,2.5403,0.3164,0.0287,33.170,"netlists/B_1u_MIR_S.cir(case=0,temp=27,Vdd=5.5):dc_sweep_i(Vout)"
B_1u,B,MIR_S,5.5,TT,150,1e-06,1.07027e-06,1.02167e-06,1.07027,1.02167,0.0175331,5.44092e+07,2.00,2.0999,0.3785,0.0331,33.170,"netlists/B_1u_MIR_S.cir(case=0,temp=150,Vdd=5.5):dc_sweep_i(Vout)"
B_1u,B,MIR_S,5.5,FF,-55,1e-06,1.1336e-06,1.04213e-06,1.13360,1.04213,0.0312713,2.92082e+07,2.00,3.5403,0.2346,0.0221,33.170,"netlists/B_1u_MIR_S.cir(case=1,temp=-55,Vdd=5.5):dc_sweep_i(Vout)"
B_1u,B,MIR_S,5.5,FF,27,1e-06,1.10331e-06,1.03287e-06,1.10331,1.03287,0.0247105,3.77297e+07,2.00,2.8640,0.2824,0.0260,33.170,"netlists/B_1u_MIR_S.cir(case=1,temp=27,Vdd=5.5):dc_sweep_i(Vout)"
B_1u,B,MIR_S,5.5,FF,150,1e-06,1.08338e-06,1.02721e-06,1.08338,1.02721,0.0200435,4.71445e+07,2.00,2.3730,0.3356,0.0301,33.170,"netlists/B_1u_MIR_S.cir(case=1,temp=150,Vdd=5.5):dc_sweep_i(Vout)"
B_1u,B,MIR_S,5.5,SS,-55,1e-06,1.09428e-06,1.02637e-06,1.09428,1.02637,0.0239556,3.9202e+07,2.00,2.7650,0.2949,0.0271,33.170,"netlists/B_1u_MIR_S.cir(case=2,temp=-55,Vdd=5.5):dc_sweep_i(Vout)"
B_1u,B,MIR_S,5.5,SS,27,1e-06,1.07287e-06,1.02051e-06,1.07287,1.02051,0.0188361,5.05885e+07,2.00,2.2323,0.3585,0.0320,33.170,"netlists/B_1u_MIR_S.cir(case=2,temp=27,Vdd=5.5):dc_sweep_i(Vout)"
B_1u,B,MIR_S,5.5,SS,150,1e-06,1.05852e-06,1.01691e-06,1.05852,1.01691,0.0151636,6.34474e+07,2.00,1.8392,0.4334,0.0372,33.170,"netlists/B_1u_MIR_S.cir(case=2,temp=150,Vdd=5.5):dc_sweep_i(Vout)"
B_1u,B,MIR_S,5.5,FS,-55,1e-06,1.09458e-06,1.02633e-06,1.09458,1.02633,0.0241103,3.89506e+07,2.00,2.7933,0.2902,0.0267,33.170,"netlists/B_1u_MIR_S.cir(case=3,temp=-55,Vdd=5.5):dc_sweep_i(Vout)"
B_1u,B,MIR_S,5.5,FS,27,1e-06,1.07319e-06,1.02049e-06,1.07319,1.02049,0.018994,5.01664e+07,2.00,2.2604,0.3517,0.0314,33.170,"netlists/B_1u_MIR_S.cir(case=3,temp=27,Vdd=5.5):dc_sweep_i(Vout)"
B_1u,B,MIR_S,5.5,FS,150,1e-06,1.05885e-06,1.01689e-06,1.05885,1.01689,0.0153156,6.28151e+07,2.00,1.8660,0.4239,0.0365,33.170,"netlists/B_1u_MIR_S.cir(case=3,temp=150,Vdd=5.5):dc_sweep_i(Vout)"
B_1u,B,MIR_S,5.5,SF,-55,1e-06,1.13328e-06,1.04219e-06,1.13328,1.04219,0.0311046,2.93644e+07,2.00,3.5098,0.2379,0.0224,33.170,"netlists/B_1u_MIR_S.cir(case=4,temp=-55,Vdd=5.5):dc_sweep_i(Vout)"
B_1u,B,MIR_S,5.5,SF,27,1e-06,1.10296e-06,1.03291e-06,1.10296,1.03291,0.0245397,3.79932e+07,2.00,2.8336,0.2871,0.0265,33.170,"netlists/B_1u_MIR_S.cir(case=4,temp=27,Vdd=5.5):dc_sweep_i(Vout)"
B_1u,B,MIR_S,5.5,SF,150,1e-06,1.08302e-06,1.02724e-06,1.08302,1.02724,0.0198766,4.75424e+07,2.00,2.3436,0.3420,0.0307,33.170,"netlists/B_1u_MIR_S.cir(case=4,temp=150,Vdd=5.5):dc_sweep_i(Vout)"
B_1u,B,MIR_CS,3.2,TT,-55,1e-06,1e-06,9.99935e-07,1.00000,0.99993,0.000771204,1.29707e+09,2.00,0.4132,2.2429,1.8135,66.340,"netlists/B_1u_MIR_CS.cir(case=0,temp=-55,Vdd=3.2):dc_sweep_i(Vout)"
B_1u,B,MIR_CS,3.2,TT,27,1e-06,1.00001e-06,9.99961e-07,1.00001,0.99996,0.000387238,2.58278e+09,2.00,0.2309,2.4420,1.8847,66.340,"netlists/B_1u_MIR_CS.cir(case=0,temp=27,Vdd=3.2):dc_sweep_i(Vout)"
B_1u,B,MIR_CS,3.2,TT,150,1e-06,1.00001e-06,9.99977e-07,1.00001,0.99998,0.000163892,6.10194e+09,2.00,0.1092,2.6439,1.9809,66.340,"netlists/B_1u_MIR_CS.cir(case=0,temp=150,Vdd=3.2):dc_sweep_i(Vout)"
B_1u,B,MIR_CS,3.2,FF,-55,1e-06,1.00001e-06,9.9994e-07,1.00001,0.99994,0.00033904,2.9499e+09,2.00,0.2546,2.2822,1.9103,66.340,"netlists/B_1u_MIR_CS.cir(case=1,temp=-55,Vdd=3.2):dc_sweep_i(Vout)"
B_1u,B,MIR_CS,3.2,FF,27,1e-06,1.00002e-06,9.99965e-07,1.00002,0.99996,0.000141328,7.07613e+09,2.00,0.1128,2.4648,1.9837,66.340,"netlists/B_1u_MIR_CS.cir(case=1,temp=27,Vdd=3.2):dc_sweep_i(Vout)"
B_1u,B,MIR_CS,3.2,FF,150,1e-06,1.00002e-06,9.9998e-07,1.00002,0.99998,5.17478e-05,1.93248e+10,2.00,0.0350,2.6582,2.0842,66.340,"netlists/B_1u_MIR_CS.cir(case=1,temp=150,Vdd=3.2):dc_sweep_i(Vout)"
B_1u,B,MIR_CS,3.2,SS,-55,1e-06,9.99997e-07,9.99827e-07,1.00000,0.99983,0.00131865,7.58747e+08,2.00,0.5227,2.2162,1.7140,66.340,"netlists/B_1u_MIR_CS.cir(case=2,temp=-55,Vdd=3.2):dc_sweep_i(Vout)"
B_1u,B,MIR_CS,3.2,SS,27,1e-06,1e-06,9.99916e-07,1.00000,0.99992,0.000757637,1.32029e+09,2.00,0.3258,2.4358,1.7827,66.340,"netlists/B_1u_MIR_CS.cir(case=2,temp=27,Vdd=3.2):dc_sweep_i(Vout)"
B_1u,B,MIR_CS,3.2,SS,150,1e-06,1e-06,9.99959e-07,1.00000,0.99996,0.000396512,2.52238e+09,2.00,0.1896,2.6414,1.8744,66.340,"netlists/B_1u_MIR_CS.cir(case=2,temp=150,Vdd=3.2):dc_sweep_i(Vout)"
B_1u,B,MIR_CS,3.2,FS,-55,1e-06,9.99997e-07,9.99832e-07,1.00000,0.99983,0.00130545,7.66416e+08,2.00,0.5192,2.2188,1.7157,66.340,"netlists/B_1u_MIR_CS.cir(case=3,temp=-55,Vdd=3.2):dc_sweep_i(Vout)"
B_1u,B,MIR_CS,3.2,FS,27,1e-06,1e-06,9.99919e-07,1.00000,0.99992,0.000747967,1.33735e+09,2.00,0.3231,2.4387,1.7847,66.340,"netlists/B_1u_MIR_CS.cir(case=3,temp=27,Vdd=3.2):dc_sweep_i(Vout)"
B_1u,B,MIR_CS,3.2,FS,150,1e-06,1e-06,9.9996e-07,1.00000,0.99996,0.000389547,2.56747e+09,2.00,0.1874,2.6440,1.8770,66.340,"netlists/B_1u_MIR_CS.cir(case=3,temp=150,Vdd=3.2):dc_sweep_i(Vout)"
B_1u,B,MIR_CS,3.2,SF,-55,1e-06,1.00001e-06,9.99939e-07,1.00001,0.99994,0.000345155,2.89764e+09,2.00,0.2579,2.2802,1.9087,66.340,"netlists/B_1u_MIR_CS.cir(case=4,temp=-55,Vdd=3.2):dc_sweep_i(Vout)"
B_1u,B,MIR_CS,3.2,SF,27,1e-06,1.00002e-06,9.99964e-07,1.00002,0.99996,0.000144699,6.91129e+09,2.00,0.1151,2.4625,1.9819,66.340,"netlists/B_1u_MIR_CS.cir(case=4,temp=27,Vdd=3.2):dc_sweep_i(Vout)"
B_1u,B,MIR_CS,3.2,SF,150,1e-06,1.00002e-06,9.99979e-07,1.00002,0.99998,5.31375e-05,1.88194e+10,2.00,0.0361,2.6559,2.0819,66.340,"netlists/B_1u_MIR_CS.cir(case=4,temp=150,Vdd=3.2):dc_sweep_i(Vout)"
B_1u,B,MIR_CS,4.5,TT,-55,1e-06,1.00005e-06,9.9997e-07,1.00005,0.99997,3.45814e-05,2.89169e+10,2.00,0.0035,3.5411,3.1102,66.340,"netlists/B_1u_MIR_CS.cir(case=0,temp=-55,Vdd=4.5):dc_sweep_i(Vout)"
B_1u,B,MIR_CS,4.5,TT,27,1e-06,1.00004e-06,9.99984e-07,1.00004,0.99998,2.35689e-05,4.24283e+10,2.00,0.0024,3.7404,3.1817,66.340,"netlists/B_1u_MIR_CS.cir(case=0,temp=27,Vdd=4.5):dc_sweep_i(Vout)"
B_1u,B,MIR_CS,4.5,TT,150,1e-06,1.00003e-06,9.99992e-07,1.00003,0.99999,1.77839e-05,5.62299e+10,2.00,0.0018,3.9428,3.2781,66.340,"netlists/B_1u_MIR_CS.cir(case=0,temp=150,Vdd=4.5):dc_sweep_i(Vout)"
B_1u,B,MIR_CS,4.5,FF,-55,1e-06,1.00007e-06,9.99973e-07,1.00007,0.99997,4.25238e-05,2.35156e+10,2.00,0.0043,3.5802,3.2064,66.340,"netlists/B_1u_MIR_CS.cir(case=1,temp=-55,Vdd=4.5):dc_sweep_i(Vout)"
B_1u,B,MIR_CS,4.5,FF,27,1e-06,1.00005e-06,9.99987e-07,1.00005,0.99999,2.90067e-05,3.4474e+10,2.00,0.0029,3.7631,3.2805,66.340,"netlists/B_1u_MIR_CS.cir(case=1,temp=27,Vdd=4.5):dc_sweep_i(Vout)"
B_1u,B,MIR_CS,4.5,FF,150,1e-06,1.00005e-06,9.99996e-07,1.00005,1.00000,2.20629e-05,4.53238e+10,2.00,0.0022,3.9569,3.3811,66.340,"netlists/B_1u_MIR_CS.cir(case=1,temp=150,Vdd=4.5):dc_sweep_i(Vout)"
B_1u,B,MIR_CS,4.5,SS,-55,1e-06,1.00003e-06,9.9997e-07,1.00003,0.99997,2.77578e-05,3.60257e+10,2.00,0.0028,3.5145,3.0109,66.340,"netlists/B_1u_MIR_CS.cir(case=2,temp=-55,Vdd=4.5):dc_sweep_i(Vout)"
B_1u,B,MIR_CS,4.5,SS,27,1e-06,1.00003e-06,9.99983e-07,1.00003,0.99998,1.89541e-05,5.27586e+10,2.00,0.0019,3.7343,3.0800,66.340,"netlists/B_1u_MIR_CS.cir(case=2,temp=27,Vdd=4.5):dc_sweep_i(Vout)"
B_1u,B,MIR_CS,4.5,SS,150,1e-06,1.00002e-06,9.9999e-07,1.00002,0.99999,1.42428e-05,7.02105e+10,2.00,0.0014,3.9404,3.1718,66.340,"netlists/B_1u_MIR_CS.cir(case=2,temp=150,Vdd=4.5):dc_sweep_i(Vout)"
B_1u,B,MIR_CS,4.5,FS,-55,1e-06,1.00003e-06,9.9997e-07,1.00003,0.99997,2.75177e-05,3.63401e+10,2.00,0.0028,3.5170,3.0126,66.340,"netlists/B_1u_MIR_CS.cir(case=3,temp=-55,Vdd=4.5):dc_sweep_i(Vout)"
B_1u,B,MIR_CS,4.5,FS,27,1e-06,1.00003e-06,9.99983e-07,1.00003,0.99998,1.8797e-05,5.31997e+10,2.00,0.0019,3.7372,3.0821,66.340,"netlists/B_1u_MIR_CS.cir(case=3,temp=27,Vdd=4.5):dc_sweep_i(Vout)"
B_1u,B,MIR_CS,4.5,FS,150,1e-06,1.00002e-06,9.9999e-07,1.00002,0.99999,1.41265e-05,7.07885e+10,2.00,0.0014,3.9430,3.1745,66.340,"netlists/B_1u_MIR_CS.cir(case=3,temp=150,Vdd=4.5):dc_sweep_i(Vout)"
B_1u,B,MIR_CS,4.5,SF,-55,1e-06,1.00007e-06,9.99973e-07,1.00007,0.99997,4.28673e-05,2.33272e+10,2.00,0.0043,3.5782,3.2048,66.340,"netlists/B_1u_MIR_CS.cir(case=4,temp=-55,Vdd=4.5):dc_sweep_i(Vout)"
B_1u,B,MIR_CS,4.5,SF,27,1e-06,1.00005e-06,9.99987e-07,1.00005,0.99999,2.92375e-05,3.42018e+10,2.00,0.0030,3.7608,3.2786,66.340,"netlists/B_1u_MIR_CS.cir(case=4,temp=27,Vdd=4.5):dc_sweep_i(Vout)"
B_1u,B,MIR_CS,4.5,SF,150,1e-06,1.00005e-06,9.99996e-07,1.00005,1.00000,2.22361e-05,4.49709e+10,2.00,0.0022,3.9546,3.3788,66.340,"netlists/B_1u_MIR_CS.cir(case=4,temp=150,Vdd=4.5):dc_sweep_i(Vout)"
B_1u,B,MIR_CS,5.0,TT,-55,1e-06,1.00007e-06,9.99979e-07,1.00007,0.99998,3.41247e-05,2.93033e+10,2.00,0.0034,4.0404,3.6088,66.340,"netlists/B_1u_MIR_CS.cir(case=0,temp=-55,Vdd=5.0):dc_sweep_i(Vout)"
B_1u,B,MIR_CS,5.0,TT,27,1e-06,1.00005e-06,9.9999e-07,1.00005,0.99999,2.33361e-05,4.2851e+10,2.00,0.0023,4.2398,3.6806,66.340,"netlists/B_1u_MIR_CS.cir(case=0,temp=27,Vdd=5.0):dc_sweep_i(Vout)"
B_1u,B,MIR_CS,5.0,TT,150,1e-06,1.00004e-06,9.99997e-07,1.00004,1.00000,1.76572e-05,5.66326e+10,2.00,0.0018,4.4423,3.7770,66.340,"netlists/B_1u_MIR_CS.cir(case=0,temp=150,Vdd=5.0):dc_sweep_i(Vout)"
B_1u,B,MIR_CS,5.0,FF,-55,1e-06,1.00009e-06,9.99984e-07,1.00009,0.99998,4.19288e-05,2.38488e+10,2.00,0.0042,4.0795,3.7049,66.340,"netlists/B_1u_MIR_CS.cir(case=1,temp=-55,Vdd=5.0):dc_sweep_i(Vout)"
B_1u,B,MIR_CS,5.0,FF,27,1e-06,1.00007e-06,9.99994e-07,1.00007,0.99999,2.87256e-05,3.48109e+10,2.00,0.0029,4.2625,3.7793,66.340,"netlists/B_1u_MIR_CS.cir(case=1,temp=27,Vdd=5.0):dc_sweep_i(Vout)"
B_1u,B,MIR_CS,5.0,FF,150,1e-06,1.00006e-06,1e-06,1.00006,1.00000,2.19348e-05,4.55881e+10,2.00,0.0022,4.4564,3.8799,66.340,"netlists/B_1u_MIR_CS.cir(case=1,temp=150,Vdd=5.0):dc_sweep_i(Vout)"
B_1u,B,MIR_CS,5.0,SS,-55,1e-06,1.00005e-06,9.99977e-07,1.00005,0.99998,2.74064e-05,3.64871e+10,2.00,0.0028,4.0138,3.5098,66.340,"netlists/B_1u_MIR_CS.cir(case=2,temp=-55,Vdd=5.0):dc_sweep_i(Vout)"
B_1u,B,MIR_CS,5.0,SS,27,1e-06,1.00003e-06,9.99988e-07,1.00003,0.99999,1.87595e-05,5.33054e+10,2.00,0.0019,4.2337,3.5790,66.340,"netlists/B_1u_MIR_CS.cir(case=2,temp=27,Vdd=5.0):dc_sweep_i(Vout)"
B_1u,B,MIR_CS,5.0,SS,150,1e-06,1.00003e-06,9.99994e-07,1.00003,0.99999,1.41199e-05,7.08208e+10,2.00,0.0014,4.4401,3.6709,66.340,"netlists/B_1u_MIR_CS.cir(case=2,temp=150,Vdd=5.0):dc_sweep_i(Vout)"
B_1u,B,MIR_CS,5.0,FS,-55,1e-06,1.00005e-06,9.99977e-07,1.00005,0.99998,2.71719e-05,3.6802e+10,2.00,0.0027,4.0164,3.5115,66.340,"netlists/B_1u_MIR_CS.cir(case=3,temp=-55,Vdd=5.0):dc_sweep_i(Vout)"
B_1u,B,MIR_CS,5.0,FS,27,1e-06,1.00003e-06,9.99988e-07,1.00003,0.99999,1.86068e-05,5.3743e+10,2.00,0.0019,4.2366,3.5811,66.340,"netlists/B_1u_MIR_CS.cir(case=3,temp=27,Vdd=5.0):dc_sweep_i(Vout)"
B_1u,B,MIR_CS,5.0,FS,150,1e-06,1.00003e-06,9.99994e-07,1.00003,0.99999,1.40041e-05,7.14066e+10,2.00,0.0014,4.4427,3.6735,66.340,"netlists/B_1u_MIR_CS.cir(case=3,temp=150,Vdd=5.0):dc_sweep_i(Vout)"
B_1u,B,MIR_CS,5.0,SF,-55,1e-06,1.00009e-06,9.99984e-07,1.00009,0.99998,4.22606e-05,2.36616e+10,2.00,0.0043,4.0775,3.7033,66.340,"netlists/B_1u_MIR_CS.cir(case=4,temp=-55,Vdd=5.0):dc_sweep_i(Vout)"
B_1u,B,MIR_CS,5.0,SF,27,1e-06,1.00007e-06,9.99994e-07,1.00007,0.99999,2.89474e-05,3.45441e+10,2.00,0.0029,4.2601,3.7773,66.340,"netlists/B_1u_MIR_CS.cir(case=4,temp=27,Vdd=5.0):dc_sweep_i(Vout)"
B_1u,B,MIR_CS,5.0,SF,150,1e-06,1.00006e-06,1e-06,1.00006,1.00000,2.20978e-05,4.52518e+10,2.00,0.0022,4.4540,3.8776,66.340,"netlists/B_1u_MIR_CS.cir(case=4,temp=150,Vdd=5.0):dc_sweep_i(Vout)"
B_1u,B,MIR_CS,5.5,TT,-55,1e-06,1.00008e-06,9.99988e-07,1.00008,0.99999,3.39518e-05,2.94521e+10,2.00,0.0034,4.5396,4.1074,66.340,"netlists/B_1u_MIR_CS.cir(case=0,temp=-55,Vdd=5.5):dc_sweep_i(Vout)"
B_1u,B,MIR_CS,5.5,TT,27,1e-06,1.00006e-06,9.99996e-07,1.00006,1.00000,2.33675e-05,4.27929e+10,2.00,0.0024,4.7392,4.1794,66.340,"netlists/B_1u_MIR_CS.cir(case=0,temp=27,Vdd=5.5):dc_sweep_i(Vout)"
B_1u,B,MIR_CS,5.5,TT,150,1e-06,1.00005e-06,1e-06,1.00005,1.00000,1.78077e-05,5.61537e+10,2.00,0.0018,4.9418,4.2759,66.340,"netlists/B_1u_MIR_CS.cir(case=0,temp=150,Vdd=5.5):dc_sweep_i(Vout)"
B_1u,B,MIR_CS,5.5,FF,-55,1e-06,1.00011e-06,9.99995e-07,1.00011,0.99999,4.17319e-05,2.39608e+10,2.00,0.0042,4.5787,4.2034,66.340,"netlists/B_1u_MIR_CS.cir(case=1,temp=-55,Vdd=5.5):dc_sweep_i(Vout)"
B_1u,B,MIR_CS,5.5,FF,27,1e-06,1.00008e-06,1e-06,1.00008,1.00000,2.8823e-05,3.46926e+10,2.00,0.0029,4.7618,4.2779,66.340,"netlists/B_1u_MIR_CS.cir(case=1,temp=27,Vdd=5.5):dc_sweep_i(Vout)"
B_1u,B,MIR_CS,5.5,FF,150,1e-06,1.00007e-06,1.00001e-06,1.00007,1.00001,2.22187e-05,4.50051e+10,2.00,0.0023,4.9558,4.3786,66.340,"netlists/B_1u_MIR_CS.cir(case=1,temp=150,Vdd=5.5):dc_sweep_i(Vout)"
B_1u,B,MIR_CS,5.5,SS,-55,1e-06,1.00006e-06,9.99984e-07,1.00006,0.99998,2.72575e-05,3.6686e+10,2.00,0.0027,4.5131,4.0085,66.340,"netlists/B_1u_MIR_CS.cir(case=2,temp=-55,Vdd=5.5):dc_sweep_i(Vout)"
B_1u,B,MIR_CS,5.5,SS,27,1e-06,1.00004e-06,9.99992e-07,1.00004,0.99999,1.87491e-05,5.33344e+10,2.00,0.0019,4.7331,4.0779,66.340,"netlists/B_1u_MIR_CS.cir(case=2,temp=27,Vdd=5.5):dc_sweep_i(Vout)"
B_1u,B,MIR_CS,5.5,SS,150,1e-06,1.00004e-06,9.99998e-07,1.00004,1.00000,1.41806e-05,7.05171e+10,2.00,0.0014,4.9397,4.1699,66.340,"netlists/B_1u_MIR_CS.cir(case=2,temp=150,Vdd=5.5):dc_sweep_i(Vout)"
B_1u,B,MIR_CS,5.5,FS,-55,1e-06,1.00006e-06,9.99985e-07,1.00006,0.99998,2.70367e-05,3.69856e+10,2.00,0.0027,4.5157,4.0103,66.340,"netlists/B_1u_MIR_CS.cir(case=3,temp=-55,Vdd=5.5):dc_sweep_i(Vout)"
B_1u,B,MIR_CS,5.5,FS,27,1e-06,1.00004e-06,9.99993e-07,1.00004,0.99999,1.86074e-05,5.37408e+10,2.00,0.0019,4.7360,4.0800,66.340,"netlists/B_1u_MIR_CS.cir(case=3,temp=27,Vdd=5.5):dc_sweep_i(Vout)"
B_1u,B,MIR_CS,5.5,FS,150,1e-06,1.00004e-06,9.99998e-07,1.00004,1.00000,1.40777e-05,7.10328e+10,2.00,0.0014,4.9423,4.1725,66.340,"netlists/B_1u_MIR_CS.cir(case=3,temp=150,Vdd=5.5):dc_sweep_i(Vout)"
B_1u,B,MIR_CS,5.5,SF,-55,1e-06,1.00011e-06,9.99995e-07,1.00011,0.99999,4.20359e-05,2.37875e+10,2.00,0.0042,4.5767,4.2018,66.340,"netlists/B_1u_MIR_CS.cir(case=4,temp=-55,Vdd=5.5):dc_sweep_i(Vout)"
B_1u,B,MIR_CS,5.5,SF,27,1e-06,1.00008e-06,1e-06,1.00008,1.00000,2.90196e-05,3.44576e+10,2.00,0.0030,4.7594,4.2760,66.340,"netlists/B_1u_MIR_CS.cir(case=4,temp=27,Vdd=5.5):dc_sweep_i(Vout)"
B_1u,B,MIR_CS,5.5,SF,150,1e-06,1.00007e-06,1.00001e-06,1.00007,1.00001,2.2356e-05,4.47286e+10,2.00,0.0023,4.9535,4.3762,66.340,"netlists/B_1u_MIR_CS.cir(case=4,temp=150,Vdd=5.5):dc_sweep_i(Vout)"
B_1u,B,MIR_CW,3.2,TT,-55,1e-06,5.27677e-07,5.24887e-07,0.52768,0.52489,0.00333655,5.69858e+08,2.00,0.3378,2.6960,0.3083,66.340,"netlists/B_1u_MIR_CW.cir(case=0,temp=-55,Vdd=3.2):dc_sweep_i(Vout)"
B_1u,B,MIR_CW,3.2,TT,27,1e-06,1.00014e-06,1.00003e-06,1.00014,1.00003,7.53982e-05,1.3262e+10,2.00,0.0077,2.9026,2.7622,66.340,"netlists/B_1u_MIR_CW.cir(case=0,temp=27,Vdd=3.2):dc_sweep_i(Vout)"
B_1u,B,MIR_CW,3.2,TT,150,1e-06,1.00009e-06,1.00002e-06,1.00009,1.00002,4.59691e-05,2.17527e+10,2.00,0.0047,2.8387,2.6634,66.340,"netlists/B_1u_MIR_CW.cir(case=0,temp=150,Vdd=3.2):dc_sweep_i(Vout)"
B_1u,B,MIR_CW,3.2,FF,-55,1e-06,1.00014e-06,1.00003e-06,1.00014,1.00003,7.12903e-05,1.40262e+10,2.00,0.0073,2.9563,2.7994,66.340,"netlists/B_1u_MIR_CW.cir(case=1,temp=-55,Vdd=3.2):dc_sweep_i(Vout)"
B_1u,B,MIR_CW,3.2,FF,27,1e-06,1.0001e-06,1.00002e-06,1.00010,1.00002,4.682e-05,2.13573e+10,2.00,0.0048,2.9191,2.7330,66.340,"netlists/B_1u_MIR_CW.cir(case=1,temp=27,Vdd=3.2):dc_sweep_i(Vout)"
B_1u,B,MIR_CW,3.2,FF,150,1e-06,1.00007e-06,1.00002e-06,1.00007,1.00002,3.27712e-05,3.05134e+10,2.00,0.0034,2.8644,2.6318,66.340,"netlists/B_1u_MIR_CW.cir(case=1,temp=150,Vdd=3.2):dc_sweep_i(Vout)"
B_1u,B,MIR_CW,3.2,SS,-55,1e-06,1.00116e-06,1.0001e-06,1.00116,1.00010,0.00067033,1.49105e+09,2.00,0.0687,2.9158,1.5166,66.340,"netlists/B_1u_MIR_CW.cir(case=2,temp=-55,Vdd=3.2):dc_sweep_i(Vout)"
B_1u,B,MIR_CW,3.2,SS,27,1e-06,1.00063e-06,1.00008e-06,1.00063,1.00008,0.000351408,2.84487e+09,2.00,0.0359,2.8601,2.5976,66.340,"netlists/B_1u_MIR_CW.cir(case=2,temp=27,Vdd=3.2):dc_sweep_i(Vout)"
B_1u,B,MIR_CW,3.2,SS,150,1e-06,1.00032e-06,1.00006e-06,1.00032,1.00006,0.000168358,5.93879e+09,2.00,0.0173,2.7822,2.6300,66.340,"netlists/B_1u_MIR_CW.cir(case=2,temp=150,Vdd=3.2):dc_sweep_i(Vout)"
B_1u,B,MIR_CW,3.2,FS,-55,1e-06,1.00112e-06,1.0001e-06,1.00112,1.00010,0.000646061,1.54709e+09,2.00,0.0662,2.9168,1.5706,66.340,"netlists/B_1u_MIR_CW.cir(case=3,temp=-55,Vdd=3.2):dc_sweep_i(Vout)"
B_1u,B,MIR_CW,3.2,FS,27,1e-06,1.00061e-06,1.00008e-06,1.00061,1.00008,0.00033771,2.9603e+09,2.00,0.0345,2.8613,2.6283,66.340,"netlists/B_1u_MIR_CW.cir(case=3,temp=27,Vdd=3.2):dc_sweep_i(Vout)"
B_1u,B,MIR_CW,3.2,FS,150,1e-06,1.00031e-06,1.00005e-06,1.00031,1.00005,0.000161556,6.18888e+09,2.00,0.0166,2.7839,2.6325,66.340,"netlists/B_1u_MIR_CW.cir(case=3,temp=150,Vdd=3.2):dc_sweep_i(Vout)"
B_1u,B,MIR_CW,3.2,SF,-55,1e-06,1.00014e-06,1.00003e-06,1.00014,1.00003,7.21337e-05,1.38622e+10,2.00,0.0073,2.9560,2.7995,66.340,"netlists/B_1u_MIR_CW.cir(case=4,temp=-55,Vdd=3.2):dc_sweep_i(Vout)"
B_1u,B,MIR_CW,3.2,SF,27,1e-06,1.0001e-06,1.00002e-06,1.00010,1.00002,4.73933e-05,2.1099e+10,2.00,0.0048,2.9185,2.7331,66.340,"netlists/B_1u_MIR_CW.cir(case=4,temp=27,Vdd=3.2):dc_sweep_i(Vout)"
B_1u,B,MIR_CW,3.2,SF,150,1e-06,1.00007e-06,1.00002e-06,1.00007,1.00002,3.3165e-05,3.01511e+10,2.00,0.0034,2.8637,2.6319,66.340,"netlists/B_1u_MIR_CW.cir(case=4,temp=150,Vdd=3.2):dc_sweep_i(Vout)"
B_1u,B,MIR_CW,4.5,TT,-55,1e-06,5.29915e-07,5.26037e-07,0.52991,0.52604,0.00324001,5.84339e+08,2.00,0.3270,3.0511,0.2990,66.340,"netlists/B_1u_MIR_CW.cir(case=0,temp=-55,Vdd=4.5):dc_sweep_i(Vout)"
B_1u,B,MIR_CW,4.5,TT,27,1e-06,1.00024e-06,1.00007e-06,1.00024,1.00007,7.24808e-05,1.37945e+10,2.00,0.0073,4.2021,4.0565,66.340,"netlists/B_1u_MIR_CW.cir(case=0,temp=27,Vdd=4.5):dc_sweep_i(Vout)"
B_1u,B,MIR_CW,4.5,TT,150,1e-06,1.00015e-06,1.00005e-06,1.00015,1.00005,4.43259e-05,2.25578e+10,2.00,0.0045,4.1383,3.9594,66.340,"netlists/B_1u_MIR_CW.cir(case=0,temp=150,Vdd=4.5):dc_sweep_i(Vout)"
B_1u,B,MIR_CW,4.5,FF,-55,1e-06,1.00023e-06,1.00007e-06,1.00023,1.00007,6.81596e-05,1.46691e+10,2.00,0.0069,4.2556,4.0942,66.340,"netlists/B_1u_MIR_CW.cir(case=1,temp=-55,Vdd=4.5):dc_sweep_i(Vout)"
B_1u,B,MIR_CW,4.5,FF,27,1e-06,1.00015e-06,1.00005e-06,1.00015,1.00005,4.51788e-05,2.21319e+10,2.00,0.0045,4.2186,4.0293,66.340,"netlists/B_1u_MIR_CW.cir(case=1,temp=27,Vdd=4.5):dc_sweep_i(Vout)"
B_1u,B,MIR_CW,4.5,FF,150,1e-06,1.00011e-06,1.00004e-06,1.00011,1.00004,3.16542e-05,3.15889e+10,2.00,0.0032,4.1640,3.9284,66.340,"netlists/B_1u_MIR_CW.cir(case=1,temp=150,Vdd=4.5):dc_sweep_i(Vout)"
B_1u,B,MIR_CW,4.5,SS,-55,1e-06,1.00198e-06,1.00055e-06,1.00198,1.00055,0.000629589,1.5862e+09,2.00,0.0636,4.2118,1.5866,66.340,"netlists/B_1u_MIR_CW.cir(case=2,temp=-55,Vdd=4.5):dc_sweep_i(Vout)"
B_1u,B,MIR_CW,4.5,SS,27,1e-06,1.00107e-06,1.00031e-06,1.00107,1.00031,0.000334883,2.98393e+09,2.00,0.0338,4.1576,2.9189,66.340,"netlists/B_1u_MIR_CW.cir(case=2,temp=27,Vdd=4.5):dc_sweep_i(Vout)"
B_1u,B,MIR_CW,4.5,SS,150,1e-06,1.00053e-06,1.00017e-06,1.00053,1.00017,0.000161077,6.20592e+09,2.00,0.0163,4.0809,3.9062,66.340,"netlists/B_1u_MIR_CW.cir(case=2,temp=150,Vdd=4.5):dc_sweep_i(Vout)"
B_1u,B,MIR_CW,4.5,FS,-55,1e-06,1.00191e-06,1.00053e-06,1.00191,1.00053,0.000607526,1.64388e+09,2.00,0.0613,4.2129,1.6422,66.340,"netlists/B_1u_MIR_CW.cir(case=3,temp=-55,Vdd=4.5):dc_sweep_i(Vout)"
B_1u,B,MIR_CW,4.5,FS,27,1e-06,1.00103e-06,1.0003e-06,1.00103,1.00030,0.000322231,3.10117e+09,2.00,0.0326,4.1590,3.0267,66.340,"netlists/B_1u_MIR_CW.cir(case=3,temp=27,Vdd=4.5):dc_sweep_i(Vout)"
B_1u,B,MIR_CW,4.5,FS,150,1e-06,1.00051e-06,1.00016e-06,1.00051,1.00016,0.000154746,6.45989e+09,2.00,0.0157,4.0826,3.9113,66.340,"netlists/B_1u_MIR_CW.cir(case=3,temp=150,Vdd=4.5):dc_sweep_i(Vout)"
B_1u,B,MIR_CW,4.5,SF,-55,1e-06,1.00023e-06,1.00007e-06,1.00023,1.00007,6.89197e-05,1.45073e+10,2.00,0.0069,4.2553,4.0943,66.340,"netlists/B_1u_MIR_CW.cir(case=4,temp=-55,Vdd=4.5):dc_sweep_i(Vout)"
B_1u,B,MIR_CW,4.5,SF,27,1e-06,1.00016e-06,1.00005e-06,1.00016,1.00005,4.5712e-05,2.18737e+10,2.00,0.0046,4.2180,4.0293,66.340,"netlists/B_1u_MIR_CW.cir(case=4,temp=27,Vdd=4.5):dc_sweep_i(Vout)"
B_1u,B,MIR_CW,4.5,SF,150,1e-06,1.00011e-06,1.00004e-06,1.00011,1.00004,3.20204e-05,3.12275e+10,2.00,0.0032,4.1633,3.9284,66.340,"netlists/B_1u_MIR_CW.cir(case=4,temp=150,Vdd=4.5):dc_sweep_i(Vout)"
B_1u,B,MIR_CW,5.0,TT,-55,1e-06,5.30877e-07,5.26472e-07,0.53088,0.52647,0.00330393,5.72092e+08,2.00,0.3439,3.0165,0.2675,66.340,"netlists/B_1u_MIR_CW.cir(case=0,temp=-55,Vdd=5.0):dc_sweep_i(Vout)"
B_1u,B,MIR_CW,5.0,TT,27,1e-06,1.00028e-06,1.00009e-06,1.00028,1.00009,7.40011e-05,1.35106e+10,2.00,0.0077,4.7018,4.5538,66.340,"netlists/B_1u_MIR_CW.cir(case=0,temp=27,Vdd=5.0):dc_sweep_i(Vout)"
B_1u,B,MIR_CW,5.0,TT,150,1e-06,1.00018e-06,1.00006e-06,1.00018,1.00006,4.53177e-05,2.20636e+10,2.00,0.0047,4.6381,4.4575,66.340,"netlists/B_1u_MIR_CW.cir(case=0,temp=150,Vdd=5.0):dc_sweep_i(Vout)"
B_1u,B,MIR_CW,5.0,FF,-55,1e-06,1.00026e-06,1.00009e-06,1.00026,1.00009,6.87849e-05,1.45353e+10,2.00,0.0071,4.7553,4.5921,66.340,"netlists/B_1u_MIR_CW.cir(case=1,temp=-55,Vdd=5.0):dc_sweep_i(Vout)"
B_1u,B,MIR_CW,5.0,FF,27,1e-06,1.00018e-06,1.00006e-06,1.00018,1.00006,4.58832e-05,2.17916e+10,2.00,0.0047,4.7184,4.5275,66.340,"netlists/B_1u_MIR_CW.cir(case=1,temp=27,Vdd=5.0):dc_sweep_i(Vout)"
B_1u,B,MIR_CW,5.0,FF,150,1e-06,1.00013e-06,1.00005e-06,1.00013,1.00005,3.21689e-05,3.1083e+10,2.00,0.0033,4.6639,4.4269,66.340,"netlists/B_1u_MIR_CW.cir(case=1,temp=150,Vdd=5.0):dc_sweep_i(Vout)"
B_1u,B,MIR_CW,5.0,SS,-55,1e-06,1.00234e-06,1.00071e-06,1.00234,1.00071,0.000639502,1.56111e+09,2.00,0.0667,4.7100,1.5253,66.340,"netlists/B_1u_MIR_CW.cir(case=2,temp=-55,Vdd=5.0):dc_sweep_i(Vout)"
B_1u,B,MIR_CW,5.0,SS,27,1e-06,1.00127e-06,1.0004e-06,1.00127,1.00040,0.000343766,2.90632e+09,2.00,0.0363,4.6565,2.8724,66.340,"netlists/B_1u_MIR_CW.cir(case=2,temp=27,Vdd=5.0):dc_sweep_i(Vout)"
B_1u,B,MIR_CW,5.0,SS,150,1e-06,1.00063e-06,1.00021e-06,1.00063,1.00021,0.000165695,6.03247e+09,2.00,0.0175,4.5804,4.3900,66.340,"netlists/B_1u_MIR_CW.cir(case=2,temp=150,Vdd=5.0):dc_sweep_i(Vout)"
B_1u,B,MIR_CW,5.0,FS,-55,1e-06,1.00226e-06,1.00069e-06,1.00226,1.00069,0.000618393,1.61449e+09,2.00,0.0647,4.7111,1.5776,66.340,"netlists/B_1u_MIR_CW.cir(case=3,temp=-55,Vdd=5.0):dc_sweep_i(Vout)"
B_1u,B,MIR_CW,5.0,FS,27,1e-06,1.00122e-06,1.00038e-06,1.00122,1.00038,0.000331554,3.01347e+09,2.00,0.0351,4.6579,2.9788,66.340,"netlists/B_1u_MIR_CW.cir(case=3,temp=27,Vdd=5.0):dc_sweep_i(Vout)"
B_1u,B,MIR_CW,5.0,FS,150,1e-06,1.0006e-06,1.0002e-06,1.00060,1.00020,0.000159553,6.26478e+09,2.00,0.0169,4.5820,4.3968,66.340,"netlists/B_1u_MIR_CW.cir(case=3,temp=150,Vdd=5.0):dc_sweep_i(Vout)"
B_1u,B,MIR_CW,5.0,SF,-55,1e-06,1.00027e-06,1.00009e-06,1.00027,1.00009,6.94594e-05,1.43941e+10,2.00,0.0071,4.7550,4.5922,66.340,"netlists/B_1u_MIR_CW.cir(case=4,temp=-55,Vdd=5.0):dc_sweep_i(Vout)"
B_1u,B,MIR_CW,5.0,SF,27,1e-06,1.00018e-06,1.00006e-06,1.00018,1.00006,4.635e-05,2.15721e+10,2.00,0.0047,4.7178,4.5276,66.340,"netlists/B_1u_MIR_CW.cir(case=4,temp=27,Vdd=5.0):dc_sweep_i(Vout)"
B_1u,B,MIR_CW,5.0,SF,150,1e-06,1.00013e-06,1.00005e-06,1.00013,1.00005,3.24969e-05,3.07692e+10,2.00,0.0033,4.6632,4.4269,66.340,"netlists/B_1u_MIR_CW.cir(case=4,temp=150,Vdd=5.0):dc_sweep_i(Vout)"
B_1u,B,MIR_CW,5.5,TT,-55,1e-06,5.32028e-07,5.26905e-07,0.53203,0.52691,0.00354323,5.32531e+08,2.00,0.3873,2.8640,0.2173,66.340,"netlists/B_1u_MIR_CW.cir(case=0,temp=-55,Vdd=5.5):dc_sweep_i(Vout)"
B_1u,B,MIR_CW,5.5,TT,27,1e-06,1.00033e-06,1.00011e-06,1.00033,1.00011,8.01732e-05,1.247e+10,2.00,0.0089,5.2015,5.0505,66.340,"netlists/B_1u_MIR_CW.cir(case=0,temp=27,Vdd=5.5):dc_sweep_i(Vout)"
B_1u,B,MIR_CW,5.5,TT,150,1e-06,1.00021e-06,1.00007e-06,1.00021,1.00007,4.93227e-05,2.02715e+10,2.00,0.0055,5.1379,4.9550,66.340,"netlists/B_1u_MIR_CW.cir(case=0,temp=150,Vdd=5.5):dc_sweep_i(Vout)"
B_1u,B,MIR_CW,5.5,FF,-55,1e-06,1.00031e-06,1.00011e-06,1.00031,1.00011,7.25323e-05,1.37838e+10,2.00,0.0078,5.2550,5.0895,66.340,"netlists/B_1u_MIR_CW.cir(case=1,temp=-55,Vdd=5.5):dc_sweep_i(Vout)"
B_1u,B,MIR_CW,5.5,FF,27,1e-06,1.00021e-06,1.00007e-06,1.00021,1.00007,4.89934e-05,2.04077e+10,2.00,0.0053,5.2181,5.0254,66.340,"netlists/B_1u_MIR_CW.cir(case=1,temp=27,Vdd=5.5):dc_sweep_i(Vout)"
B_1u,B,MIR_CW,5.5,FF,150,1e-06,1.00015e-06,1.00006e-06,1.00015,1.00006,3.44377e-05,2.90346e+10,2.00,0.0037,5.1637,4.9250,66.340,"netlists/B_1u_MIR_CW.cir(case=1,temp=150,Vdd=5.5):dc_sweep_i(Vout)"
B_1u,B,MIR_CW,5.5,SS,-55,1e-06,1.00277e-06,1.00087e-06,1.00277,1.00087,0.000689855,1.44668e+09,2.00,0.0760,5.2074,1.3349,66.340,"netlists/B_1u_MIR_CW.cir(case=2,temp=-55,Vdd=5.5):dc_sweep_i(Vout)"
B_1u,B,MIR_CW,5.5,SS,27,1e-06,1.00152e-06,1.00048e-06,1.00152,1.00048,0.000378522,2.63898e+09,2.00,0.0426,5.1550,2.6572,66.340,"netlists/B_1u_MIR_CW.cir(case=2,temp=27,Vdd=5.5):dc_sweep_i(Vout)"
B_1u,B,MIR_CW,5.5,SS,150,1e-06,1.00075e-06,1.00025e-06,1.00075,1.00025,0.000183784,5.43822e+09,2.00,0.0209,5.0795,4.8531,66.340,"netlists/B_1u_MIR_CW.cir(case=2,temp=150,Vdd=5.5):dc_sweep_i(Vout)"
B_1u,B,MIR_CW,5.5,FS,-55,1e-06,1.00268e-06,1.00084e-06,1.00268,1.00084,0.000669694,1.49033e+09,2.00,0.0740,5.2088,1.3778,66.340,"netlists/B_1u_MIR_CW.cir(case=3,temp=-55,Vdd=5.5):dc_sweep_i(Vout)"
B_1u,B,MIR_CW,5.5,FS,27,1e-06,1.00146e-06,1.00046e-06,1.00146,1.00046,0.000366706,2.72412e+09,2.00,0.0414,5.1564,2.7559,66.340,"netlists/B_1u_MIR_CW.cir(case=3,temp=27,Vdd=5.5):dc_sweep_i(Vout)"
B_1u,B,MIR_CW,5.5,FS,150,1e-06,1.00072e-06,1.00024e-06,1.00072,1.00024,0.00017781,5.62105e+09,2.00,0.0203,5.0813,4.8670,66.340,"netlists/B_1u_MIR_CW.cir(case=3,temp=150,Vdd=5.5):dc_sweep_i(Vout)"
B_1u,B,MIR_CW,5.5,SF,-55,1e-06,1.00031e-06,1.00011e-06,1.00031,1.00011,7.30403e-05,1.36879e+10,2.00,0.0078,5.2547,5.0896,66.340,"netlists/B_1u_MIR_CW.cir(case=4,temp=-55,Vdd=5.5):dc_sweep_i(Vout)"
B_1u,B,MIR_CW,5.5,SF,27,1e-06,1.00021e-06,1.00008e-06,1.00021,1.00008,4.93375e-05,2.02654e+10,2.00,0.0053,5.2176,5.0255,66.340,"netlists/B_1u_MIR_CW.cir(case=4,temp=27,Vdd=5.5):dc_sweep_i(Vout)"
B_1u,B,MIR_CW,5.5,SF,150,1e-06,1.00015e-06,1.00006e-06,1.00015,1.00006,3.46778e-05,2.88336e+10,2.00,0.0038,5.1630,4.9251,66.340,"netlists/B_1u_MIR_CW.cir(case=4,temp=150,Vdd=5.5):dc_sweep_i(Vout)"
B_10u,B,MIR_S,3.2,TT,-55,1e-05,1.04674e-05,1.00765e-05,1.04674,1.00765,0.0239151,4.0902e+06,2.00,2.3972,0.4285,0.0427,324.911,"netlists/B_10u_MIR_S.cir(case=0,temp=-55,Vdd=3.2):dc_sweep_i(Vout)"
B_10u,B,MIR_S,3.2,TT,27,1e-05,1.03595e-05,1.00698e-05,1.03595,1.00698,0.0178037,5.51832e+06,2.00,1.7867,0.5729,0.0571,324.911,"netlists/B_10u_MIR_S.cir(case=0,temp=27,Vdd=3.2):dc_sweep_i(Vout)"
B_10u,B,MIR_S,3.2,TT,150,1e-05,1.02924e-05,1.0069e-05,1.02924,1.00690,0.0137792,7.14804e+06,2.00,1.3855,0.7389,0.0738,324.911,"netlists/B_10u_MIR_S.cir(case=0,temp=150,Vdd=3.2):dc_sweep_i(Vout)"
B_10u,B,MIR_S,3.2,FF,-55,1e-05,1.05745e-05,1.01174e-05,1.05745,1.01174,0.0277845,3.4981e+06,2.00,2.7842,0.3700,0.0369,324.911,"netlists/B_10u_MIR_S.cir(case=1,temp=-55,Vdd=3.2):dc_sweep_i(Vout)"
B_10u,B,MIR_S,3.2,FF,27,1e-05,1.0443e-05,1.01034e-05,1.04430,1.01034,0.0207622,4.70781e+06,2.00,2.0826,0.4924,0.0491,324.911,"netlists/B_10u_MIR_S.cir(case=1,temp=27,Vdd=3.2):dc_sweep_i(Vout)"
B_10u,B,MIR_S,3.2,FF,150,1e-05,1.03618e-05,1.0099e-05,1.03618,1.00990,0.0161352,6.07754e+06,2.00,1.6212,0.6321,0.0631,324.911,"netlists/B_10u_MIR_S.cir(case=1,temp=150,Vdd=3.2):dc_sweep_i(Vout)"
B_10u,B,MIR_S,3.2,SS,-55,1e-05,1.03738e-05,1.00438e-05,1.03738,1.00438,0.0203045,4.84386e+06,2.00,2.0362,0.5032,0.0502,324.911,"netlists/B_10u_MIR_S.cir(case=2,temp=-55,Vdd=3.2):dc_sweep_i(Vout)"
B_10u,B,MIR_S,3.2,SS,27,1e-05,1.02866e-05,1.00427e-05,1.02866,1.00427,0.0150598,6.55221e+06,2.00,1.5122,0.6760,0.0675,324.911,"netlists/B_10u_MIR_S.cir(case=2,temp=27,Vdd=3.2):dc_sweep_i(Vout)"
B_10u,B,MIR_S,3.2,SS,150,1e-05,1.02322e-05,1.00447e-05,1.02322,1.00447,0.0116087,8.51624e+06,2.00,1.1683,0.8757,0.0875,324.911,"netlists/B_10u_MIR_S.cir(case=2,temp=150,Vdd=3.2):dc_sweep_i(Vout)"
B_10u,B,MIR_S,3.2,FS,-55,1e-05,1.0373e-05,1.00438e-05,1.03730,1.00438,0.0202524,4.85646e+06,2.00,2.0310,0.5044,0.0503,324.911,"netlists/B_10u_MIR_S.cir(case=3,temp=-55,Vdd=3.2):dc_sweep_i(Vout)"
B_10u,B,MIR_S,3.2,FS,27,1e-05,1.02861e-05,1.00428e-05,1.02861,1.00428,0.015023,6.56843e+06,2.00,1.5086,0.6776,0.0676,324.911,"netlists/B_10u_MIR_S.cir(case=3,temp=27,Vdd=3.2):dc_sweep_i(Vout)"
B_10u,B,MIR_S,3.2,FS,150,1e-05,1.02318e-05,1.00448e-05,1.02318,1.00448,0.0115806,8.53697e+06,2.00,1.1655,0.8778,0.0876,324.911,"netlists/B_10u_MIR_S.cir(case=3,temp=150,Vdd=3.2):dc_sweep_i(Vout)"
B_10u,B,MIR_S,3.2,SF,-55,1e-05,1.05756e-05,1.01174e-05,1.05756,1.01174,0.0278436,3.49052e+06,2.00,2.7900,0.3693,0.0369,324.911,"netlists/B_10u_MIR_S.cir(case=4,temp=-55,Vdd=3.2):dc_sweep_i(Vout)"
B_10u,B,MIR_S,3.2,SF,27,1e-05,1.04438e-05,1.01035e-05,1.04438,1.01035,0.020806,4.69774e+06,2.00,2.0870,0.4915,0.0490,324.911,"netlists/B_10u_MIR_S.cir(case=4,temp=27,Vdd=3.2):dc_sweep_i(Vout)"
B_10u,B,MIR_S,3.2,SF,150,1e-05,1.03624e-05,1.0099e-05,1.03624,1.00990,0.0161695,6.0645e+06,2.00,1.6247,0.6308,0.0630,324.911,"netlists/B_10u_MIR_S.cir(case=4,temp=150,Vdd=3.2):dc_sweep_i(Vout)"
B_10u,B,MIR_S,4.5,TT,-55,1e-05,1.08023e-05,1.02355e-05,1.08023,1.02355,0.0237523,3.99306e+06,2.00,2.4537,0.3947,0.0377,324.911,"netlists/B_10u_MIR_S.cir(case=0,temp=-55,Vdd=4.5):dc_sweep_i(Vout)"
B_10u,B,MIR_S,4.5,TT,27,1e-05,1.06101e-05,1.01877e-05,1.06101,1.01877,0.01789,5.36634e+06,2.00,1.8611,0.5190,0.0485,324.911,"netlists/B_10u_MIR_S.cir(case=0,temp=27,Vdd=4.5):dc_sweep_i(Vout)"
B_10u,B,MIR_S,4.5,TT,150,1e-05,1.04871e-05,1.01601e-05,1.04871,1.01601,0.0139354,6.94245e+06,2.00,1.4577,0.6670,0.0608,324.911,"netlists/B_10u_MIR_S.cir(case=0,temp=150,Vdd=4.5):dc_sweep_i(Vout)"
B_10u,B,MIR_S,4.5,FF,-55,1e-05,1.0965e-05,1.03033e-05,1.09650,1.03033,0.0274299,3.41885e+06,2.00,2.8281,0.3430,0.0329,324.911,"netlists/B_10u_MIR_S.cir(case=1,temp=-55,Vdd=4.5):dc_sweep_i(Vout)"
B_10u,B,MIR_S,4.5,FF,27,1e-05,1.07358e-05,1.02416e-05,1.07358,1.02416,0.0207595,4.58358e+06,2.00,2.1540,0.4477,0.0423,324.911,"netlists/B_10u_MIR_S.cir(case=1,temp=27,Vdd=4.5):dc_sweep_i(Vout)"
B_10u,B,MIR_S,4.5,FF,150,1e-05,1.059e-05,1.02061e-05,1.05900,1.02061,0.0162548,5.90778e+06,2.00,1.6958,0.5700,0.0527,324.911,"netlists/B_10u_MIR_S.cir(case=1,temp=150,Vdd=4.5):dc_sweep_i(Vout)"
B_10u,B,MIR_S,4.5,SS,-55,1e-05,1.06576e-05,1.01781e-05,1.06576,1.01781,0.0202856,4.72264e+06,2.00,2.1009,0.4608,0.0436,324.911,"netlists/B_10u_MIR_S.cir(case=2,temp=-55,Vdd=4.5):dc_sweep_i(Vout)"
B_10u,B,MIR_S,4.5,SS,27,1e-05,1.04985e-05,1.01421e-05,1.04985,1.01421,0.015206,6.36346e+06,2.00,1.5865,0.6114,0.0563,324.911,"netlists/B_10u_MIR_S.cir(case=2,temp=27,Vdd=4.5):dc_sweep_i(Vout)"
B_10u,B,MIR_S,4.5,SS,150,1e-05,1.03961e-05,1.01212e-05,1.03961,1.01212,0.0117824,8.26481e+06,2.00,1.2362,0.7936,0.0710,324.911,"netlists/B_10u_MIR_S.cir(case=2,temp=150,Vdd=4.5):dc_sweep_i(Vout)"
B_10u,B,MIR_S,4.5,FS,-55,1e-05,1.06568e-05,1.01777e-05,1.06568,1.01777,0.0202649,4.72784e+06,2.00,2.1021,0.4593,0.0434,324.911,"netlists/B_10u_MIR_S.cir(case=3,temp=-55,Vdd=4.5):dc_sweep_i(Vout)"
B_10u,B,MIR_S,4.5,FS,27,1e-05,1.04982e-05,1.01418e-05,1.04982,1.01418,0.015197,6.36757e+06,2.00,1.5887,0.6092,0.0560,324.911,"netlists/B_10u_MIR_S.cir(case=3,temp=27,Vdd=4.5):dc_sweep_i(Vout)"
B_10u,B,MIR_S,4.5,FS,150,1e-05,1.0396e-05,1.0121e-05,1.03960,1.01210,0.0117786,8.26777e+06,2.00,1.2386,0.7907,0.0705,324.911,"netlists/B_10u_MIR_S.cir(case=3,temp=150,Vdd=4.5):dc_sweep_i(Vout)"
B_10u,B,MIR_S,4.5,SF,-55,1e-05,1.09659e-05,1.03037e-05,1.09659,1.03037,0.027453,3.41563e+06,2.00,2.8267,0.3440,0.0330,324.911,"netlists/B_10u_MIR_S.cir(case=4,temp=-55,Vdd=4.5):dc_sweep_i(Vout)"
B_10u,B,MIR_S,4.5,SF,27,1e-05,1.07363e-05,1.02419e-05,1.07363,1.02419,0.0207711,4.58068e+06,2.00,2.1517,0.4493,0.0426,324.911,"netlists/B_10u_MIR_S.cir(case=4,temp=27,Vdd=4.5):dc_sweep_i(Vout)"
B_10u,B,MIR_S,4.5,SF,150,1e-05,1.05904e-05,1.02063e-05,1.05904,1.02063,0.0162606,5.90534e+06,2.00,1.6932,0.5722,0.0531,324.911,"netlists/B_10u_MIR_S.cir(case=4,temp=150,Vdd=4.5):dc_sweep_i(Vout)"
B_10u,B,MIR_S,5.0,TT,-55,1e-05,1.09604e-05,1.02965e-05,1.09604,1.02965,0.0248943,3.76336e+06,2.00,2.6839,0.3360,0.0314,324.911,"netlists/B_10u_MIR_S.cir(case=0,temp=-55,Vdd=5.0):dc_sweep_i(Vout)"
B_10u,B,MIR_S,5.0,TT,27,1e-05,1.07335e-05,1.02329e-05,1.07335,1.02329,0.0190506,4.99252e+06,2.00,2.0871,0.4279,0.0387,324.911,"netlists/B_10u_MIR_S.cir(case=0,temp=27,Vdd=5.0):dc_sweep_i(Vout)"
B_10u,B,MIR_S,5.0,TT,150,1e-05,1.05865e-05,1.01949e-05,1.05865,1.01949,0.0150295,6.38991e+06,2.00,1.6696,0.5372,0.0469,324.911,"netlists/B_10u_MIR_S.cir(case=0,temp=150,Vdd=5.0):dc_sweep_i(Vout)"
B_10u,B,MIR_S,5.0,FF,-55,1e-05,1.11467e-05,1.03746e-05,1.11467,1.03746,0.0285799,3.23523e+06,2.00,3.0650,0.2955,0.0280,324.911,"netlists/B_10u_MIR_S.cir(case=1,temp=-55,Vdd=5.0):dc_sweep_i(Vout)"
B_10u,B,MIR_S,5.0,FF,27,1e-05,1.08777e-05,1.02946e-05,1.08777,1.02946,0.0219673,4.285e+06,2.00,2.3914,0.3734,0.0344,324.911,"netlists/B_10u_MIR_S.cir(case=1,temp=27,Vdd=5.0):dc_sweep_i(Vout)"
B_10u,B,MIR_S,5.0,FF,150,1e-05,1.07045e-05,1.02471e-05,1.07045,1.02471,0.0174193,5.46598e+06,2.00,1.9217,0.4636,0.0414,324.911,"netlists/B_10u_MIR_S.cir(case=1,temp=150,Vdd=5.0):dc_sweep_i(Vout)"
B_10u,B,MIR_S,5.0,SS,-55,1e-05,1.07938e-05,1.02296e-05,1.07938,1.02296,0.0214022,4.42932e+06,2.00,2.3219,0.3873,0.0357,324.911,"netlists/B_10u_MIR_S.cir(case=2,temp=-55,Vdd=5.0):dc_sweep_i(Vout)"
B_10u,B,MIR_S,5.0,SS,27,1e-05,1.0605e-05,1.01801e-05,1.06050,1.01801,0.0163079,5.88628e+06,2.00,1.8004,0.4978,0.0440,324.911,"netlists/B_10u_MIR_S.cir(case=2,temp=27,Vdd=5.0):dc_sweep_i(Vout)"
B_10u,B,MIR_S,5.0,SS,150,1e-05,1.04816e-05,1.01504e-05,1.04816,1.01504,0.0127979,7.56165e+06,2.00,1.4332,0.6339,0.0536,324.911,"netlists/B_10u_MIR_S.cir(case=2,temp=150,Vdd=5.0):dc_sweep_i(Vout)"
B_10u,B,MIR_S,5.0,FS,-55,1e-05,1.07941e-05,1.02291e-05,1.07941,1.02291,0.0214395,4.42193e+06,2.00,2.3329,0.3837,0.0353,324.911,"netlists/B_10u_MIR_S.cir(case=3,temp=-55,Vdd=5.0):dc_sweep_i(Vout)"
B_10u,B,MIR_S,5.0,FS,27,1e-05,1.06057e-05,1.01798e-05,1.06057,1.01798,0.0163532,5.87023e+06,2.00,1.8117,0.4921,0.0434,324.911,"netlists/B_10u_MIR_S.cir(case=3,temp=27,Vdd=5.0):dc_sweep_i(Vout)"
B_10u,B,MIR_S,5.0,FS,150,1e-05,1.04825e-05,1.01502e-05,1.04825,1.01502,0.0128437,7.53484e+06,2.00,1.4442,0.6257,0.0528,324.911,"netlists/B_10u_MIR_S.cir(case=3,temp=150,Vdd=5.0):dc_sweep_i(Vout)"
B_10u,B,MIR_S,5.0,SF,-55,1e-05,1.11464e-05,1.03753e-05,1.11464,1.03753,0.0285393,3.23953e+06,2.00,3.0531,0.2980,0.0282,324.911,"netlists/B_10u_MIR_S.cir(case=4,temp=-55,Vdd=5.0):dc_sweep_i(Vout)"
B_10u,B,MIR_S,5.0,SF,27,1e-05,1.0877e-05,1.02951e-05,1.08770,1.02951,0.0219188,4.29424e+06,2.00,2.3791,0.3772,0.0348,324.911,"netlists/B_10u_MIR_S.cir(case=4,temp=27,Vdd=5.0):dc_sweep_i(Vout)"
B_10u,B,MIR_S,5.0,SF,150,1e-05,1.07037e-05,1.02474e-05,1.07037,1.02474,0.0173692,5.48154e+06,2.00,1.9096,0.4690,0.0420,324.911,"netlists/B_10u_MIR_S.cir(case=4,temp=150,Vdd=5.0):dc_sweep_i(Vout)"
B_10u,B,MIR_S,5.5,TT,-55,1e-05,1.11621e-05,1.03575e-05,1.11621,1.03575,0.0278728,3.31638e+06,2.00,3.1791,0.2592,0.0241,324.911,"netlists/B_10u_MIR_S.cir(case=0,temp=-55,Vdd=5.5):dc_sweep_i(Vout)"
B_10u,B,MIR_S,5.5,TT,27,1e-05,1.08977e-05,1.02781e-05,1.08977,1.02781,0.021969,4.28417e+06,2.00,2.5682,0.3134,0.0285,324.911,"netlists/B_10u_MIR_S.cir(case=0,temp=27,Vdd=5.5):dc_sweep_i(Vout)"
B_10u,B,MIR_S,5.5,TT,150,1e-05,1.07237e-05,1.02297e-05,1.07237,1.02297,0.0177791,5.35645e+06,2.00,2.1249,0.3745,0.0329,324.911,"netlists/B_10u_MIR_S.cir(case=0,temp=150,Vdd=5.5):dc_sweep_i(Vout)"
B_10u,B,MIR_S,5.5,FF,-55,1e-05,1.13751e-05,1.0446e-05,1.13751,1.04460,0.0316584,2.87626e+06,2.00,3.5793,0.2324,0.0219,324.911,"netlists/B_10u_MIR_S.cir(case=1,temp=-55,Vdd=5.5):dc_sweep_i(Vout)"
B_10u,B,MIR_S,5.5,FF,27,1e-05,1.10631e-05,1.03476e-05,1.10631,1.03476,0.0250276,3.71624e+06,2.00,2.8960,0.2798,0.0258,324.911,"netlists/B_10u_MIR_S.cir(case=1,temp=27,Vdd=5.5):dc_sweep_i(Vout)"
B_10u,B,MIR_S,5.5,FF,150,1e-05,1.08595e-05,1.0288e-05,1.08595,1.02880,0.0203396,4.63618e+06,2.00,2.4031,0.3319,0.0299,324.911,"netlists/B_10u_MIR_S.cir(case=1,temp=150,Vdd=5.5):dc_sweep_i(Vout)"
B_10u,B,MIR_S,5.5,SS,-55,1e-05,1.09707e-05,1.02811e-05,1.09707,1.02811,0.0242628,3.8619e+06,2.00,2.7960,0.2921,0.0269,324.911,"netlists/B_10u_MIR_S.cir(case=2,temp=-55,Vdd=5.5):dc_sweep_i(Vout)"
B_10u,B,MIR_S,5.5,SS,27,1e-05,1.07494e-05,1.02181e-05,1.07494,1.02181,0.0190711,4.98806e+06,2.00,2.2566,0.3549,0.0315,324.911,"netlists/B_10u_MIR_S.cir(case=2,temp=27,Vdd=5.5):dc_sweep_i(Vout)"
B_10u,B,MIR_S,5.5,SS,150,1e-05,1.06021e-05,1.01796e-05,1.06021,1.01796,0.015365,6.25284e+06,2.00,1.8596,0.4290,0.0369,324.911,"netlists/B_10u_MIR_S.cir(case=2,temp=150,Vdd=5.5):dc_sweep_i(Vout)"
B_10u,B,MIR_S,5.5,FS,-55,1e-05,1.09735e-05,1.02805e-05,1.09735,1.02805,0.0244172,3.83753e+06,2.00,2.8243,0.2874,0.0265,324.911,"netlists/B_10u_MIR_S.cir(case=3,temp=-55,Vdd=5.5):dc_sweep_i(Vout)"
B_10u,B,MIR_S,5.5,FS,27,1e-05,1.07525e-05,1.02177e-05,1.07525,1.02177,0.0192281,4.94725e+06,2.00,2.2846,0.3483,0.0310,324.911,"netlists/B_10u_MIR_S.cir(case=3,temp=27,Vdd=5.5):dc_sweep_i(Vout)"
B_10u,B,MIR_S,5.5,FS,150,1e-05,1.06052e-05,1.01793e-05,1.06052,1.01793,0.0155156,6.19198e+06,2.00,1.8863,0.4197,0.0362,324.911,"netlists/B_10u_MIR_S.cir(case=3,temp=150,Vdd=5.5):dc_sweep_i(Vout)"
B_10u,B,MIR_S,5.5,SF,-55,1e-05,1.13721e-05,1.04468e-05,1.13721,1.04468,0.0314916,2.8914e+06,2.00,3.5488,0.2357,0.0222,324.911,"netlists/B_10u_MIR_S.cir(case=4,temp=-55,Vdd=5.5):dc_sweep_i(Vout)"
B_10u,B,MIR_S,5.5,SF,27,1e-05,1.10598e-05,1.03481e-05,1.10598,1.03481,0.0248578,3.74164e+06,2.00,2.8657,0.2844,0.0262,324.911,"netlists/B_10u_MIR_S.cir(case=4,temp=27,Vdd=5.5):dc_sweep_i(Vout)"
B_10u,B,MIR_S,5.5,SF,150,1e-05,1.08562e-05,1.02885e-05,1.08562,1.02885,0.0201745,4.67424e+06,2.00,2.3738,0.3382,0.0304,324.911,"netlists/B_10u_MIR_S.cir(case=4,temp=150,Vdd=5.5):dc_sweep_i(Vout)"
B_10u,B,MIR_CS,3.2,TT,-55,1e-05,1.00001e-05,9.99945e-06,1.00001,0.99995,0.000475218,2.10469e+08,2.00,0.3054,2.2939,1.8721,649.822,"netlists/B_10u_MIR_CS.cir(case=0,temp=-55,Vdd=3.2):dc_sweep_i(Vout)"
B_10u,B,MIR_CS,3.2,TT,27,1e-05,1.00001e-05,9.99968e-06,1.00001,0.99997,0.000224117,4.46234e+08,2.00,0.1580,2.4880,1.9429,649.822,"netlists/B_10u_MIR_CS.cir(case=0,temp=27,Vdd=3.2):dc_sweep_i(Vout)"
B_10u,B,MIR_CS,3.2,TT,150,1e-05,1.00001e-05,9.99981e-06,1.00001,0.99998,8.91459e-05,1.12179e+09,2.00,0.0658,2.6748,2.0387,649.822,"netlists/B_10u_MIR_CS.cir(case=0,temp=150,Vdd=3.2):dc_sweep_i(Vout)"
B_10u,B,MIR_CS,3.2,FF,-55,1e-05,1.00002e-05,9.99946e-06,1.00002,0.99995,0.000170311,5.87202e+08,2.00,0.1437,2.3336,1.9682,649.822,"netlists/B_10u_MIR_CS.cir(case=1,temp=-55,Vdd=3.2):dc_sweep_i(Vout)"
B_10u,B,MIR_CS,3.2,FF,27,1e-05,1.00002e-05,9.99969e-06,1.00002,0.99997,7.10251e-05,1.40799e+09,2.00,0.0532,2.5119,2.0415,649.822,"netlists/B_10u_MIR_CS.cir(case=1,temp=27,Vdd=3.2):dc_sweep_i(Vout)"
B_10u,B,MIR_CS,3.2,FF,150,1e-05,1.00002e-05,9.99983e-06,1.00002,0.99998,3.25125e-05,3.07576e+09,2.00,0.0135,2.6919,2.1415,649.822,"netlists/B_10u_MIR_CS.cir(case=1,temp=150,Vdd=3.2):dc_sweep_i(Vout)"
B_10u,B,MIR_CS,3.2,SS,-55,1e-05,1e-05,9.99924e-06,1.00000,0.99992,0.000940733,1.06339e+08,2.00,0.4333,2.2663,1.7731,649.822,"netlists/B_10u_MIR_CS.cir(case=2,temp=-55,Vdd=3.2):dc_sweep_i(Vout)"
B_10u,B,MIR_CS,3.2,SS,27,1e-05,1e-05,9.99956e-06,1.00000,0.99996,0.000521468,1.91805e+08,2.00,0.2611,2.4800,1.8414,649.822,"netlists/B_10u_MIR_CS.cir(case=2,temp=27,Vdd=3.2):dc_sweep_i(Vout)"
B_10u,B,MIR_CS,3.2,SS,150,1e-05,1.00001e-05,9.99975e-06,1.00001,0.99997,0.000259411,3.85527e+08,2.00,0.1438,2.6675,1.9325,649.822,"netlists/B_10u_MIR_CS.cir(case=2,temp=150,Vdd=3.2):dc_sweep_i(Vout)"
B_10u,B,MIR_CS,3.2,FS,-55,1e-05,1e-05,9.99925e-06,1.00000,0.99993,0.000933454,1.07168e+08,2.00,0.4310,2.2682,1.7742,649.822,"netlists/B_10u_MIR_CS.cir(case=3,temp=-55,Vdd=3.2):dc_sweep_i(Vout)"
B_10u,B,MIR_CS,3.2,FS,27,1e-05,1e-05,9.99957e-06,1.00000,0.99996,0.000515862,1.93889e+08,2.00,0.2592,2.4823,1.8429,649.822,"netlists/B_10u_MIR_CS.cir(case=3,temp=27,Vdd=3.2):dc_sweep_i(Vout)"
B_10u,B,MIR_CS,3.2,FS,150,1e-05,1.00001e-05,9.99975e-06,1.00001,0.99998,0.000255275,3.91772e+08,2.00,0.1423,2.6696,1.9345,649.822,"netlists/B_10u_MIR_CS.cir(case=3,temp=150,Vdd=3.2):dc_sweep_i(Vout)"
B_10u,B,MIR_CS,3.2,SF,-55,1e-05,1.00002e-05,9.99946e-06,1.00002,0.99995,0.000172687,5.79123e+08,2.00,0.1453,2.3322,1.9672,649.822,"netlists/B_10u_MIR_CS.cir(case=4,temp=-55,Vdd=3.2):dc_sweep_i(Vout)"
B_10u,B,MIR_CS,3.2,SF,27,1e-05,1.00002e-05,9.99969e-06,1.00002,0.99997,7.22913e-05,1.38333e+09,2.00,0.0542,2.5102,2.0403,649.822,"netlists/B_10u_MIR_CS.cir(case=4,temp=27,Vdd=3.2):dc_sweep_i(Vout)"
B_10u,B,MIR_CS,3.2,SF,150,1e-05,1.00002e-05,9.99983e-06,1.00002,0.99998,3.30285e-05,3.0277e+09,2.00,0.0140,2.6901,2.1399,649.822,"netlists/B_10u_MIR_CS.cir(case=4,temp=150,Vdd=3.2):dc_sweep_i(Vout)"
B_10u,B,MIR_CS,4.5,TT,-55,1e-05,1.00005e-05,9.99975e-06,1.00005,0.99997,3.48208e-05,2.87179e+09,2.00,0.0035,3.5920,3.1687,649.822,"netlists/B_10u_MIR_CS.cir(case=0,temp=-55,Vdd=4.5):dc_sweep_i(Vout)"
B_10u,B,MIR_CS,4.5,TT,27,1e-05,1.00004e-05,9.99987e-06,1.00004,0.99999,2.34537e-05,4.26364e+09,2.00,0.0024,3.7865,3.2401,649.822,"netlists/B_10u_MIR_CS.cir(case=0,temp=27,Vdd=4.5):dc_sweep_i(Vout)"
B_10u,B,MIR_CS,4.5,TT,150,1e-05,1.00003e-05,9.99995e-06,1.00003,0.99999,1.7562e-05,5.69402e+09,2.00,0.0018,3.9737,3.3360,649.822,"netlists/B_10u_MIR_CS.cir(case=0,temp=150,Vdd=4.5):dc_sweep_i(Vout)"
B_10u,B,MIR_CS,4.5,FF,-55,1e-05,1.00008e-05,9.99978e-06,1.00008,0.99998,4.30175e-05,2.32456e+09,2.00,0.0044,3.6317,3.2644,649.822,"netlists/B_10u_MIR_CS.cir(case=1,temp=-55,Vdd=4.5):dc_sweep_i(Vout)"
B_10u,B,MIR_CS,4.5,FF,27,1e-05,1.00006e-05,9.99991e-06,1.00006,0.99999,2.91024e-05,3.43604e+09,2.00,0.0029,3.8103,3.3383,649.822,"netlists/B_10u_MIR_CS.cir(case=1,temp=27,Vdd=4.5):dc_sweep_i(Vout)"
B_10u,B,MIR_CS,4.5,FF,150,1e-05,1.00005e-05,9.99999e-06,1.00005,1.00000,2.2072e-05,4.53051e+09,2.00,0.0022,3.9907,3.4385,649.822,"netlists/B_10u_MIR_CS.cir(case=1,temp=150,Vdd=4.5):dc_sweep_i(Vout)"
B_10u,B,MIR_CS,4.5,SS,-55,1e-05,1.00004e-05,9.99974e-06,1.00004,0.99997,2.77752e-05,3.60031e+09,2.00,0.0028,3.5646,3.0701,649.822,"netlists/B_10u_MIR_CS.cir(case=2,temp=-55,Vdd=4.5):dc_sweep_i(Vout)"
B_10u,B,MIR_CS,4.5,SS,27,1e-05,1.00003e-05,9.99985e-06,1.00003,0.99999,1.86676e-05,5.35684e+09,2.00,0.0019,3.7785,3.1388,649.822,"netlists/B_10u_MIR_CS.cir(case=2,temp=27,Vdd=4.5):dc_sweep_i(Vout)"
B_10u,B,MIR_CS,4.5,SS,150,1e-05,1.00002e-05,9.99993e-06,1.00002,0.99999,1.38436e-05,7.22347e+09,2.00,0.0014,3.9667,3.2301,649.822,"netlists/B_10u_MIR_CS.cir(case=2,temp=150,Vdd=4.5):dc_sweep_i(Vout)"
B_10u,B,MIR_CS,4.5,FS,-55,1e-05,1.00004e-05,9.99974e-06,1.00004,0.99997,2.75292e-05,3.63248e+09,2.00,0.0028,3.5665,3.0712,649.822,"netlists/B_10u_MIR_CS.cir(case=3,temp=-55,Vdd=4.5):dc_sweep_i(Vout)"
B_10u,B,MIR_CS,4.5,FS,27,1e-05,1.00003e-05,9.99986e-06,1.00003,0.99999,1.85048e-05,5.40395e+09,2.00,0.0019,3.7809,3.1403,649.822,"netlists/B_10u_MIR_CS.cir(case=3,temp=27,Vdd=4.5):dc_sweep_i(Vout)"
B_10u,B,MIR_CS,4.5,FS,150,1e-05,1.00002e-05,9.99993e-06,1.00002,0.99999,1.3722e-05,7.28748e+09,2.00,0.0014,3.9688,3.2321,649.822,"netlists/B_10u_MIR_CS.cir(case=3,temp=150,Vdd=4.5):dc_sweep_i(Vout)"
B_10u,B,MIR_CS,4.5,SF,-55,1e-05,1.00008e-05,9.99978e-06,1.00008,0.99998,4.33682e-05,2.30576e+09,2.00,0.0044,3.6303,3.2634,649.822,"netlists/B_10u_MIR_CS.cir(case=4,temp=-55,Vdd=4.5):dc_sweep_i(Vout)"
B_10u,B,MIR_CS,4.5,SF,27,1e-05,1.00006e-05,9.99991e-06,1.00006,0.99999,2.93397e-05,3.40825e+09,2.00,0.0030,3.8085,3.3370,649.822,"netlists/B_10u_MIR_CS.cir(case=4,temp=27,Vdd=4.5):dc_sweep_i(Vout)"
B_10u,B,MIR_CS,4.5,SF,150,1e-05,1.00005e-05,9.99999e-06,1.00005,1.00000,2.22535e-05,4.49356e+09,2.00,0.0022,3.9889,3.4368,649.822,"netlists/B_10u_MIR_CS.cir(case=4,temp=150,Vdd=4.5):dc_sweep_i(Vout)"
B_10u,B,MIR_CS,5.0,TT,-55,1e-05,1.00007e-05,9.99984e-06,1.00007,0.99998,3.43608e-05,2.91019e+09,2.00,0.0035,4.0913,3.6674,649.822,"netlists/B_10u_MIR_CS.cir(case=0,temp=-55,Vdd=5.0):dc_sweep_i(Vout)"
B_10u,B,MIR_CS,5.0,TT,27,1e-05,1.00005e-05,9.99993e-06,1.00005,0.99999,2.32276e-05,4.3051e+09,2.00,0.0023,4.2859,3.7389,649.822,"netlists/B_10u_MIR_CS.cir(case=0,temp=27,Vdd=5.0):dc_sweep_i(Vout)"
B_10u,B,MIR_CS,5.0,TT,150,1e-05,1.00004e-05,1e-05,1.00004,1.00000,1.74467e-05,5.7316e+09,2.00,0.0018,4.4733,3.8349,649.822,"netlists/B_10u_MIR_CS.cir(case=0,temp=150,Vdd=5.0):dc_sweep_i(Vout)"
B_10u,B,MIR_CS,5.0,FF,-55,1e-05,1.0001e-05,9.9999e-06,1.00010,0.99999,4.24175e-05,2.35739e+09,2.00,0.0043,4.1310,3.7629,649.822,"netlists/B_10u_MIR_CS.cir(case=1,temp=-55,Vdd=5.0):dc_sweep_i(Vout)"
B_10u,B,MIR_CS,5.0,FF,27,1e-05,1.00007e-05,9.99998e-06,1.00007,1.00000,2.88302e-05,3.46844e+09,2.00,0.0029,4.3097,3.8370,649.822,"netlists/B_10u_MIR_CS.cir(case=1,temp=27,Vdd=5.0):dc_sweep_i(Vout)"
B_10u,B,MIR_CS,5.0,FF,150,1e-05,1.00006e-05,1e-05,1.00006,1.00000,2.1967e-05,4.5521e+09,2.00,0.0022,4.4902,3.9373,649.822,"netlists/B_10u_MIR_CS.cir(case=1,temp=150,Vdd=5.0):dc_sweep_i(Vout)"
B_10u,B,MIR_CS,5.0,SS,-55,1e-05,1.00005e-05,9.99981e-06,1.00005,0.99998,2.74231e-05,3.64647e+09,2.00,0.0028,4.0639,3.5689,649.822,"netlists/B_10u_MIR_CS.cir(case=2,temp=-55,Vdd=5.0):dc_sweep_i(Vout)"
B_10u,B,MIR_CS,5.0,SS,27,1e-05,1.00004e-05,9.9999e-06,1.00004,0.99999,1.8479e-05,5.41146e+09,2.00,0.0019,4.2780,3.6377,649.822,"netlists/B_10u_MIR_CS.cir(case=2,temp=27,Vdd=5.0):dc_sweep_i(Vout)"
B_10u,B,MIR_CS,5.0,SS,150,1e-05,1.00003e-05,9.99996e-06,1.00003,1.00000,1.37294e-05,7.2835e+09,2.00,0.0014,4.4663,3.7291,649.822,"netlists/B_10u_MIR_CS.cir(case=2,temp=150,Vdd=5.0):dc_sweep_i(Vout)"
B_10u,B,MIR_CS,5.0,FS,-55,1e-05,1.00005e-05,9.99981e-06,1.00005,0.99998,2.71831e-05,3.67868e+09,2.00,0.0027,4.0658,3.5700,649.822,"netlists/B_10u_MIR_CS.cir(case=3,temp=-55,Vdd=5.0):dc_sweep_i(Vout)"
B_10u,B,MIR_CS,5.0,FS,27,1e-05,1.00004e-05,9.9999e-06,1.00004,0.99999,1.83203e-05,5.45833e+09,2.00,0.0018,4.2803,3.6393,649.822,"netlists/B_10u_MIR_CS.cir(case=3,temp=27,Vdd=5.0):dc_sweep_i(Vout)"
B_10u,B,MIR_CS,5.0,FS,150,1e-05,1.00003e-05,9.99996e-06,1.00003,1.00000,1.36118e-05,7.34644e+09,2.00,0.0014,4.4685,3.7311,649.822,"netlists/B_10u_MIR_CS.cir(case=3,temp=150,Vdd=5.0):dc_sweep_i(Vout)"
B_10u,B,MIR_CS,5.0,SF,-55,1e-05,1.0001e-05,9.99989e-06,1.00010,0.99999,4.27554e-05,2.33876e+09,2.00,0.0043,4.1296,3.7619,649.822,"netlists/B_10u_MIR_CS.cir(case=4,temp=-55,Vdd=5.0):dc_sweep_i(Vout)"
B_10u,B,MIR_CS,5.0,SF,27,1e-05,1.00007e-05,9.99998e-06,1.00007,1.00000,2.9058e-05,3.44125e+09,2.00,0.0029,4.3079,3.8357,649.822,"netlists/B_10u_MIR_CS.cir(case=4,temp=27,Vdd=5.0):dc_sweep_i(Vout)"
B_10u,B,MIR_CS,5.0,SF,150,1e-05,1.00006e-05,1e-05,1.00006,1.00000,2.21396e-05,4.51662e+09,2.00,0.0022,4.4884,3.9356,649.822,"netlists/B_10u_MIR_CS.cir(case=4,temp=150,Vdd=5.0):dc_sweep_i(Vout)"
B_10u,B,MIR_CS,5.5,TT,-55,1e-05,1.00009e-05,9.99993e-06,1.00009,0.99999,3.42246e-05,2.92172e+09,2.00,0.0035,4.5906,4.1660,649.822,"netlists/B_10u_MIR_CS.cir(case=0,temp=-55,Vdd=5.5):dc_sweep_i(Vout)"
B_10u,B,MIR_CS,5.5,TT,27,1e-05,1.00006e-05,9.99999e-06,1.00006,1.00000,2.33063e-05,4.29051e+09,2.00,0.0024,4.7853,4.2377,649.822,"netlists/B_10u_MIR_CS.cir(case=0,temp=27,Vdd=5.5):dc_sweep_i(Vout)"
B_10u,B,MIR_CS,5.5,TT,150,1e-05,1.00005e-05,1e-05,1.00005,1.00000,1.76548e-05,5.66399e+09,2.00,0.0018,4.9729,4.3337,649.822,"netlists/B_10u_MIR_CS.cir(case=0,temp=150,Vdd=5.5):dc_sweep_i(Vout)"
B_10u,B,MIR_CS,5.5,FF,-55,1e-05,1.00012e-05,1e-05,1.00012,1.00000,4.22732e-05,2.36538e+09,2.00,0.0043,4.6302,4.2614,649.822,"netlists/B_10u_MIR_CS.cir(case=1,temp=-55,Vdd=5.5):dc_sweep_i(Vout)"
B_10u,B,MIR_CS,5.5,FF,27,1e-05,1.00009e-05,1.00001e-05,1.00009,1.00001,2.89948e-05,3.4487e+09,2.00,0.0030,4.8090,4.3357,649.822,"netlists/B_10u_MIR_CS.cir(case=1,temp=27,Vdd=5.5):dc_sweep_i(Vout)"
B_10u,B,MIR_CS,5.5,FF,150,1e-05,1.00007e-05,1.00001e-05,1.00007,1.00001,2.23371e-05,4.47664e+09,2.00,0.0023,4.9897,4.4359,649.822,"netlists/B_10u_MIR_CS.cir(case=1,temp=150,Vdd=5.5):dc_sweep_i(Vout)"
B_10u,B,MIR_CS,5.5,SS,-55,1e-05,1.00006e-05,9.99988e-06,1.00006,0.99999,2.72996e-05,3.66292e+09,2.00,0.0027,4.5632,4.0676,649.822,"netlists/B_10u_MIR_CS.cir(case=2,temp=-55,Vdd=5.5):dc_sweep_i(Vout)"
B_10u,B,MIR_CS,5.5,SS,27,1e-05,1.00005e-05,9.99995e-06,1.00005,1.00000,1.85009e-05,5.40499e+09,2.00,0.0019,4.7774,4.1367,649.822,"netlists/B_10u_MIR_CS.cir(case=2,temp=27,Vdd=5.5):dc_sweep_i(Vout)"
B_10u,B,MIR_CS,5.5,SS,150,1e-05,1.00004e-05,1e-05,1.00004,1.00000,1.38305e-05,7.23024e+09,2.00,0.0014,4.9660,4.2281,649.822,"netlists/B_10u_MIR_CS.cir(case=2,temp=150,Vdd=5.5):dc_sweep_i(Vout)"
B_10u,B,MIR_CS,5.5,FS,-55,1e-05,1.00006e-05,9.99988e-06,1.00006,0.99999,2.70749e-05,3.69333e+09,2.00,0.0027,4.5652,4.0688,649.822,"netlists/B_10u_MIR_CS.cir(case=3,temp=-55,Vdd=5.5):dc_sweep_i(Vout)"
B_10u,B,MIR_CS,5.5,FS,27,1e-05,1.00005e-05,9.99995e-06,1.00005,1.00000,1.83549e-05,5.44799e+09,2.00,0.0019,4.7798,4.1382,649.822,"netlists/B_10u_MIR_CS.cir(case=3,temp=27,Vdd=5.5):dc_sweep_i(Vout)"
B_10u,B,MIR_CS,5.5,FS,150,1e-05,1.00004e-05,1e-05,1.00004,1.00000,1.37261e-05,7.28521e+09,2.00,0.0014,4.9681,4.2301,649.822,"netlists/B_10u_MIR_CS.cir(case=3,temp=150,Vdd=5.5):dc_sweep_i(Vout)"
B_10u,B,MIR_CS,5.5,SF,-55,1e-05,1.00012e-05,1e-05,1.00012,1.00000,4.2581e-05,2.34829e+09,2.00,0.0043,4.6288,4.2604,649.822,"netlists/B_10u_MIR_CS.cir(case=4,temp=-55,Vdd=5.5):dc_sweep_i(Vout)"
B_10u,B,MIR_CS,5.5,SF,27,1e-05,1.00009e-05,1.00001e-05,1.00009,1.00001,2.9196e-05,3.42493e+09,2.00,0.0030,4.8072,4.3343,649.822,"netlists/B_10u_MIR_CS.cir(case=4,temp=27,Vdd=5.5):dc_sweep_i(Vout)"
B_10u,B,MIR_CS,5.5,SF,150,1e-05,1.00007e-05,1.00001e-05,1.00007,1.00001,2.24805e-05,4.44807e+09,2.00,0.0023,4.9879,4.4342,649.822,"netlists/B_10u_MIR_CS.cir(case=4,temp=150,Vdd=5.5):dc_sweep_i(Vout)"
B_10u,B,MIR_CW,3.2,TT,-55,1e-05,1.00037e-05,1.00006e-05,1.00037,1.00006,0.000196488,5.08844e+08,2.00,0.0201,2.9485,2.8263,649.822,"netlists/B_10u_MIR_CW.cir(case=0,temp=-55,Vdd=3.2):dc_sweep_i(Vout)"
B_10u,B,MIR_CW,3.2,TT,27,1e-05,1.00022e-05,1.00004e-05,1.00022,1.00004,0.000111342,8.98037e+08,2.00,0.0114,2.9009,2.7703,649.822,"netlists/B_10u_MIR_CW.cir(case=0,temp=27,Vdd=3.2):dc_sweep_i(Vout)"
B_10u,B,MIR_CW,3.2,TT,150,1e-05,1.00013e-05,1.00003e-05,1.00013,1.00003,6.11583e-05,1.63499e+09,2.00,0.0063,2.8360,2.6748,649.822,"netlists/B_10u_MIR_CW.cir(case=0,temp=150,Vdd=3.2):dc_sweep_i(Vout)"
B_10u,B,MIR_CW,3.2,FF,-55,1e-05,1.00017e-05,1.00004e-05,1.00017,1.00004,8.5237e-05,1.1731e+09,2.00,0.0087,2.9609,2.8205,649.822,"netlists/B_10u_MIR_CW.cir(case=1,temp=-55,Vdd=3.2):dc_sweep_i(Vout)"
B_10u,B,MIR_CW,3.2,FF,27,1e-05,1.00011e-05,1.00003e-05,1.00011,1.00003,5.43174e-05,1.84092e+09,2.00,0.0055,2.9217,2.7544,649.822,"netlists/B_10u_MIR_CW.cir(case=1,temp=27,Vdd=3.2):dc_sweep_i(Vout)"
B_10u,B,MIR_CW,3.2,FF,150,1e-05,1.00008e-05,1.00002e-05,1.00008,1.00002,3.63761e-05,2.74894e+09,2.00,0.0037,2.8662,2.6540,649.822,"netlists/B_10u_MIR_CW.cir(case=1,temp=150,Vdd=3.2):dc_sweep_i(Vout)"
B_10u,B,MIR_CW,3.2,SS,-55,1e-05,1.00276e-05,1.00033e-05,1.00276,1.00033,0.00153698,6.49811e+07,2.00,0.1572,2.9018,0.6782,649.822,"netlists/B_10u_MIR_CW.cir(case=2,temp=-55,Vdd=3.2):dc_sweep_i(Vout)"
B_10u,B,MIR_CW,3.2,SS,27,1e-05,1.00137e-05,1.00021e-05,1.00137,1.00021,0.000735651,1.35846e+08,2.00,0.0752,2.8518,1.3845,649.822,"netlists/B_10u_MIR_CW.cir(case=2,temp=27,Vdd=3.2):dc_sweep_i(Vout)"
B_10u,B,MIR_CW,3.2,SS,150,1e-05,1.00062e-05,1.00012e-05,1.00062,1.00012,0.000312405,3.19998e+08,2.00,0.0321,2.7737,2.5651,649.822,"netlists/B_10u_MIR_CW.cir(case=2,temp=150,Vdd=3.2):dc_sweep_i(Vout)"
B_10u,B,MIR_CW,3.2,FS,-55,1e-05,1.00269e-05,1.00032e-05,1.00269,1.00032,0.00149966,6.66001e+07,2.00,0.1534,2.9030,0.6948,649.822,"netlists/B_10u_MIR_CW.cir(case=3,temp=-55,Vdd=3.2):dc_sweep_i(Vout)"
B_10u,B,MIR_CW,3.2,FS,27,1e-05,1.00133e-05,1.0002e-05,1.00133,1.00020,0.000713719,1.40023e+08,2.00,0.0730,2.8530,1.4254,649.822,"netlists/B_10u_MIR_CW.cir(case=3,temp=27,Vdd=3.2):dc_sweep_i(Vout)"
B_10u,B,MIR_CW,3.2,FS,150,1e-05,1.0006e-05,1.00012e-05,1.00060,1.00012,0.000301568,3.31501e+08,2.00,0.0310,2.7753,2.5759,649.822,"netlists/B_10u_MIR_CW.cir(case=3,temp=150,Vdd=3.2):dc_sweep_i(Vout)"
B_10u,B,MIR_CW,3.2,SF,-55,1e-05,1.00017e-05,1.00004e-05,1.00017,1.00004,8.61754e-05,1.16032e+09,2.00,0.0088,2.9605,2.8203,649.822,"netlists/B_10u_MIR_CW.cir(case=4,temp=-55,Vdd=3.2):dc_sweep_i(Vout)"
B_10u,B,MIR_CW,3.2,SF,27,1e-05,1.00012e-05,1.00003e-05,1.00012,1.00003,5.49648e-05,1.81924e+09,2.00,0.0056,2.9212,2.7541,649.822,"netlists/B_10u_MIR_CW.cir(case=4,temp=27,Vdd=3.2):dc_sweep_i(Vout)"
B_10u,B,MIR_CW,3.2,SF,150,1e-05,1.00008e-05,1.00002e-05,1.00008,1.00002,3.68141e-05,2.71622e+09,2.00,0.0038,2.8654,2.6537,649.822,"netlists/B_10u_MIR_CW.cir(case=4,temp=150,Vdd=3.2):dc_sweep_i(Vout)"
B_10u,B,MIR_CW,4.5,TT,-55,1e-05,1.00062e-05,1.00019e-05,1.00062,1.00019,0.000185113,5.39977e+08,2.00,0.0187,4.2473,4.0947,649.822,"netlists/B_10u_MIR_CW.cir(case=0,temp=-55,Vdd=4.5):dc_sweep_i(Vout)"
B_10u,B,MIR_CW,4.5,TT,27,1e-05,1.00036e-05,1.00012e-05,1.00036,1.00012,0.000106469,9.39002e+08,2.00,0.0108,4.2001,4.0610,649.822,"netlists/B_10u_MIR_CW.cir(case=0,temp=27,Vdd=4.5):dc_sweep_i(Vout)"
B_10u,B,MIR_CW,4.5,TT,150,1e-05,1.00021e-05,1.00007e-05,1.00021,1.00007,5.87855e-05,1.70085e+09,2.00,0.0059,4.1355,3.9698,649.822,"netlists/B_10u_MIR_CW.cir(case=0,temp=150,Vdd=4.5):dc_sweep_i(Vout)"
B_10u,B,MIR_CW,4.5,FF,-55,1e-05,1.00028e-05,1.00009e-05,1.00028,1.00009,8.11747e-05,1.23167e+09,2.00,0.0082,4.2603,4.1145,649.822,"netlists/B_10u_MIR_CW.cir(case=1,temp=-55,Vdd=4.5):dc_sweep_i(Vout)"
B_10u,B,MIR_CW,4.5,FF,27,1e-05,1.00018e-05,1.00006e-05,1.00018,1.00006,5.22916e-05,1.9121e+09,2.00,0.0053,4.2213,4.0503,649.822,"netlists/B_10u_MIR_CW.cir(case=1,temp=27,Vdd=4.5):dc_sweep_i(Vout)"
B_10u,B,MIR_CW,4.5,FF,150,1e-05,1.00013e-05,1.00005e-05,1.00013,1.00005,3.50982e-05,2.84888e+09,2.00,0.0035,4.1658,3.9506,649.822,"netlists/B_10u_MIR_CW.cir(case=1,temp=150,Vdd=4.5):dc_sweep_i(Vout)"
B_10u,B,MIR_CW,4.5,SS,-55,1e-05,1.00465e-05,1.00135e-05,1.00465,1.00135,0.00144782,6.88496e+07,2.00,0.1461,4.1859,0.6835,649.822,"netlists/B_10u_MIR_CW.cir(case=2,temp=-55,Vdd=4.5):dc_sweep_i(Vout)"
B_10u,B,MIR_CW,4.5,SS,27,1e-05,1.00229e-05,1.0007e-05,1.00229,1.00070,0.000701159,1.42395e+08,2.00,0.0709,4.1464,1.4186,649.822,"netlists/B_10u_MIR_CW.cir(case=2,temp=27,Vdd=4.5):dc_sweep_i(Vout)"
B_10u,B,MIR_CW,4.5,SS,150,1e-05,1.00101e-05,1.00033e-05,1.00101,1.00033,0.000298425,3.34856e+08,2.00,0.0302,4.0713,3.2488,649.822,"netlists/B_10u_MIR_CW.cir(case=2,temp=150,Vdd=4.5):dc_sweep_i(Vout)"
B_10u,B,MIR_CW,4.5,FS,-55,1e-05,1.00454e-05,1.00131e-05,1.00454,1.00131,0.00141399,7.05025e+07,2.00,0.1426,4.1883,0.6987,649.822,"netlists/B_10u_MIR_CW.cir(case=3,temp=-55,Vdd=4.5):dc_sweep_i(Vout)"
B_10u,B,MIR_CW,4.5,FS,27,1e-05,1.00223e-05,1.00068e-05,1.00223,1.00068,0.000680988,1.4662e+08,2.00,0.0690,4.1479,1.4594,649.822,"netlists/B_10u_MIR_CW.cir(case=3,temp=27,Vdd=4.5):dc_sweep_i(Vout)"
B_10u,B,MIR_CW,4.5,FS,150,1e-05,1.00097e-05,1.00032e-05,1.00097,1.00032,0.000288385,3.46522e+08,2.00,0.0292,4.0729,3.3494,649.822,"netlists/B_10u_MIR_CW.cir(case=3,temp=150,Vdd=4.5):dc_sweep_i(Vout)"
B_10u,B,MIR_CW,4.5,SF,-55,1e-05,1.00028e-05,1.00009e-05,1.00028,1.00009,8.20085e-05,1.21915e+09,2.00,0.0083,4.2599,4.1141,649.822,"netlists/B_10u_MIR_CW.cir(case=4,temp=-55,Vdd=4.5):dc_sweep_i(Vout)"
B_10u,B,MIR_CW,4.5,SF,27,1e-05,1.00018e-05,1.00006e-05,1.00018,1.00006,5.2889e-05,1.8905e+09,2.00,0.0054,4.2207,4.0500,649.822,"netlists/B_10u_MIR_CW.cir(case=4,temp=27,Vdd=4.5):dc_sweep_i(Vout)"
B_10u,B,MIR_CW,4.5,SF,150,1e-05,1.00013e-05,1.00005e-05,1.00013,1.00005,3.55022e-05,2.81646e+09,2.00,0.0036,4.1650,3.9502,649.822,"netlists/B_10u_MIR_CW.cir(case=4,temp=150,Vdd=4.5):dc_sweep_i(Vout)"
B_10u,B,MIR_CW,5.0,TT,-55,1e-05,1.00072e-05,1.00024e-05,1.00072,1.00024,0.000187129,5.34111e+08,2.00,0.0194,4.7467,4.5620,649.822,"netlists/B_10u_MIR_CW.cir(case=0,temp=-55,Vdd=5.0):dc_sweep_i(Vout)"
B_10u,B,MIR_CW,5.0,TT,27,1e-05,1.00042e-05,1.00015e-05,1.00042,1.00015,0.000108679,9.19855e+08,2.00,0.0114,4.6998,4.5561,649.822,"netlists/B_10u_MIR_CW.cir(case=0,temp=27,Vdd=5.0):dc_sweep_i(Vout)"
B_10u,B,MIR_CW,5.0,TT,150,1e-05,1.00024e-05,1.00009e-05,1.00024,1.00009,6.01554e-05,1.66207e+09,2.00,0.0063,4.6352,4.4672,649.822,"netlists/B_10u_MIR_CW.cir(case=0,temp=150,Vdd=5.0):dc_sweep_i(Vout)"
B_10u,B,MIR_CW,5.0,FF,-55,1e-05,1.00032e-05,1.00011e-05,1.00032,1.00011,8.19127e-05,1.22052e+09,2.00,0.0084,4.7600,4.6119,649.822,"netlists/B_10u_MIR_CW.cir(case=1,temp=-55,Vdd=5.0):dc_sweep_i(Vout)"
B_10u,B,MIR_CW,5.0,FF,27,1e-05,1.00021e-05,1.00008e-05,1.00021,1.00008,5.31395e-05,1.88155e+09,2.00,0.0055,4.7211,4.5484,649.822,"netlists/B_10u_MIR_CW.cir(case=1,temp=27,Vdd=5.0):dc_sweep_i(Vout)"
B_10u,B,MIR_CW,5.0,FF,150,1e-05,1.00015e-05,1.00006e-05,1.00015,1.00006,3.57225e-05,2.79905e+09,2.00,0.0037,4.6656,4.4490,649.822,"netlists/B_10u_MIR_CW.cir(case=1,temp=150,Vdd=5.0):dc_sweep_i(Vout)"
B_10u,B,MIR_CW,5.0,SS,-55,1e-05,1.00548e-05,1.00173e-05,1.00548,1.00173,0.0014742,6.7568e+07,2.00,0.1542,4.6758,0.6186,649.822,"netlists/B_10u_MIR_CW.cir(case=2,temp=-55,Vdd=5.0):dc_sweep_i(Vout)"
B_10u,B,MIR_CW,5.0,SS,27,1e-05,1.00271e-05,1.00088e-05,1.00271,1.00088,0.000721014,1.38425e+08,2.00,0.0763,4.6438,1.3262,649.822,"netlists/B_10u_MIR_CW.cir(case=2,temp=27,Vdd=5.0):dc_sweep_i(Vout)"
B_10u,B,MIR_CW,5.0,SS,150,1e-05,1.00119e-05,1.00041e-05,1.00119,1.00041,0.000307386,3.25045e+08,2.00,0.0326,4.5702,3.2103,649.822,"netlists/B_10u_MIR_CW.cir(case=2,temp=150,Vdd=5.0):dc_sweep_i(Vout)"
B_10u,B,MIR_CW,5.0,FS,-55,1e-05,1.00536e-05,1.00168e-05,1.00536,1.00168,0.00144273,6.90479e+07,2.00,0.1512,4.6790,0.6299,649.822,"netlists/B_10u_MIR_CW.cir(case=3,temp=-55,Vdd=5.0):dc_sweep_i(Vout)"
B_10u,B,MIR_CW,5.0,FS,27,1e-05,1.00263e-05,1.00085e-05,1.00263,1.00085,0.000701935,1.42195e+08,2.00,0.0744,4.6453,1.3621,649.822,"netlists/B_10u_MIR_CW.cir(case=3,temp=27,Vdd=5.0):dc_sweep_i(Vout)"
B_10u,B,MIR_CW,5.0,FS,150,1e-05,1.00115e-05,1.00039e-05,1.00115,1.00039,0.000297765,3.35556e+08,2.00,0.0317,4.5718,3.3140,649.822,"netlists/B_10u_MIR_CW.cir(case=3,temp=150,Vdd=5.0):dc_sweep_i(Vout)"
B_10u,B,MIR_CW,5.0,SF,-55,1e-05,1.00032e-05,1.00011e-05,1.00032,1.00011,8.2636e-05,1.20984e+09,2.00,0.0085,4.7596,4.6115,649.822,"netlists/B_10u_MIR_CW.cir(case=4,temp=-55,Vdd=5.0):dc_sweep_i(Vout)"
B_10u,B,MIR_CW,5.0,SF,27,1e-05,1.00021e-05,1.00008e-05,1.00021,1.00008,5.36579e-05,1.86336e+09,2.00,0.0055,4.7205,4.5481,649.822,"netlists/B_10u_MIR_CW.cir(case=4,temp=27,Vdd=5.0):dc_sweep_i(Vout)"
B_10u,B,MIR_CW,5.0,SF,150,1e-05,1.00015e-05,1.00006e-05,1.00015,1.00006,3.60793e-05,2.77137e+09,2.00,0.0037,4.6648,4.4486,649.822,"netlists/B_10u_MIR_CW.cir(case=4,temp=150,Vdd=5.0):dc_sweep_i(Vout)"
B_10u,B,MIR_CW,5.5,TT,-55,1e-05,1.00084e-05,1.00029e-05,1.00084,1.00029,0.00019938,5.01244e+08,2.00,0.0218,5.2461,4.9004,649.822,"netlists/B_10u_MIR_CW.cir(case=0,temp=-55,Vdd=5.5):dc_sweep_i(Vout)"
B_10u,B,MIR_CW,5.5,TT,27,1e-05,1.0005e-05,1.00017e-05,1.00050,1.00017,0.000117916,8.4775e+08,2.00,0.0131,5.1993,5.0497,649.822,"netlists/B_10u_MIR_CW.cir(case=0,temp=27,Vdd=5.5):dc_sweep_i(Vout)"
B_10u,B,MIR_CW,5.5,TT,150,1e-05,1.00028e-05,1.0001e-05,1.00028,1.00010,6.56994e-05,1.52177e+09,2.00,0.0074,5.1350,4.9641,649.822,"netlists/B_10u_MIR_CW.cir(case=0,temp=150,Vdd=5.5):dc_sweep_i(Vout)"
B_10u,B,MIR_CW,5.5,FF,-55,1e-05,1.00037e-05,1.00013e-05,1.00037,1.00013,8.64951e-05,1.15581e+09,2.00,0.0093,5.2596,5.1086,649.822,"netlists/B_10u_MIR_CW.cir(case=1,temp=-55,Vdd=5.5):dc_sweep_i(Vout)"
B_10u,B,MIR_CW,5.5,FF,27,1e-05,1.00024e-05,1.00009e-05,1.00024,1.00009,5.6903e-05,1.75705e+09,2.00,0.0061,5.2208,5.0461,649.822,"netlists/B_10u_MIR_CW.cir(case=1,temp=27,Vdd=5.5):dc_sweep_i(Vout)"
B_10u,B,MIR_CW,5.5,FF,150,1e-05,1.00017e-05,1.00007e-05,1.00017,1.00007,3.84097e-05,2.60318e+09,2.00,0.0042,5.1654,4.9470,649.822,"netlists/B_10u_MIR_CW.cir(case=1,temp=150,Vdd=5.5):dc_sweep_i(Vout)"
B_10u,B,MIR_CW,5.5,SS,-55,1e-05,1.00648e-05,1.0021e-05,1.00648,1.00210,0.00159552,6.23816e+07,2.00,0.1762,5.1578,0.5006,649.822,"netlists/B_10u_MIR_CW.cir(case=2,temp=-55,Vdd=5.5):dc_sweep_i(Vout)"
B_10u,B,MIR_CW,5.5,SS,27,1e-05,1.00323e-05,1.00106e-05,1.00323,1.00106,0.000796221,1.25301e+08,2.00,0.0898,5.1405,1.0894,649.822,"netlists/B_10u_MIR_CW.cir(case=2,temp=27,Vdd=5.5):dc_sweep_i(Vout)"
B_10u,B,MIR_CW,5.5,SS,150,1e-05,1.00142e-05,1.00048e-05,1.00142,1.00048,0.00034198,2.92115e+08,2.00,0.0390,5.0686,2.9747,649.822,"netlists/B_10u_MIR_CW.cir(case=2,temp=150,Vdd=5.5):dc_sweep_i(Vout)"
B_10u,B,MIR_CW,5.5,FS,-55,1e-05,1.00635e-05,1.00205e-05,1.00635,1.00205,0.00156752,6.35027e+07,2.00,0.1737,5.1625,0.5067,649.822,"netlists/B_10u_MIR_CW.cir(case=3,temp=-55,Vdd=5.5):dc_sweep_i(Vout)"
B_10u,B,MIR_CW,5.5,FS,27,1e-05,1.00315e-05,1.00103e-05,1.00315,1.00103,0.000778638,1.28139e+08,2.00,0.0881,5.1420,1.1136,649.822,"netlists/B_10u_MIR_CW.cir(case=3,temp=27,Vdd=5.5):dc_sweep_i(Vout)"
B_10u,B,MIR_CW,5.5,FS,150,1e-05,1.00137e-05,1.00047e-05,1.00137,1.00047,0.000332894,3.00099e+08,2.00,0.0381,5.0704,3.0702,649.822,"netlists/B_10u_MIR_CW.cir(case=3,temp=150,Vdd=5.5):dc_sweep_i(Vout)"
B_10u,B,MIR_CW,5.5,SF,-55,1e-05,1.00038e-05,1.00014e-05,1.00038,1.00014,8.70047e-05,1.14904e+09,2.00,0.0093,5.2592,5.1082,649.822,"netlists/B_10u_MIR_CW.cir(case=4,temp=-55,Vdd=5.5):dc_sweep_i(Vout)"
B_10u,B,MIR_CW,5.5,SF,27,1e-05,1.00025e-05,1.00009e-05,1.00025,1.00009,5.72708e-05,1.74577e+09,2.00,0.0062,5.2203,5.0457,649.822,"netlists/B_10u_MIR_CW.cir(case=4,temp=27,Vdd=5.5):dc_sweep_i(Vout)"
B_10u,B,MIR_CW,5.5,SF,150,1e-05,1.00017e-05,1.00007e-05,1.00017,1.00007,3.866e-05,2.58632e+09,2.00,0.0042,5.1646,4.9466,649.822,"netlists/B_10u_MIR_CW.cir(case=4,temp=150,Vdd=5.5):dc_sweep_i(Vout)"
B_100u,B,MIR_S,3.2,TT,-55,0.0001,0.000104693,0.000100781,1.04693,1.00781,0.0239268,408751,2.00,2.3985,0.4283,0.0427,3182.611,"netlists/B_100u_MIR_S.cir(case=0,temp=-55,Vdd=3.2):dc_sweep_i(Vout)"
B_100u,B,MIR_S,3.2,TT,27,0.0001,0.000103609,0.00010071,1.03609,1.00710,0.0178154,551401,2.00,1.7880,0.5726,0.0571,3182.611,"netlists/B_100u_MIR_S.cir(case=0,temp=27,Vdd=3.2):dc_sweep_i(Vout)"
B_100u,B,MIR_S,3.2,TT,150,0.0001,0.000102936,0.000100699,1.02936,1.00699,0.0137923,714053,2.00,1.3869,0.7383,0.0737,3182.611,"netlists/B_100u_MIR_S.cir(case=0,temp=150,Vdd=3.2):dc_sweep_i(Vout)"
B_100u,B,MIR_S,3.2,FF,-55,0.0001,0.000105767,0.000101193,1.05767,1.01193,0.0277956,349601,2.00,2.7854,0.3699,0.0369,3182.611,"netlists/B_100u_MIR_S.cir(case=1,temp=-55,Vdd=3.2):dc_sweep_i(Vout)"
B_100u,B,MIR_S,3.2,FF,27,0.0001,0.000104447,0.000101048,1.04447,1.01048,0.0207752,470415,2.00,2.0840,0.4922,0.0491,3182.611,"netlists/B_100u_MIR_S.cir(case=1,temp=27,Vdd=3.2):dc_sweep_i(Vout)"
B_100u,B,MIR_S,3.2,FF,150,0.0001,0.000103633,0.000101001,1.03633,1.01001,0.0161515,607065,2.00,1.6230,0.6315,0.0630,3182.611,"netlists/B_100u_MIR_S.cir(case=1,temp=150,Vdd=3.2):dc_sweep_i(Vout)"
B_100u,B,MIR_S,3.2,SS,-55,0.0001,0.000103754,0.000100451,1.03754,1.00451,0.0203162,484038,2.00,2.0374,0.5030,0.0502,3182.611,"netlists/B_100u_MIR_S.cir(case=2,temp=-55,Vdd=3.2):dc_sweep_i(Vout)"
B_100u,B,MIR_S,3.2,SS,27,0.0001,0.000102878,0.000100437,1.02878,1.00437,0.0150702,654705,2.00,1.5134,0.6755,0.0674,3182.611,"netlists/B_100u_MIR_S.cir(case=2,temp=27,Vdd=3.2):dc_sweep_i(Vout)"
B_100u,B,MIR_S,3.2,SS,150,0.0001,0.000102331,0.000100455,1.02331,1.00455,0.0116191,850794,2.00,1.1694,0.8750,0.0874,3182.611,"netlists/B_100u_MIR_S.cir(case=2,temp=150,Vdd=3.2):dc_sweep_i(Vout)"
B_100u,B,MIR_S,3.2,FS,-55,0.0001,0.000103746,0.000100451,1.03746,1.00451,0.0202643,485292,2.00,2.0322,0.5042,0.0503,3182.611,"netlists/B_100u_MIR_S.cir(case=3,temp=-55,Vdd=3.2):dc_sweep_i(Vout)"
B_100u,B,MIR_S,3.2,FS,27,0.0001,0.000102872,0.000100437,1.02872,1.00437,0.0150333,656324,2.00,1.5097,0.6771,0.0675,3182.611,"netlists/B_100u_MIR_S.cir(case=3,temp=27,Vdd=3.2):dc_sweep_i(Vout)"
B_100u,B,MIR_S,3.2,FS,150,0.0001,0.000102327,0.000100455,1.02327,1.00455,0.011591,852869,2.00,1.1666,0.8771,0.0876,3182.611,"netlists/B_100u_MIR_S.cir(case=3,temp=150,Vdd=3.2):dc_sweep_i(Vout)"
B_100u,B,MIR_S,3.2,SF,-55,0.0001,0.000105778,0.000101194,1.05778,1.01194,0.0278544,348847,2.00,2.7912,0.3692,0.0369,3182.611,"netlists/B_100u_MIR_S.cir(case=4,temp=-55,Vdd=3.2):dc_sweep_i(Vout)"
B_100u,B,MIR_S,3.2,SF,27,0.0001,0.000104455,0.000101049,1.04455,1.01049,0.0208189,469410,2.00,2.0884,0.4912,0.0490,3182.611,"netlists/B_100u_MIR_S.cir(case=4,temp=27,Vdd=3.2):dc_sweep_i(Vout)"
B_100u,B,MIR_S,3.2,SF,150,0.0001,0.000103639,0.000101001,1.03639,1.01001,0.0161859,605760,2.00,1.6264,0.6302,0.0629,3182.611,"netlists/B_100u_MIR_S.cir(case=4,temp=150,Vdd=3.2):dc_sweep_i(Vout)"
B_100u,B,MIR_S,4.5,TT,-55,0.0001,0.000108043,0.000102372,1.08043,1.02372,0.0237601,399103,2.00,2.4543,0.3946,0.0377,3182.611,"netlists/B_100u_MIR_S.cir(case=0,temp=-55,Vdd=4.5):dc_sweep_i(Vout)"
B_100u,B,MIR_S,4.5,TT,27,0.0001,0.000106116,0.00010189,1.06116,1.01890,0.0178976,536332,2.00,1.8615,0.5190,0.0485,3182.611,"netlists/B_100u_MIR_S.cir(case=0,temp=27,Vdd=4.5):dc_sweep_i(Vout)"
B_100u,B,MIR_S,4.5,TT,150,0.0001,0.000104883,0.000101611,1.04883,1.01611,0.013944,693736,2.00,1.4583,0.6668,0.0608,3182.611,"netlists/B_100u_MIR_S.cir(case=0,temp=150,Vdd=4.5):dc_sweep_i(Vout)"
B_100u,B,MIR_S,4.5,FF,-55,0.0001,0.000109673,0.000103053,1.09673,1.03053,0.0274371,341724,2.00,2.8285,0.3430,0.0329,3182.611,"netlists/B_100u_MIR_S.cir(case=1,temp=-55,Vdd=4.5):dc_sweep_i(Vout)"
B_100u,B,MIR_S,4.5,FF,27,0.0001,0.000107376,0.000102431,1.07376,1.02431,0.0207683,458088,2.00,2.1547,0.4477,0.0423,3182.611,"netlists/B_100u_MIR_S.cir(case=1,temp=27,Vdd=4.5):dc_sweep_i(Vout)"
B_100u,B,MIR_S,4.5,FF,150,0.0001,0.000105916,0.000102073,1.05916,1.02073,0.0162664,590271,2.00,1.6967,0.5698,0.0527,3182.611,"netlists/B_100u_MIR_S.cir(case=1,temp=150,Vdd=4.5):dc_sweep_i(Vout)"
B_100u,B,MIR_S,4.5,SS,-55,0.0001,0.000106593,0.000101795,1.06593,1.01795,0.0202934,472008,2.00,2.1015,0.4607,0.0436,3182.611,"netlists/B_100u_MIR_S.cir(case=2,temp=-55,Vdd=4.5):dc_sweep_i(Vout)"
B_100u,B,MIR_S,4.5,SS,27,0.0001,0.000104998,0.000101431,1.04998,1.01431,0.0152124,636007,2.00,1.5870,0.6113,0.0563,3182.611,"netlists/B_100u_MIR_S.cir(case=2,temp=27,Vdd=4.5):dc_sweep_i(Vout)"
B_100u,B,MIR_S,4.5,SS,150,0.0001,0.000103971,0.00010122,1.03971,1.01220,0.0117884,825980,2.00,1.2365,0.7935,0.0710,3182.611,"netlists/B_100u_MIR_S.cir(case=2,temp=150,Vdd=4.5):dc_sweep_i(Vout)"
B_100u,B,MIR_S,4.5,FS,-55,0.0001,0.000106585,0.000101792,1.06585,1.01792,0.0202729,472525,2.00,2.1027,0.4593,0.0434,3182.611,"netlists/B_100u_MIR_S.cir(case=3,temp=-55,Vdd=4.5):dc_sweep_i(Vout)"
B_100u,B,MIR_S,4.5,FS,27,0.0001,0.000104994,0.000101429,1.04994,1.01429,0.0152033,636420,2.00,1.5891,0.6091,0.0559,3182.611,"netlists/B_100u_MIR_S.cir(case=3,temp=27,Vdd=4.5):dc_sweep_i(Vout)"
B_100u,B,MIR_S,4.5,FS,150,0.0001,0.000103969,0.000101218,1.03969,1.01218,0.0117845,826288,2.00,1.2389,0.7906,0.0705,3182.611,"netlists/B_100u_MIR_S.cir(case=3,temp=150,Vdd=4.5):dc_sweep_i(Vout)"
B_100u,B,MIR_S,4.5,SF,-55,0.0001,0.000109683,0.000103058,1.09683,1.03058,0.0274599,341404,2.00,2.8271,0.3440,0.0330,3182.611,"netlists/B_100u_MIR_S.cir(case=4,temp=-55,Vdd=4.5):dc_sweep_i(Vout)"
B_100u,B,MIR_S,4.5,SF,27,0.0001,0.000107382,0.000102435,1.07382,1.02435,0.0207799,457797,2.00,2.1524,0.4493,0.0426,3182.611,"netlists/B_100u_MIR_S.cir(case=4,temp=27,Vdd=4.5):dc_sweep_i(Vout)"
B_100u,B,MIR_S,4.5,SF,150,0.0001,0.00010592,0.000102076,1.05920,1.02076,0.0162724,590021,2.00,1.6941,0.5720,0.0531,3182.611,"netlists/B_100u_MIR_S.cir(case=4,temp=150,Vdd=4.5):dc_sweep_i(Vout)"
B_100u,B,MIR_S,5.0,TT,-55,0.0001,0.000109624,0.000102983,1.09624,1.02983,0.0248989,376198,2.00,2.6840,0.3360,0.0314,3182.611,"netlists/B_100u_MIR_S.cir(case=0,temp=-55,Vdd=5.0):dc_sweep_i(Vout)"
B_100u,B,MIR_S,5.0,TT,27,0.0001,0.00010735,0.000102342,1.07350,1.02342,0.0190545,499080,2.00,2.0870,0.4281,0.0388,3182.611,"netlists/B_100u_MIR_S.cir(case=0,temp=27,Vdd=5.0):dc_sweep_i(Vout)"
B_100u,B,MIR_S,5.0,TT,150,0.0001,0.000105877,0.00010196,1.05877,1.01960,0.0150338,638733,2.00,1.6695,0.5375,0.0469,3182.611,"netlists/B_100u_MIR_S.cir(case=0,temp=150,Vdd=5.0):dc_sweep_i(Vout)"
B_100u,B,MIR_S,5.0,FF,-55,0.0001,0.000111491,0.000103767,1.11491,1.03767,0.0285841,323407,2.00,3.0658,0.2954,0.0278,3182.611,"netlists/B_100u_MIR_S.cir(case=1,temp=-55,Vdd=5.0):dc_sweep_i(Vout)"
B_100u,B,MIR_S,5.0,FF,27,0.0001,0.000108795,0.000102962,1.08795,1.02962,0.0219725,428326,2.00,2.3915,0.3735,0.0344,3182.611,"netlists/B_100u_MIR_S.cir(case=1,temp=27,Vdd=5.0):dc_sweep_i(Vout)"
B_100u,B,MIR_S,5.0,FF,150,0.0001,0.000107061,0.000102484,1.07061,1.02484,0.0174268,546284,2.00,1.9220,0.4637,0.0415,3182.611,"netlists/B_100u_MIR_S.cir(case=1,temp=150,Vdd=5.0):dc_sweep_i(Vout)"
B_100u,B,MIR_S,5.0,SS,-55,0.0001,0.000107955,0.000102311,1.07955,1.02311,0.0214067,442769,2.00,2.3220,0.3874,0.0357,3182.611,"netlists/B_100u_MIR_S.cir(case=2,temp=-55,Vdd=5.0):dc_sweep_i(Vout)"
B_100u,B,MIR_S,5.0,SS,27,0.0001,0.000106061,0.000101812,1.06061,1.01812,0.0163103,588472,2.00,1.7998,0.4982,0.0442,3182.611,"netlists/B_100u_MIR_S.cir(case=2,temp=27,Vdd=5.0):dc_sweep_i(Vout)"
B_100u,B,MIR_S,5.0,SS,150,0.0001,0.000104825,0.000101513,1.04825,1.01513,0.0127994,756002,2.00,1.4329,0.6343,0.0537,3182.611,"netlists/B_100u_MIR_S.cir(case=2,temp=150,Vdd=5.0):dc_sweep_i(Vout)"
B_100u,B,MIR_S,5.0,FS,-55,0.0001,0.000107958,0.000102306,1.07958,1.02306,0.021444,442031,2.00,2.3330,0.3837,0.0353,3182.611,"netlists/B_100u_MIR_S.cir(case=3,temp=-55,Vdd=5.0):dc_sweep_i(Vout)"
B_100u,B,MIR_S,5.0,FS,27,0.0001,0.000106069,0.000101809,1.06069,1.01809,0.0163554,586875,2.00,1.8111,0.4925,0.0436,3182.611,"netlists/B_100u_MIR_S.cir(case=3,temp=27,Vdd=5.0):dc_sweep_i(Vout)"
B_100u,B,MIR_S,5.0,FS,150,0.0001,0.000104834,0.00010151,1.04834,1.01510,0.012845,753341,2.00,1.4438,0.6261,0.0529,3182.611,"netlists/B_100u_MIR_S.cir(case=3,temp=150,Vdd=5.0):dc_sweep_i(Vout)"
B_100u,B,MIR_S,5.0,SF,-55,0.0001,0.000111489,0.000103774,1.11489,1.03774,0.0285433,323838,2.00,3.0538,0.2978,0.0280,3182.611,"netlists/B_100u_MIR_S.cir(case=4,temp=-55,Vdd=5.0):dc_sweep_i(Vout)"
B_100u,B,MIR_S,5.0,SF,27,0.0001,0.000108788,0.000102967,1.08788,1.02967,0.0219241,429246,2.00,2.3792,0.3773,0.0348,3182.611,"netlists/B_100u_MIR_S.cir(case=4,temp=27,Vdd=5.0):dc_sweep_i(Vout)"
B_100u,B,MIR_S,5.0,SF,150,0.0001,0.000107053,0.000102488,1.07053,1.02488,0.017377,547827,2.00,1.9100,0.4690,0.0420,3182.611,"netlists/B_100u_MIR_S.cir(case=4,temp=150,Vdd=5.0):dc_sweep_i(Vout)"
B_100u,B,MIR_S,5.5,TT,-55,0.0001,0.000111641,0.000103593,1.11641,1.03593,0.027872,331587,2.00,3.1784,0.2593,0.0242,3182.611,"netlists/B_100u_MIR_S.cir(case=0,temp=-55,Vdd=5.5):dc_sweep_i(Vout)"
B_100u,B,MIR_S,5.5,TT,27,0.0001,0.000108991,0.000102794,1.08991,1.02794,0.0219665,428405,2.00,2.5672,0.3136,0.0285,3182.611,"netlists/B_100u_MIR_S.cir(case=0,temp=27,Vdd=5.5):dc_sweep_i(Vout)"
B_100u,B,MIR_S,5.5,TT,150,0.0001,0.000107248,0.000102308,1.07248,1.02308,0.0177758,535681,2.00,2.1238,0.3749,0.0329,3182.611,"netlists/B_100u_MIR_S.cir(case=0,temp=150,Vdd=5.5):dc_sweep_i(Vout)"
B_100u,B,MIR_S,5.5,FF,-55,0.0001,0.000113775,0.000104481,1.13775,1.04481,0.0316574,287574,2.00,3.5788,0.2325,0.0219,3182.611,"netlists/B_100u_MIR_S.cir(case=1,temp=-55,Vdd=5.5):dc_sweep_i(Vout)"
B_100u,B,MIR_S,5.5,FF,27,0.0001,0.000110649,0.000103492,1.10649,1.03492,0.0250269,371572,2.00,2.8954,0.2799,0.0258,3182.611,"netlists/B_100u_MIR_S.cir(case=1,temp=27,Vdd=5.5):dc_sweep_i(Vout)"
B_100u,B,MIR_S,5.5,FF,150,0.0001,0.00010861,0.000102894,1.08610,1.02894,0.02034,463541,2.00,2.4024,0.3321,0.0299,3182.611,"netlists/B_100u_MIR_S.cir(case=1,temp=150,Vdd=5.5):dc_sweep_i(Vout)"
B_100u,B,MIR_S,5.5,SS,-55,0.0001,0.000109724,0.000102826,1.09724,1.02826,0.0242615,386148,2.00,2.7953,0.2922,0.0269,3182.611,"netlists/B_100u_MIR_S.cir(case=2,temp=-55,Vdd=5.5):dc_sweep_i(Vout)"
B_100u,B,MIR_S,5.5,SS,27,0.0001,0.000107505,0.000102192,1.07505,1.02192,0.0190667,498863,2.00,2.2550,0.3554,0.0317,3182.611,"netlists/B_100u_MIR_S.cir(case=2,temp=27,Vdd=5.5):dc_sweep_i(Vout)"
B_100u,B,MIR_S,5.5,SS,150,0.0001,0.000106029,0.000101805,1.06029,1.01805,0.0153585,625494,2.00,1.8581,0.4295,0.0370,3182.611,"netlists/B_100u_MIR_S.cir(case=2,temp=150,Vdd=5.5):dc_sweep_i(Vout)"
B_100u,B,MIR_S,5.5,FS,-55,0.0001,0.000109752,0.00010282,1.09752,1.02820,0.0244159,383715,2.00,2.8236,0.2876,0.0265,3182.611,"netlists/B_100u_MIR_S.cir(case=3,temp=-55,Vdd=5.5):dc_sweep_i(Vout)"
B_100u,B,MIR_S,5.5,FS,27,0.0001,0.000107536,0.000102188,1.07536,1.02188,0.0192233,494791,2.00,2.2830,0.3487,0.0311,3182.611,"netlists/B_100u_MIR_S.cir(case=3,temp=27,Vdd=5.5):dc_sweep_i(Vout)"
B_100u,B,MIR_S,5.5,FS,150,0.0001,0.00010606,0.000101802,1.06060,1.01802,0.0155085,619426,2.00,1.8848,0.4203,0.0362,3182.611,"netlists/B_100u_MIR_S.cir(case=3,temp=150,Vdd=5.5):dc_sweep_i(Vout)"
B_100u,B,MIR_S,5.5,SF,-55,0.0001,0.000113745,0.000104489,1.13745,1.04489,0.0314906,289087,2.00,3.5482,0.2358,0.0222,3182.611,"netlists/B_100u_MIR_S.cir(case=4,temp=-55,Vdd=5.5):dc_sweep_i(Vout)"
B_100u,B,MIR_S,5.5,SF,27,0.0001,0.000110616,0.000103498,1.10616,1.03498,0.0248573,374108,2.00,2.8651,0.2845,0.0263,3182.611,"netlists/B_100u_MIR_S.cir(case=4,temp=27,Vdd=5.5):dc_sweep_i(Vout)"
B_100u,B,MIR_S,5.5,SF,150,0.0001,0.000108577,0.000102899,1.08577,1.02899,0.0201753,467334,2.00,2.3733,0.3384,0.0304,3182.611,"netlists/B_100u_MIR_S.cir(case=4,temp=150,Vdd=5.5):dc_sweep_i(Vout)"
B_100u,B,MIR_CS,3.2,TT,-55,0.0001,0.000100001,9.99946e-05,1.00001,0.99995,0.000451432,2.21557e+07,2.00,0.2947,2.2994,1.8776,6365.221,"netlists/B_100u_MIR_CS.cir(case=0,temp=-55,Vdd=3.2):dc_sweep_i(Vout)"
B_100u,B,MIR_CS,3.2,TT,27,0.0001,0.000100001,9.99968e-05,1.00001,0.99997,0.00021313,4.69236e+07,2.00,0.1518,2.4927,1.9479,6365.221,"netlists/B_100u_MIR_CS.cir(case=0,temp=27,Vdd=3.2):dc_sweep_i(Vout)"
B_100u,B,MIR_CS,3.2,TT,150,0.0001,0.000100001,9.99981e-05,1.00001,0.99998,8.54266e-05,1.17063e+08,2.00,0.0631,2.6767,2.0429,6365.221,"netlists/B_100u_MIR_CS.cir(case=0,temp=150,Vdd=3.2):dc_sweep_i(Vout)"
B_100u,B,MIR_CS,3.2,FF,-55,0.0001,0.000100002,9.99947e-05,1.00002,0.99995,0.000159113,6.28525e+07,2.00,0.1339,2.3394,1.9738,6365.221,"netlists/B_100u_MIR_CS.cir(case=1,temp=-55,Vdd=3.2):dc_sweep_i(Vout)"
B_100u,B,MIR_CS,3.2,FF,27,0.0001,0.000100002,9.9997e-05,1.00002,0.99997,6.74778e-05,1.482e+08,2.00,0.0491,2.5168,2.0466,6365.221,"netlists/B_100u_MIR_CS.cir(case=1,temp=27,Vdd=3.2):dc_sweep_i(Vout)"
B_100u,B,MIR_CS,3.2,FF,150,0.0001,0.000100002,9.99983e-05,1.00002,0.99998,3.19626e-05,3.12867e+08,2.00,0.0126,2.6943,2.1460,6365.221,"netlists/B_100u_MIR_CS.cir(case=1,temp=150,Vdd=3.2):dc_sweep_i(Vout)"
B_100u,B,MIR_CS,3.2,SS,-55,0.0001,0.0001,9.99927e-05,1.00000,0.99993,0.000908507,1.1011e+07,2.00,0.4241,2.2716,1.7784,6365.221,"netlists/B_100u_MIR_CS.cir(case=2,temp=-55,Vdd=3.2):dc_sweep_i(Vout)"
B_100u,B,MIR_CS,3.2,SS,27,0.0001,0.0001,9.99958e-05,1.00000,0.99996,0.000504233,1.9836e+07,2.00,0.2554,2.4842,1.8461,6365.221,"netlists/B_100u_MIR_CS.cir(case=2,temp=27,Vdd=3.2):dc_sweep_i(Vout)"
B_100u,B,MIR_CS,3.2,SS,150,0.0001,0.000100001,9.99975e-05,1.00001,0.99998,0.000251739,3.97274e+07,2.00,0.1407,2.6685,1.9364,6365.221,"netlists/B_100u_MIR_CS.cir(case=2,temp=150,Vdd=3.2):dc_sweep_i(Vout)"
B_100u,B,MIR_CS,3.2,FS,-55,0.0001,0.0001,9.99928e-05,1.00000,0.99993,0.000901828,1.10925e+07,2.00,0.4220,2.2735,1.7795,6365.221,"netlists/B_100u_MIR_CS.cir(case=3,temp=-55,Vdd=3.2):dc_sweep_i(Vout)"
B_100u,B,MIR_CS,3.2,FS,27,0.0001,0.0001,9.99958e-05,1.00000,0.99996,0.000499004,2.00438e+07,2.00,0.2536,2.4865,1.8475,6365.221,"netlists/B_100u_MIR_CS.cir(case=3,temp=27,Vdd=3.2):dc_sweep_i(Vout)"
B_100u,B,MIR_CS,3.2,FS,150,0.0001,0.000100001,9.99976e-05,1.00001,0.99998,0.000247825,4.03548e+07,2.00,0.1392,2.6706,1.9383,6365.221,"netlists/B_100u_MIR_CS.cir(case=3,temp=150,Vdd=3.2):dc_sweep_i(Vout)"
B_100u,B,MIR_CS,3.2,SF,-55,0.0001,0.000100002,9.99946e-05,1.00002,0.99995,0.00016121,6.20349e+07,2.00,0.1354,2.3381,1.9729,6365.221,"netlists/B_100u_MIR_CS.cir(case=4,temp=-55,Vdd=3.2):dc_sweep_i(Vout)"
B_100u,B,MIR_CS,3.2,SF,27,0.0001,0.000100002,9.99969e-05,1.00002,0.99997,6.86153e-05,1.45744e+08,2.00,0.0501,2.5151,2.0454,6365.221,"netlists/B_100u_MIR_CS.cir(case=4,temp=27,Vdd=3.2):dc_sweep_i(Vout)"
B_100u,B,MIR_CS,3.2,SF,150,0.0001,0.000100002,9.99983e-05,1.00002,0.99998,3.24435e-05,3.0823e+08,2.00,0.0130,2.6926,2.1444,6365.221,"netlists/B_100u_MIR_CS.cir(case=4,temp=150,Vdd=3.2):dc_sweep_i(Vout)"
B_100u,B,MIR_CS,4.5,TT,-55,0.0001,0.000100005,9.99975e-05,1.00005,0.99998,3.50629e-05,2.85196e+08,2.00,0.0035,3.5976,3.1741,6365.221,"netlists/B_100u_MIR_CS.cir(case=0,temp=-55,Vdd=4.5):dc_sweep_i(Vout)"
B_100u,B,MIR_CS,4.5,TT,27,0.0001,0.000100004,9.99987e-05,1.00004,0.99999,2.35983e-05,4.23752e+08,2.00,0.0024,3.7911,3.2450,6365.221,"netlists/B_100u_MIR_CS.cir(case=0,temp=27,Vdd=4.5):dc_sweep_i(Vout)"
B_100u,B,MIR_CS,4.5,TT,150,0.0001,0.000100004,9.99995e-05,1.00004,1.00000,1.76563e-05,5.66359e+08,2.00,0.0018,3.9756,3.3402,6365.221,"netlists/B_100u_MIR_CS.cir(case=0,temp=150,Vdd=4.5):dc_sweep_i(Vout)"
B_100u,B,MIR_CS,4.5,FF,-55,0.0001,0.000100008,9.99979e-05,1.00008,0.99998,4.33135e-05,2.30867e+08,2.00,0.0044,3.6374,3.2700,6365.221,"netlists/B_100u_MIR_CS.cir(case=1,temp=-55,Vdd=4.5):dc_sweep_i(Vout)"
B_100u,B,MIR_CS,4.5,FF,27,0.0001,0.000100006,9.99991e-05,1.00006,0.99999,2.92881e-05,3.41426e+08,2.00,0.0030,3.8151,3.3434,6365.221,"netlists/B_100u_MIR_CS.cir(case=1,temp=27,Vdd=4.5):dc_sweep_i(Vout)"
B_100u,B,MIR_CS,4.5,FF,150,0.0001,0.000100005,9.99999e-05,1.00005,1.00000,2.22061e-05,4.50314e+08,2.00,0.0022,3.9931,3.4430,6365.221,"netlists/B_100u_MIR_CS.cir(case=1,temp=150,Vdd=4.5):dc_sweep_i(Vout)"
B_100u,B,MIR_CS,4.5,SS,-55,0.0001,0.000100004,9.99974e-05,1.00004,0.99997,2.79648e-05,3.57589e+08,2.00,0.0028,3.5699,3.0753,6365.221,"netlists/B_100u_MIR_CS.cir(case=2,temp=-55,Vdd=4.5):dc_sweep_i(Vout)"
B_100u,B,MIR_CS,4.5,SS,27,0.0001,0.000100003,9.99986e-05,1.00003,0.99999,1.87748e-05,5.32624e+08,2.00,0.0019,3.7827,3.1434,6365.221,"netlists/B_100u_MIR_CS.cir(case=2,temp=27,Vdd=4.5):dc_sweep_i(Vout)"
B_100u,B,MIR_CS,4.5,SS,150,0.0001,0.000100002,9.99993e-05,1.00002,0.99999,1.39063e-05,7.19093e+08,2.00,0.0014,3.9677,3.2339,6365.221,"netlists/B_100u_MIR_CS.cir(case=2,temp=150,Vdd=4.5):dc_sweep_i(Vout)"
B_100u,B,MIR_CS,4.5,FS,-55,0.0001,0.000100004,9.99974e-05,1.00004,0.99997,2.77169e-05,3.60787e+08,2.00,0.0028,3.5718,3.0763,6365.221,"netlists/B_100u_MIR_CS.cir(case=3,temp=-55,Vdd=4.5):dc_sweep_i(Vout)"
B_100u,B,MIR_CS,4.5,FS,27,0.0001,0.000100003,9.99986e-05,1.00003,0.99999,1.86101e-05,5.37337e+08,2.00,0.0019,3.7850,3.1449,6365.221,"netlists/B_100u_MIR_CS.cir(case=3,temp=27,Vdd=4.5):dc_sweep_i(Vout)"
B_100u,B,MIR_CS,4.5,FS,150,0.0001,0.000100002,9.99993e-05,1.00002,0.99999,1.37831e-05,7.2552e+08,2.00,0.0014,3.9698,3.2359,6365.221,"netlists/B_100u_MIR_CS.cir(case=3,temp=150,Vdd=4.5):dc_sweep_i(Vout)"
B_100u,B,MIR_CS,4.5,SF,-55,0.0001,0.000100008,9.99979e-05,1.00008,0.99998,4.36662e-05,2.29002e+08,2.00,0.0044,3.6361,3.2691,6365.221,"netlists/B_100u_MIR_CS.cir(case=4,temp=-55,Vdd=4.5):dc_sweep_i(Vout)"
B_100u,B,MIR_CS,4.5,SF,27,0.0001,0.000100006,9.99991e-05,1.00006,0.99999,2.95274e-05,3.38659e+08,2.00,0.0030,3.8135,3.3422,6365.221,"netlists/B_100u_MIR_CS.cir(case=4,temp=27,Vdd=4.5):dc_sweep_i(Vout)"
B_100u,B,MIR_CS,4.5,SF,150,0.0001,0.000100005,9.99999e-05,1.00005,1.00000,2.239e-05,4.46615e+08,2.00,0.0023,3.9914,3.4414,6365.221,"netlists/B_100u_MIR_CS.cir(case=4,temp=150,Vdd=4.5):dc_sweep_i(Vout)"
B_100u,B,MIR_CS,5.0,TT,-55,0.0001,0.000100007,9.99984e-05,1.00007,0.99998,3.45984e-05,2.8902e+08,2.00,0.0035,4.0969,3.6728,6365.221,"netlists/B_100u_MIR_CS.cir(case=0,temp=-55,Vdd=5.0):dc_sweep_i(Vout)"
B_100u,B,MIR_CS,5.0,TT,27,0.0001,0.000100005,9.99994e-05,1.00005,0.99999,2.33704e-05,4.27879e+08,2.00,0.0024,4.2905,3.7438,6365.221,"netlists/B_100u_MIR_CS.cir(case=0,temp=27,Vdd=5.0):dc_sweep_i(Vout)"
B_100u,B,MIR_CS,5.0,TT,150,0.0001,0.000100004,0.0001,1.00004,1.00000,1.75403e-05,5.701e+08,2.00,0.0018,4.4752,3.8391,6365.221,"netlists/B_100u_MIR_CS.cir(case=0,temp=150,Vdd=5.0):dc_sweep_i(Vout)"
B_100u,B,MIR_CS,5.0,FF,-55,0.0001,0.00010001,9.9999e-05,1.00010,0.99999,4.27091e-05,2.34129e+08,2.00,0.0043,4.1367,3.7685,6365.221,"netlists/B_100u_MIR_CS.cir(case=1,temp=-55,Vdd=5.0):dc_sweep_i(Vout)"
B_100u,B,MIR_CS,5.0,FF,27,0.0001,0.000100007,9.99999e-05,1.00007,1.00000,2.90142e-05,3.44644e+08,2.00,0.0029,4.3145,3.8421,6365.221,"netlists/B_100u_MIR_CS.cir(case=1,temp=27,Vdd=5.0):dc_sweep_i(Vout)"
B_100u,B,MIR_CS,5.0,FF,150,0.0001,0.000100006,0.000100001,1.00006,1.00001,2.21008e-05,4.52455e+08,2.00,0.0022,4.4926,3.9417,6365.221,"netlists/B_100u_MIR_CS.cir(case=1,temp=150,Vdd=5.0):dc_sweep_i(Vout)"
B_100u,B,MIR_CS,5.0,SS,-55,0.0001,0.000100005,9.99981e-05,1.00005,0.99998,2.7609e-05,3.62193e+08,2.00,0.0028,4.0693,3.5741,6365.221,"netlists/B_100u_MIR_CS.cir(case=2,temp=-55,Vdd=5.0):dc_sweep_i(Vout)"
B_100u,B,MIR_CS,5.0,SS,27,0.0001,0.000100004,9.9999e-05,1.00004,0.99999,1.85843e-05,5.38079e+08,2.00,0.0019,4.2822,3.6424,6365.221,"netlists/B_100u_MIR_CS.cir(case=2,temp=27,Vdd=5.0):dc_sweep_i(Vout)"
B_100u,B,MIR_CS,5.0,SS,150,0.0001,0.000100003,9.99996e-05,1.00003,1.00000,1.37914e-05,7.2508e+08,2.00,0.0014,4.4674,3.7330,6365.221,"netlists/B_100u_MIR_CS.cir(case=2,temp=150,Vdd=5.0):dc_sweep_i(Vout)"
B_100u,B,MIR_CS,5.0,FS,-55,0.0001,0.000100005,9.99981e-05,1.00005,0.99998,2.73676e-05,3.65387e+08,2.00,0.0028,4.0711,3.5751,6365.221,"netlists/B_100u_MIR_CS.cir(case=3,temp=-55,Vdd=5.0):dc_sweep_i(Vout)"
B_100u,B,MIR_CS,5.0,FS,27,0.0001,0.000100004,9.99991e-05,1.00004,0.99999,1.84239e-05,5.42762e+08,2.00,0.0019,4.2845,3.6438,6365.221,"netlists/B_100u_MIR_CS.cir(case=3,temp=27,Vdd=5.0):dc_sweep_i(Vout)"
B_100u,B,MIR_CS,5.0,FS,150,0.0001,0.000100003,9.99996e-05,1.00003,1.00000,1.3672e-05,7.31411e+08,2.00,0.0014,4.4694,3.7349,6365.221,"netlists/B_100u_MIR_CS.cir(case=3,temp=150,Vdd=5.0):dc_sweep_i(Vout)"
B_100u,B,MIR_CS,5.0,SF,-55,0.0001,0.00010001,9.9999e-05,1.00010,0.99999,4.30479e-05,2.32286e+08,2.00,0.0043,4.1354,3.7675,6365.221,"netlists/B_100u_MIR_CS.cir(case=4,temp=-55,Vdd=5.0):dc_sweep_i(Vout)"
B_100u,B,MIR_CS,5.0,SF,27,0.0001,0.000100007,9.99999e-05,1.00007,1.00000,2.92442e-05,3.41933e+08,2.00,0.0029,4.3128,3.8409,6365.221,"netlists/B_100u_MIR_CS.cir(case=4,temp=27,Vdd=5.0):dc_sweep_i(Vout)"
B_100u,B,MIR_CS,5.0,SF,150,0.0001,0.000100006,0.000100001,1.00006,1.00001,2.22751e-05,4.48915e+08,2.00,0.0022,4.4909,3.9401,6365.221,"netlists/B_100u_MIR_CS.cir(case=4,temp=150,Vdd=5.0):dc_sweep_i(Vout)"
B_100u,B,MIR_CS,5.5,TT,-55,0.0001,0.000100009,9.99993e-05,1.00009,0.99999,3.44654e-05,2.9013e+08,2.00,0.0035,4.5962,4.1714,6365.221,"netlists/B_100u_MIR_CS.cir(case=0,temp=-55,Vdd=5.5):dc_sweep_i(Vout)"
B_100u,B,MIR_CS,5.5,TT,27,0.0001,0.000100006,0.0001,1.00006,1.00000,2.34527e-05,4.26372e+08,2.00,0.0024,4.7899,4.2426,6365.221,"netlists/B_100u_MIR_CS.cir(case=0,temp=27,Vdd=5.5):dc_sweep_i(Vout)"
B_100u,B,MIR_CS,5.5,TT,150,0.0001,0.000100005,0.0001,1.00005,1.00000,1.77539e-05,5.63237e+08,2.00,0.0018,4.9748,4.3379,6365.221,"netlists/B_100u_MIR_CS.cir(case=0,temp=150,Vdd=5.5):dc_sweep_i(Vout)"
B_100u,B,MIR_CS,5.5,FF,-55,0.0001,0.000100012,0.0001,1.00012,1.00000,4.25594e-05,2.34948e+08,2.00,0.0043,4.6359,4.2669,6365.221,"netlists/B_100u_MIR_CS.cir(case=1,temp=-55,Vdd=5.5):dc_sweep_i(Vout)"
B_100u,B,MIR_CS,5.5,FF,27,0.0001,0.000100009,0.000100001,1.00009,1.00001,2.91894e-05,3.4257e+08,2.00,0.0030,4.8138,4.3408,6365.221,"netlists/B_100u_MIR_CS.cir(case=1,temp=27,Vdd=5.5):dc_sweep_i(Vout)"
B_100u,B,MIR_CS,5.5,FF,150,0.0001,0.000100007,0.000100001,1.00007,1.00001,2.24785e-05,4.44848e+08,2.00,0.0023,4.9921,4.4404,6365.221,"netlists/B_100u_MIR_CS.cir(case=1,temp=150,Vdd=5.5):dc_sweep_i(Vout)"
B_100u,B,MIR_CS,5.5,SS,-55,0.0001,0.000100006,9.99988e-05,1.00006,0.99999,2.74872e-05,3.63792e+08,2.00,0.0028,4.5686,4.0729,6365.221,"netlists/B_100u_MIR_CS.cir(case=2,temp=-55,Vdd=5.5):dc_sweep_i(Vout)"
B_100u,B,MIR_CS,5.5,SS,27,0.0001,0.000100005,9.99995e-05,1.00005,1.00000,1.86074e-05,5.37405e+08,2.00,0.0019,4.7816,4.1414,6365.221,"netlists/B_100u_MIR_CS.cir(case=2,temp=27,Vdd=5.5):dc_sweep_i(Vout)"
B_100u,B,MIR_CS,5.5,SS,150,0.0001,0.000100004,0.0001,1.00004,1.00000,1.38946e-05,7.19686e+08,2.00,0.0014,4.9670,4.2319,6365.221,"netlists/B_100u_MIR_CS.cir(case=2,temp=150,Vdd=5.5):dc_sweep_i(Vout)"
B_100u,B,MIR_CS,5.5,FS,-55,0.0001,0.000100006,9.99988e-05,1.00006,0.99999,2.72604e-05,3.66818e+08,2.00,0.0027,4.5704,4.0739,6365.221,"netlists/B_100u_MIR_CS.cir(case=3,temp=-55,Vdd=5.5):dc_sweep_i(Vout)"
B_100u,B,MIR_CS,5.5,FS,27,0.0001,0.000100005,9.99995e-05,1.00005,1.00000,1.84608e-05,5.41674e+08,2.00,0.0019,4.7839,4.1428,6365.221,"netlists/B_100u_MIR_CS.cir(case=3,temp=27,Vdd=5.5):dc_sweep_i(Vout)"
B_100u,B,MIR_CS,5.5,FS,150,0.0001,0.000100004,0.0001,1.00004,1.00000,1.37887e-05,7.25213e+08,2.00,0.0014,4.9691,4.2339,6365.221,"netlists/B_100u_MIR_CS.cir(case=3,temp=150,Vdd=5.5):dc_sweep_i(Vout)"
B_100u,B,MIR_CS,5.5,SF,-55,0.0001,0.000100012,0.0001,1.00012,1.00000,4.28677e-05,2.33258e+08,2.00,0.0043,4.6346,4.2660,6365.221,"netlists/B_100u_MIR_CS.cir(case=4,temp=-55,Vdd=5.5):dc_sweep_i(Vout)"
B_100u,B,MIR_CS,5.5,SF,27,0.0001,0.000100009,0.000100001,1.00009,1.00001,2.9393e-05,3.40198e+08,2.00,0.0030,4.8121,4.3395,6365.221,"netlists/B_100u_MIR_CS.cir(case=4,temp=27,Vdd=5.5):dc_sweep_i(Vout)"
B_100u,B,MIR_CS,5.5,SF,150,0.0001,0.000100007,0.000100001,1.00007,1.00001,2.2624e-05,4.41986e+08,2.00,0.0023,4.9904,4.4388,6365.221,"netlists/B_100u_MIR_CS.cir(case=4,temp=150,Vdd=5.5):dc_sweep_i(Vout)"
B_100u,B,MIR_CW,3.2,TT,-55,0.0001,0.000100021,0.000100004,1.00021,1.00004,0.000109953,9.09391e+07,2.00,0.0112,2.9473,2.8220,6365.221,"netlists/B_100u_MIR_CW.cir(case=0,temp=-55,Vdd=3.2):dc_sweep_i(Vout)"
B_100u,B,MIR_CW,3.2,TT,27,0.0001,0.000100014,0.000100003,1.00014,1.00003,6.85561e-05,1.45856e+08,2.00,0.0070,2.9013,2.7554,6365.221,"netlists/B_100u_MIR_CW.cir(case=0,temp=27,Vdd=3.2):dc_sweep_i(Vout)"
B_100u,B,MIR_CW,3.2,TT,150,0.0001,0.000100009,0.000100002,1.00009,1.00002,4.27849e-05,2.33716e+08,2.00,0.0044,2.8374,2.6558,6365.221,"netlists/B_100u_MIR_CW.cir(case=0,temp=150,Vdd=3.2):dc_sweep_i(Vout)"
B_100u,B,MIR_CW,3.2,FF,-55,0.0001,0.000100014,0.000100003,1.00014,1.00003,6.9545e-05,1.43781e+08,2.00,0.0071,2.9527,2.7890,6365.221,"netlists/B_100u_MIR_CW.cir(case=1,temp=-55,Vdd=3.2):dc_sweep_i(Vout)"
B_100u,B,MIR_CW,3.2,FF,27,0.0001,0.00010001,0.000100002,1.00010,1.00002,4.5721e-05,2.18707e+08,2.00,0.0047,2.9159,2.7225,6365.221,"netlists/B_100u_MIR_CW.cir(case=1,temp=27,Vdd=3.2):dc_sweep_i(Vout)"
B_100u,B,MIR_CW,3.2,FF,150,0.0001,0.000100007,0.000100002,1.00007,1.00002,3.21742e-05,3.10795e+08,2.00,0.0033,2.8616,2.6205,6365.221,"netlists/B_100u_MIR_CW.cir(case=1,temp=150,Vdd=3.2):dc_sweep_i(Vout)"
B_100u,B,MIR_CW,3.2,SS,-55,0.0001,0.000100091,0.000100011,1.00091,1.00011,0.000506187,1.97473e+07,2.00,0.0519,2.9171,1.9750,6365.221,"netlists/B_100u_MIR_CW.cir(case=2,temp=-55,Vdd=3.2):dc_sweep_i(Vout)"
B_100u,B,MIR_CW,3.2,SS,27,0.0001,0.000100052,0.000100008,1.00052,1.00008,0.000278653,3.5878e+07,2.00,0.0285,2.8607,2.6922,6365.221,"netlists/B_100u_MIR_CW.cir(case=2,temp=27,Vdd=3.2):dc_sweep_i(Vout)"
B_100u,B,MIR_CW,3.2,SS,150,0.0001,0.000100028,0.000100006,1.00028,1.00006,0.000140229,7.13021e+07,2.00,0.0144,2.7829,2.6316,6365.221,"netlists/B_100u_MIR_CW.cir(case=2,temp=150,Vdd=3.2):dc_sweep_i(Vout)"
B_100u,B,MIR_CW,3.2,FS,-55,0.0001,0.000100089,0.000100011,1.00089,1.00011,0.000494783,2.02026e+07,2.00,0.0507,2.9179,2.0169,6365.221,"netlists/B_100u_MIR_CW.cir(case=3,temp=-55,Vdd=3.2):dc_sweep_i(Vout)"
B_100u,B,MIR_CW,3.2,FS,27,0.0001,0.000100051,0.000100008,1.00051,1.00008,0.000271248,3.68576e+07,2.00,0.0278,2.8617,2.6977,6365.221,"netlists/B_100u_MIR_CW.cir(case=3,temp=27,Vdd=3.2):dc_sweep_i(Vout)"
B_100u,B,MIR_CW,3.2,FS,150,0.0001,0.000100027,0.000100006,1.00027,1.00006,0.000136089,7.34711e+07,2.00,0.0140,2.7844,2.6334,6365.221,"netlists/B_100u_MIR_CW.cir(case=3,temp=150,Vdd=3.2):dc_sweep_i(Vout)"
B_100u,B,MIR_CW,3.2,SF,-55,0.0001,0.000100014,0.000100003,1.00014,1.00003,7.01922e-05,1.42456e+08,2.00,0.0071,2.9524,2.7888,6365.221,"netlists/B_100u_MIR_CW.cir(case=4,temp=-55,Vdd=3.2):dc_sweep_i(Vout)"
B_100u,B,MIR_CW,3.2,SF,27,0.0001,0.00010001,0.000100002,1.00010,1.00002,4.61829e-05,2.16519e+08,2.00,0.0047,2.9153,2.7223,6365.221,"netlists/B_100u_MIR_CW.cir(case=4,temp=27,Vdd=3.2):dc_sweep_i(Vout)"
B_100u,B,MIR_CW,3.2,SF,150,0.0001,0.000100007,0.000100002,1.00007,1.00002,3.25151e-05,3.07537e+08,2.00,0.0033,2.8609,2.6202,6365.221,"netlists/B_100u_MIR_CW.cir(case=4,temp=150,Vdd=3.2):dc_sweep_i(Vout)"
B_100u,B,MIR_CW,4.5,TT,-55,0.0001,0.000100035,0.000100011,1.00035,1.00011,0.000104481,9.56881e+07,2.00,0.0105,4.2465,4.1137,6365.221,"netlists/B_100u_MIR_CW.cir(case=0,temp=-55,Vdd=4.5):dc_sweep_i(Vout)"
B_100u,B,MIR_CW,4.5,TT,27,0.0001,0.000100022,0.000100007,1.00022,1.00007,6.58668e-05,1.51798e+08,2.00,0.0066,4.2008,4.0504,6365.221,"netlists/B_100u_MIR_CW.cir(case=0,temp=27,Vdd=4.5):dc_sweep_i(Vout)"
B_100u,B,MIR_CW,4.5,TT,150,0.0001,0.000100014,0.000100005,1.00014,1.00005,4.11988e-05,2.42701e+08,2.00,0.0042,4.1370,3.9519,6365.221,"netlists/B_100u_MIR_CW.cir(case=0,temp=150,Vdd=4.5):dc_sweep_i(Vout)"
B_100u,B,MIR_CW,4.5,FF,-55,0.0001,0.000100023,0.000100008,1.00023,1.00008,6.64199e-05,1.50533e+08,2.00,0.0067,4.2521,4.0839,6365.221,"netlists/B_100u_MIR_CW.cir(case=1,temp=-55,Vdd=4.5):dc_sweep_i(Vout)"
B_100u,B,MIR_CW,4.5,FF,27,0.0001,0.000100015,0.000100005,1.00015,1.00005,4.4046e-05,2.2701e+08,2.00,0.0044,4.2154,4.0188,6365.221,"netlists/B_100u_MIR_CW.cir(case=1,temp=27,Vdd=4.5):dc_sweep_i(Vout)"
B_100u,B,MIR_CW,4.5,FF,150,0.0001,0.000100011,0.000100004,1.00011,1.00004,3.10089e-05,3.22462e+08,2.00,0.0031,4.1613,3.9170,6365.221,"netlists/B_100u_MIR_CW.cir(case=1,temp=150,Vdd=4.5):dc_sweep_i(Vout)"
B_100u,B,MIR_CW,4.5,SS,-55,0.0001,0.000100153,0.000100045,1.00153,1.00045,0.000474928,2.10337e+07,2.00,0.0480,4.2140,2.0883,6365.221,"netlists/B_100u_MIR_CW.cir(case=2,temp=-55,Vdd=4.5):dc_sweep_i(Vout)"
B_100u,B,MIR_CW,4.5,SS,27,0.0001,0.000100087,0.000100027,1.00087,1.00027,0.000265283,3.7673e+07,2.00,0.0268,4.1587,3.5992,6365.221,"netlists/B_100u_MIR_CW.cir(case=2,temp=27,Vdd=4.5):dc_sweep_i(Vout)"
B_100u,B,MIR_CW,4.5,SS,150,0.0001,0.000100045,0.000100015,1.00045,1.00015,0.000134011,7.45969e+07,2.00,0.0135,4.0818,3.9157,6365.221,"netlists/B_100u_MIR_CW.cir(case=2,temp=150,Vdd=4.5):dc_sweep_i(Vout)"
B_100u,B,MIR_CW,4.5,FS,-55,0.0001,0.00010015,0.000100044,1.00150,1.00044,0.000464787,2.14931e+07,2.00,0.0469,4.2149,2.1316,6365.221,"netlists/B_100u_MIR_CW.cir(case=3,temp=-55,Vdd=4.5):dc_sweep_i(Vout)"
B_100u,B,MIR_CW,4.5,FS,27,0.0001,0.000100085,0.000100026,1.00085,1.00026,0.000258547,3.8655e+07,2.00,0.0261,4.1599,3.6737,6365.221,"netlists/B_100u_MIR_CW.cir(case=3,temp=27,Vdd=4.5):dc_sweep_i(Vout)"
B_100u,B,MIR_CW,4.5,FS,150,0.0001,0.000100044,0.000100014,1.00044,1.00014,0.000130197,7.67832e+07,2.00,0.0132,4.0833,3.9186,6365.221,"netlists/B_100u_MIR_CW.cir(case=3,temp=150,Vdd=4.5):dc_sweep_i(Vout)"
B_100u,B,MIR_CW,4.5,SF,-55,0.0001,0.000100023,0.000100008,1.00023,1.00008,6.69984e-05,1.49233e+08,2.00,0.0068,4.2517,4.0837,6365.221,"netlists/B_100u_MIR_CW.cir(case=4,temp=-55,Vdd=4.5):dc_sweep_i(Vout)"
B_100u,B,MIR_CW,4.5,SF,27,0.0001,0.000100015,0.000100005,1.00015,1.00005,4.44704e-05,2.24844e+08,2.00,0.0045,4.2149,4.0185,6365.221,"netlists/B_100u_MIR_CW.cir(case=4,temp=27,Vdd=4.5):dc_sweep_i(Vout)"
B_100u,B,MIR_CW,4.5,SF,150,0.0001,0.000100011,0.000100004,1.00011,1.00004,3.13238e-05,3.1922e+08,2.00,0.0031,4.1606,3.9167,6365.221,"netlists/B_100u_MIR_CW.cir(case=4,temp=150,Vdd=4.5):dc_sweep_i(Vout)"
B_100u,B,MIR_CW,5.0,TT,-55,0.0001,0.00010004,0.000100014,1.00040,1.00014,0.000105727,9.45557e+07,2.00,0.0109,4.7462,4.6100,6365.221,"netlists/B_100u_MIR_CW.cir(case=0,temp=-55,Vdd=5.0):dc_sweep_i(Vout)"
B_100u,B,MIR_CW,5.0,TT,27,0.0001,0.000100026,0.000100009,1.00026,1.00009,6.71828e-05,1.48819e+08,2.00,0.0070,4.7006,4.5479,6365.221,"netlists/B_100u_MIR_CW.cir(case=0,temp=27,Vdd=5.0):dc_sweep_i(Vout)"
B_100u,B,MIR_CW,5.0,TT,150,0.0001,0.000100017,0.000100006,1.00017,1.00006,4.20771e-05,2.3763e+08,2.00,0.0044,4.6369,4.4503,6365.221,"netlists/B_100u_MIR_CW.cir(case=0,temp=150,Vdd=5.0):dc_sweep_i(Vout)"
B_100u,B,MIR_CW,5.0,FF,-55,0.0001,0.000100026,0.000100009,1.00026,1.00009,6.69651e-05,1.49303e+08,2.00,0.0069,4.7518,4.5818,6365.221,"netlists/B_100u_MIR_CW.cir(case=1,temp=-55,Vdd=5.0):dc_sweep_i(Vout)"
B_100u,B,MIR_CW,5.0,FF,27,0.0001,0.000100018,0.000100006,1.00018,1.00006,4.46959e-05,2.23705e+08,2.00,0.0046,4.7152,4.5170,6365.221,"netlists/B_100u_MIR_CW.cir(case=1,temp=27,Vdd=5.0):dc_sweep_i(Vout)"
B_100u,B,MIR_CW,5.0,FF,150,0.0001,0.000100013,0.000100005,1.00013,1.00005,3.1481e-05,3.17621e+08,2.00,0.0032,4.6611,4.4155,6365.221,"netlists/B_100u_MIR_CW.cir(case=1,temp=150,Vdd=5.0):dc_sweep_i(Vout)"
B_100u,B,MIR_CW,5.0,SS,-55,0.0001,0.00010018,0.000100057,1.00180,1.00057,0.000481583,2.0738e+07,2.00,0.0501,4.7127,2.0464,6365.221,"netlists/B_100u_MIR_CW.cir(case=2,temp=-55,Vdd=5.0):dc_sweep_i(Vout)"
B_100u,B,MIR_CW,5.0,SS,27,0.0001,0.000100102,0.000100033,1.00102,1.00033,0.00027181,3.67633e+07,2.00,0.0286,4.6578,3.6037,6365.221,"netlists/B_100u_MIR_CW.cir(case=2,temp=27,Vdd=5.0):dc_sweep_i(Vout)"
B_100u,B,MIR_CW,5.0,SS,150,0.0001,0.000100053,0.000100018,1.00053,1.00018,0.0001376,7.26462e+07,2.00,0.0145,4.5813,4.4065,6365.221,"netlists/B_100u_MIR_CW.cir(case=2,temp=150,Vdd=5.0):dc_sweep_i(Vout)"
B_100u,B,MIR_CW,5.0,FS,-55,0.0001,0.000100176,0.000100056,1.00176,1.00056,0.000472285,2.11469e+07,2.00,0.0493,4.7135,2.0863,6365.221,"netlists/B_100u_MIR_CW.cir(case=3,temp=-55,Vdd=5.0):dc_sweep_i(Vout)"
B_100u,B,MIR_CW,5.0,FS,27,0.0001,0.0001001,0.000100033,1.00100,1.00033,0.000265522,3.76346e+07,2.00,0.0280,4.6590,3.6880,6365.221,"netlists/B_100u_MIR_CW.cir(case=3,temp=27,Vdd=5.0):dc_sweep_i(Vout)"
B_100u,B,MIR_CW,5.0,FS,150,0.0001,0.000100052,0.000100018,1.00052,1.00018,0.000133991,7.46038e+07,2.00,0.0142,4.5828,4.4101,6365.221,"netlists/B_100u_MIR_CW.cir(case=3,temp=150,Vdd=5.0):dc_sweep_i(Vout)"
B_100u,B,MIR_CW,5.0,SF,-55,0.0001,0.000100026,0.000100009,1.00026,1.00009,6.74592e-05,1.48209e+08,2.00,0.0069,4.7515,4.5816,6365.221,"netlists/B_100u_MIR_CW.cir(case=4,temp=-55,Vdd=5.0):dc_sweep_i(Vout)"
B_100u,B,MIR_CW,5.0,SF,27,0.0001,0.000100018,0.000100007,1.00018,1.00007,4.50606e-05,2.21894e+08,2.00,0.0046,4.7147,4.5167,6365.221,"netlists/B_100u_MIR_CW.cir(case=4,temp=27,Vdd=5.0):dc_sweep_i(Vout)"
B_100u,B,MIR_CW,5.0,SF,150,0.0001,0.000100013,0.000100005,1.00013,1.00005,3.17569e-05,3.14861e+08,2.00,0.0033,4.6604,4.4152,6365.221,"netlists/B_100u_MIR_CW.cir(case=4,temp=150,Vdd=5.0):dc_sweep_i(Vout)"
B_100u,B,MIR_CW,5.5,TT,-55,0.0001,0.000100047,0.000100016,1.00047,1.00016,0.000112538,8.88281e+07,2.00,0.0122,5.2458,5.1042,6365.221,"netlists/B_100u_MIR_CW.cir(case=0,temp=-55,Vdd=5.5):dc_sweep_i(Vout)"
B_100u,B,MIR_CW,5.5,TT,27,0.0001,0.000100031,0.000100011,1.00031,1.00011,7.26599e-05,1.37597e+08,2.00,0.0081,5.2003,5.0447,6365.221,"netlists/B_100u_MIR_CW.cir(case=0,temp=27,Vdd=5.5):dc_sweep_i(Vout)"
B_100u,B,MIR_CW,5.5,TT,150,0.0001,0.00010002,0.000100007,1.00020,1.00007,4.57174e-05,2.18703e+08,2.00,0.0051,5.1366,4.9479,6365.221,"netlists/B_100u_MIR_CW.cir(case=0,temp=150,Vdd=5.5):dc_sweep_i(Vout)"
B_100u,B,MIR_CW,5.5,FF,-55,0.0001,0.00010003,0.000100011,1.00030,1.00011,7.05037e-05,1.41804e+08,2.00,0.0076,5.2515,5.0793,6365.221,"netlists/B_100u_MIR_CW.cir(case=1,temp=-55,Vdd=5.5):dc_sweep_i(Vout)"
B_100u,B,MIR_CW,5.5,FF,27,0.0001,0.000100021,0.000100008,1.00021,1.00008,4.76533e-05,2.09817e+08,2.00,0.0051,5.2150,5.0150,6365.221,"netlists/B_100u_MIR_CW.cir(case=1,temp=27,Vdd=5.5):dc_sweep_i(Vout)"
B_100u,B,MIR_CW,5.5,FF,150,0.0001,0.000100015,0.000100006,1.00015,1.00006,3.36631e-05,2.97028e+08,2.00,0.0037,5.1610,4.9138,6365.221,"netlists/B_100u_MIR_CW.cir(case=1,temp=150,Vdd=5.5):dc_sweep_i(Vout)"
B_100u,B,MIR_CW,5.5,SS,-55,0.0001,0.000100212,0.00010007,1.00212,1.00070,0.000517891,1.92792e+07,2.00,0.0569,5.2111,1.8695,6365.221,"netlists/B_100u_MIR_CW.cir(case=2,temp=-55,Vdd=5.5):dc_sweep_i(Vout)"
B_100u,B,MIR_CW,5.5,SS,27,0.0001,0.000100122,0.00010004,1.00122,1.00040,0.000298249,3.34995e+07,2.00,0.0335,5.1567,3.4285,6365.221,"netlists/B_100u_MIR_CW.cir(case=2,temp=27,Vdd=5.5):dc_sweep_i(Vout)"
B_100u,B,MIR_CW,5.5,SS,150,0.0001,0.000100063,0.000100022,1.00063,1.00022,0.000152073,6.57274e+07,2.00,0.0172,5.0807,4.8912,6365.221,"netlists/B_100u_MIR_CW.cir(case=2,temp=150,Vdd=5.5):dc_sweep_i(Vout)"
B_100u,B,MIR_CW,5.5,FS,-55,0.0001,0.000100208,0.000100068,1.00208,1.00068,0.000509875,1.9583e+07,2.00,0.0562,5.2119,1.9010,6365.221,"netlists/B_100u_MIR_CW.cir(case=3,temp=-55,Vdd=5.5):dc_sweep_i(Vout)"
B_100u,B,MIR_CW,5.5,FS,27,0.0001,0.000100119,0.000100039,1.00119,1.00039,0.000292649,3.41412e+07,2.00,0.0330,5.1578,3.5063,6365.221,"netlists/B_100u_MIR_CW.cir(case=3,temp=27,Vdd=5.5):dc_sweep_i(Vout)"
B_100u,B,MIR_CW,5.5,FS,150,0.0001,0.000100062,0.000100021,1.00062,1.00021,0.000148788,6.71796e+07,2.00,0.0170,5.0821,4.8955,6365.221,"netlists/B_100u_MIR_CW.cir(case=3,temp=150,Vdd=5.5):dc_sweep_i(Vout)"
B_100u,B,MIR_CW,5.5,SF,-55,0.0001,0.000100031,0.000100011,1.00031,1.00011,7.08274e-05,1.41156e+08,2.00,0.0076,5.2512,5.0790,6365.221,"netlists/B_100u_MIR_CW.cir(case=4,temp=-55,Vdd=5.5):dc_sweep_i(Vout)"
B_100u,B,MIR_CW,5.5,SF,27,0.0001,0.000100021,0.000100008,1.00021,1.00008,4.78905e-05,2.08777e+08,2.00,0.0051,5.2144,5.0147,6365.221,"netlists/B_100u_MIR_CW.cir(case=4,temp=27,Vdd=5.5):dc_sweep_i(Vout)"
B_100u,B,MIR_CW,5.5,SF,150,0.0001,0.000100015,0.000100006,1.00015,1.00006,3.38491e-05,2.95395e+08,2.00,0.0037,5.1603,4.9135,6365.221,"netlists/B_100u_MIR_CW.cir(case=4,temp=150,Vdd=5.5):dc_sweep_i(Vout)"
A_100n,A,MIR_S,3.2,TT,-55,1e-07,1.06273e-07,1.01559e-07,1.06273,1.01559,0.0284953,3.3964e+08,2.00,2.8525,0.3598,0.0358,324.911,"netlists/A_100n_MIR_S.cir(case=0,temp=-55,Vdd=3.2):dc_sweep_i(Vout)"
A_100n,A,MIR_S,3.2,TT,27,1e-07,1.04879e-07,1.01423e-07,1.04879,1.01423,0.0210209,4.63131e+08,2.00,2.1041,0.4845,0.0482,324.911,"netlists/A_100n_MIR_S.cir(case=0,temp=27,Vdd=3.2):dc_sweep_i(Vout)"
A_100n,A,MIR_S,3.2,TT,150,1e-07,1.04109e-07,1.01434e-07,1.04109,1.01434,0.0163173,5.9827e+08,2.00,1.6331,0.6218,0.0619,324.911,"netlists/A_100n_MIR_S.cir(case=0,temp=150,Vdd=3.2):dc_sweep_i(Vout)"
A_100n,A,MIR_S,3.2,FF,-55,1e-07,1.07653e-07,1.0213e-07,1.07653,1.02130,0.0331083,2.89866e+08,2.00,3.3139,0.3111,0.0310,324.911,"netlists/A_100n_MIR_S.cir(case=1,temp=-55,Vdd=3.2):dc_sweep_i(Vout)"
A_100n,A,MIR_S,3.2,FF,27,1e-07,1.05959e-07,1.01901e-07,1.05959,1.01901,0.0245139,3.94436e+08,2.00,2.4536,0.4168,0.0416,324.911,"netlists/A_100n_MIR_S.cir(case=1,temp=27,Vdd=3.2):dc_sweep_i(Vout)"
A_100n,A,MIR_S,3.2,FF,150,1e-07,1.05034e-07,1.01881e-07,1.05034,1.01881,0.0191143,5.07623e+08,2.00,1.9130,0.5321,0.0530,324.911,"netlists/A_100n_MIR_S.cir(case=1,temp=150,Vdd=3.2):dc_sweep_i(Vout)"
A_100n,A,MIR_S,3.2,SS,-55,1e-07,1.05071e-07,1.01095e-07,1.05071,1.01095,0.024206,4.0271e+08,2.00,2.4229,0.4219,0.0421,324.911,"netlists/A_100n_MIR_S.cir(case=2,temp=-55,Vdd=3.2):dc_sweep_i(Vout)"
A_100n,A,MIR_S,3.2,SS,27,1e-07,1.03939e-07,1.01031e-07,1.03939,1.01031,0.0177936,5.50328e+08,2.00,1.7810,0.5708,0.0568,324.911,"netlists/A_100n_MIR_S.cir(case=2,temp=27,Vdd=3.2):dc_sweep_i(Vout)"
A_100n,A,MIR_S,3.2,SS,150,1e-07,1.03308e-07,1.01066e-07,1.03308,1.01066,0.0137486,7.13741e+08,2.00,1.3763,0.7363,0.0732,324.911,"netlists/A_100n_MIR_S.cir(case=2,temp=150,Vdd=3.2):dc_sweep_i(Vout)"
A_100n,A,MIR_S,3.2,FS,-55,1e-07,1.05052e-07,1.01091e-07,1.05052,1.01091,0.0241194,4.04194e+08,2.00,2.4144,0.4234,0.0422,324.911,"netlists/A_100n_MIR_S.cir(case=3,temp=-55,Vdd=3.2):dc_sweep_i(Vout)"
A_100n,A,MIR_S,3.2,FS,27,1e-07,1.03926e-07,1.01027e-07,1.03926,1.01027,0.0177328,5.52258e+08,2.00,1.7751,0.5726,0.0570,324.911,"netlists/A_100n_MIR_S.cir(case=3,temp=27,Vdd=3.2):dc_sweep_i(Vout)"
A_100n,A,MIR_S,3.2,FS,150,1e-07,1.03297e-07,1.01062e-07,1.03297,1.01062,0.0137022,7.16209e+08,2.00,1.3716,0.7387,0.0735,324.911,"netlists/A_100n_MIR_S.cir(case=3,temp=150,Vdd=3.2):dc_sweep_i(Vout)"
A_100n,A,MIR_S,3.2,SF,-55,1e-07,1.07677e-07,1.02137e-07,1.07677,1.02137,0.0332103,2.88938e+08,2.00,3.3240,0.3102,0.0309,324.911,"netlists/A_100n_MIR_S.cir(case=4,temp=-55,Vdd=3.2):dc_sweep_i(Vout)"
A_100n,A,MIR_S,3.2,SF,27,1e-07,1.05978e-07,1.01907e-07,1.05978,1.01907,0.0245879,3.93208e+08,2.00,2.4608,0.4157,0.0414,324.911,"netlists/A_100n_MIR_S.cir(case=4,temp=27,Vdd=3.2):dc_sweep_i(Vout)"
A_100n,A,MIR_S,3.2,SF,150,1e-07,1.0505e-07,1.01887e-07,1.05050,1.01887,0.0191722,5.0604e+08,2.00,1.9187,0.5306,0.0529,324.911,"netlists/A_100n_MIR_S.cir(case=4,temp=150,Vdd=3.2):dc_sweep_i(Vout)"
A_100n,A,MIR_S,4.5,TT,-55,1e-07,1.10337e-07,1.03472e-07,1.10337,1.03472,0.0283116,3.29498e+08,2.00,2.9289,0.3292,0.0317,324.911,"netlists/A_100n_MIR_S.cir(case=0,temp=-55,Vdd=4.5):dc_sweep_i(Vout)"
A_100n,A,MIR_S,4.5,TT,27,1e-07,1.07908e-07,1.02826e-07,1.07908,1.02826,0.02125,4.45782e+08,2.00,2.2193,0.4300,0.0405,324.911,"netlists/A_100n_MIR_S.cir(case=0,temp=27,Vdd=4.5):dc_sweep_i(Vout)"
A_100n,A,MIR_S,4.5,TT,150,1e-07,1.06491e-07,1.0252e-07,1.06491,1.02520,0.0167208,5.71501e+08,2.00,1.7626,0.5402,0.0496,324.911,"netlists/A_100n_MIR_S.cir(case=0,temp=150,Vdd=4.5):dc_sweep_i(Vout)"
A_100n,A,MIR_S,4.5,FF,-55,1e-07,1.12391e-07,1.04372e-07,1.12391,1.04372,0.0326247,2.81901e+08,2.00,3.3653,0.2881,0.0279,324.911,"netlists/A_100n_MIR_S.cir(case=1,temp=-55,Vdd=4.5):dc_sweep_i(Vout)"
A_100n,A,MIR_S,4.5,FF,27,1e-07,1.09491e-07,1.03548e-07,1.09491,1.03548,0.0245899,3.8092e+08,2.00,2.5581,0.3739,0.0356,324.911,"netlists/A_100n_MIR_S.cir(case=1,temp=27,Vdd=4.5):dc_sweep_i(Vout)"
A_100n,A,MIR_S,4.5,FF,150,1e-07,1.07817e-07,1.03161e-07,1.07817,1.03161,0.019435,4.86958e+08,2.00,2.0386,0.4666,0.0435,324.911,"netlists/A_100n_MIR_S.cir(case=1,temp=150,Vdd=4.5):dc_sweep_i(Vout)"
A_100n,A,MIR_S,4.5,SS,-55,1e-07,1.0852e-07,1.02709e-07,1.08520,1.02709,0.0242551,3.89485e+08,2.00,2.5184,0.3812,0.0363,324.911,"netlists/A_100n_MIR_S.cir(case=2,temp=-55,Vdd=4.5):dc_sweep_i(Vout)"
A_100n,A,MIR_S,4.5,SS,27,1e-07,1.0651e-07,1.02211e-07,1.06510,1.02211,0.0181366,5.27525e+08,2.00,1.9034,0.5010,0.0465,324.911,"netlists/A_100n_MIR_S.cir(case=2,temp=27,Vdd=4.5):dc_sweep_i(Vout)"
A_100n,A,MIR_S,4.5,SS,150,1e-07,1.05326e-07,1.01976e-07,1.05326,1.01976,0.0142095,6.78237e+08,2.00,1.5071,0.6343,0.0570,324.911,"netlists/A_100n_MIR_S.cir(case=2,temp=150,Vdd=4.5):dc_sweep_i(Vout)"
A_100n,A,MIR_S,4.5,FS,-55,1e-07,1.08499e-07,1.02699e-07,1.08499,1.02699,0.0242099,3.90284e+08,2.00,2.5179,0.3802,0.0362,324.911,"netlists/A_100n_MIR_S.cir(case=3,temp=-55,Vdd=4.5):dc_sweep_i(Vout)"
A_100n,A,MIR_S,4.5,FS,27,1e-07,1.06497e-07,1.02204e-07,1.06497,1.02204,0.0181144,5.28243e+08,2.00,1.9051,0.4991,0.0462,324.911,"netlists/A_100n_MIR_S.cir(case=3,temp=27,Vdd=4.5):dc_sweep_i(Vout)"
A_100n,A,MIR_S,4.5,FS,150,1e-07,1.05317e-07,1.01969e-07,1.05317,1.01969,0.0141996,6.78783e+08,2.00,1.5099,0.6313,0.0566,324.911,"netlists/A_100n_MIR_S.cir(case=3,temp=150,Vdd=4.5):dc_sweep_i(Vout)"
A_100n,A,MIR_S,4.5,SF,-55,1e-07,1.12419e-07,1.04386e-07,1.12419,1.04386,0.0326804,2.81353e+08,2.00,3.3667,0.2887,0.0280,324.911,"netlists/A_100n_MIR_S.cir(case=4,temp=-55,Vdd=4.5):dc_sweep_i(Vout)"
A_100n,A,MIR_S,4.5,SF,27,1e-07,1.0951e-07,1.03559e-07,1.09510,1.03559,0.0246215,3.80362e+08,2.00,2.5572,0.3751,0.0358,324.911,"netlists/A_100n_MIR_S.cir(case=4,temp=27,Vdd=4.5):dc_sweep_i(Vout)"
A_100n,A,MIR_S,4.5,SF,150,1e-07,1.07831e-07,1.03171e-07,1.07831,1.03171,0.0194532,4.86428e+08,2.00,2.0364,0.4684,0.0438,324.911,"netlists/A_100n_MIR_S.cir(case=4,temp=150,Vdd=4.5):dc_sweep_i(Vout)"
A_100n,A,MIR_S,5.0,TT,-55,1e-07,1.12252e-07,1.04208e-07,1.12252,1.04208,0.0296508,3.10045e+08,2.00,3.1945,0.2813,0.0266,324.911,"netlists/A_100n_MIR_S.cir(case=0,temp=-55,Vdd=5.0):dc_sweep_i(Vout)"
A_100n,A,MIR_S,5.0,TT,27,1e-07,1.09409e-07,1.03365e-07,1.09409,1.03365,0.0227115,4.12478e+08,2.00,2.4941,0.3527,0.0325,324.911,"netlists/A_100n_MIR_S.cir(case=0,temp=27,Vdd=5.0):dc_sweep_i(Vout)"
A_100n,A,MIR_S,5.0,TT,150,1e-07,1.07729e-07,1.02938e-07,1.07729,1.02938,0.0182093,5.2015e+08,2.00,2.0369,0.4271,0.0382,324.911,"netlists/A_100n_MIR_S.cir(case=0,temp=150,Vdd=5.0):dc_sweep_i(Vout)"
A_100n,A,MIR_S,5.0,FF,-55,1e-07,1.14588e-07,1.05234e-07,1.14588,1.05234,0.0339171,2.66645e+08,2.00,3.6317,0.2496,0.0239,324.911,"netlists/A_100n_MIR_S.cir(case=1,temp=-55,Vdd=5.0):dc_sweep_i(Vout)"
A_100n,A,MIR_S,5.0,FF,27,1e-07,1.11206e-07,1.04181e-07,1.11206,1.04181,0.0260545,3.54932e+08,2.00,2.8384,0.3119,0.0292,324.911,"netlists/A_100n_MIR_S.cir(case=1,temp=27,Vdd=5.0):dc_sweep_i(Vout)"
A_100n,A,MIR_S,5.0,FF,150,1e-07,1.09228e-07,1.03653e-07,1.09228,1.03653,0.0209506,4.47128e+08,2.00,2.3206,0.3760,0.0343,324.911,"netlists/A_100n_MIR_S.cir(case=1,temp=150,Vdd=5.0):dc_sweep_i(Vout)"
A_100n,A,MIR_S,5.0,SS,-55,1e-07,1.10178e-07,1.03329e-07,1.10178,1.03329,0.0256206,3.64108e+08,2.00,2.7814,0.3204,0.0300,324.911,"netlists/A_100n_MIR_S.cir(case=2,temp=-55,Vdd=5.0):dc_sweep_i(Vout)"
A_100n,A,MIR_S,5.0,SS,27,1e-07,1.07817e-07,1.02665e-07,1.07817,1.02665,0.0195833,4.83904e+08,2.00,2.1717,0.4032,0.0365,324.911,"netlists/A_100n_MIR_S.cir(case=2,temp=27,Vdd=5.0):dc_sweep_i(Vout)"
A_100n,A,MIR_S,5.0,SS,150,1e-07,1.06407e-07,1.02326e-07,1.06407,1.02326,0.0156638,6.10611e+08,2.00,1.7731,0.4908,0.0428,324.911,"netlists/A_100n_MIR_S.cir(case=2,temp=150,Vdd=5.0):dc_sweep_i(Vout)"
A_100n,A,MIR_S,5.0,FS,-55,1e-07,1.10169e-07,1.03317e-07,1.10169,1.03317,0.0256443,3.63838e+08,2.00,2.7920,0.3176,0.0297,324.911,"netlists/A_100n_MIR_S.cir(case=3,temp=-55,Vdd=5.0):dc_sweep_i(Vout)"
A_100n,A,MIR_S,5.0,FS,27,1e-07,1.07817e-07,1.02656e-07,1.07817,1.02656,0.0196282,4.82856e+08,2.00,2.1843,0.3987,0.0361,324.911,"netlists/A_100n_MIR_S.cir(case=3,temp=27,Vdd=5.0):dc_sweep_i(Vout)"
A_100n,A,MIR_S,5.0,FS,150,1e-07,1.06412e-07,1.02318e-07,1.06412,1.02318,0.015719,6.08521e+08,2.00,1.7866,0.4841,0.0422,324.911,"netlists/A_100n_MIR_S.cir(case=3,temp=150,Vdd=5.0):dc_sweep_i(Vout)"
A_100n,A,MIR_S,5.0,SF,-55,1e-07,1.14605e-07,1.05251e-07,1.14605,1.05251,0.0338997,2.66718e+08,2.00,3.6212,0.2514,0.0240,324.911,"netlists/A_100n_MIR_S.cir(case=4,temp=-55,Vdd=5.0):dc_sweep_i(Vout)"
A_100n,A,MIR_S,5.0,SF,27,1e-07,1.11212e-07,1.04195e-07,1.11212,1.04195,0.0260151,3.55407e+08,2.00,2.8259,0.3148,0.0295,324.911,"netlists/A_100n_MIR_S.cir(case=4,temp=27,Vdd=5.0):dc_sweep_i(Vout)"
A_100n,A,MIR_S,5.0,SF,150,1e-07,1.09229e-07,1.03665e-07,1.09229,1.03665,0.0209001,4.48147e+08,2.00,2.3077,0.3800,0.0346,324.911,"netlists/A_100n_MIR_S.cir(case=4,temp=150,Vdd=5.0):dc_sweep_i(Vout)"
A_100n,A,MIR_S,5.5,TT,-55,1e-07,1.14669e-07,1.04944e-07,1.14669,1.04944,0.0330423,2.73823e+08,2.00,3.7499,0.2206,0.0209,324.911,"netlists/A_100n_MIR_S.cir(case=0,temp=-55,Vdd=5.5):dc_sweep_i(Vout)"
A_100n,A,MIR_S,5.5,TT,27,1e-07,1.11389e-07,1.03905e-07,1.11389,1.03905,0.0261945,3.53195e+08,2.00,3.0545,0.2620,0.0242,324.911,"netlists/A_100n_MIR_S.cir(case=0,temp=27,Vdd=5.5):dc_sweep_i(Vout)"
A_100n,A,MIR_S,5.5,TT,150,1e-07,1.09428e-07,1.03355e-07,1.09428,1.03355,0.0216814,4.32412e+08,2.00,2.5915,0.3017,0.0274,324.911,"netlists/A_100n_MIR_S.cir(case=0,temp=150,Vdd=5.5):dc_sweep_i(Vout)"
A_100n,A,MIR_S,5.5,FF,-55,1e-07,1.17317e-07,1.06096e-07,1.17317,1.06096,0.0373357,2.37888e+08,2.00,4.1977,0.1997,0.0190,324.911,"netlists/A_100n_MIR_S.cir(case=1,temp=-55,Vdd=5.5):dc_sweep_i(Vout)"
A_100n,A,MIR_S,5.5,FF,27,1e-07,1.13425e-07,1.04815e-07,1.13425,1.04815,0.0296113,3.07901e+08,2.00,3.4134,0.2373,0.0222,324.911,"netlists/A_100n_MIR_S.cir(case=1,temp=27,Vdd=5.5):dc_sweep_i(Vout)"
A_100n,A,MIR_S,5.5,FF,150,1e-07,1.11123e-07,1.04145e-07,1.11123,1.04145,0.0245189,3.77641e+08,2.00,2.8927,0.2729,0.0250,324.911,"netlists/A_100n_MIR_S.cir(case=1,temp=150,Vdd=5.5):dc_sweep_i(Vout)"
A_100n,A,MIR_S,5.5,SS,-55,1e-07,1.12311e-07,1.0395e-07,1.12311,1.03950,0.0289679,3.17589e+08,2.00,3.3249,0.2454,0.0230,324.911,"netlists/A_100n_MIR_S.cir(case=2,temp=-55,Vdd=5.5):dc_sweep_i(Vout)"
A_100n,A,MIR_S,5.5,SS,27,1e-07,1.09578e-07,1.0312e-07,1.09578,1.03120,0.0229834,4.07852e+08,2.00,2.7165,0.2912,0.0266,324.911,"netlists/A_100n_MIR_S.cir(case=2,temp=27,Vdd=5.5):dc_sweep_i(Vout)"
A_100n,A,MIR_S,5.5,SS,150,1e-07,1.07927e-07,1.02676e-07,1.07927,1.02676,0.0190346,4.98021e+08,2.00,2.3108,0.3351,0.0299,324.911,"netlists/A_100n_MIR_S.cir(case=2,temp=150,Vdd=5.5):dc_sweep_i(Vout)"
A_100n,A,MIR_S,5.5,FS,-55,1e-07,1.12329e-07,1.03936e-07,1.12329,1.03936,0.0291243,3.15924e+08,2.00,3.3547,0.2419,0.0226,324.911,"netlists/A_100n_MIR_S.cir(case=3,temp=-55,Vdd=5.5):dc_sweep_i(Vout)"
A_100n,A,MIR_S,5.5,FS,27,1e-07,1.09605e-07,1.03108e-07,1.09605,1.03108,0.0231587,4.04788e+08,2.00,2.7480,0.2861,0.0262,324.911,"netlists/A_100n_MIR_S.cir(case=3,temp=27,Vdd=5.5):dc_sweep_i(Vout)"
A_100n,A,MIR_S,5.5,FS,150,1e-07,1.07958e-07,1.02667e-07,1.07958,1.02667,0.0192175,4.93292e+08,2.00,2.3428,0.3284,0.0293,324.911,"netlists/A_100n_MIR_S.cir(case=3,temp=150,Vdd=5.5):dc_sweep_i(Vout)"
A_100n,A,MIR_S,5.5,SF,-55,1e-07,1.17305e-07,1.06116e-07,1.17305,1.06116,0.037179,2.38845e+08,2.00,4.1671,0.2022,0.0193,324.911,"netlists/A_100n_MIR_S.cir(case=4,temp=-55,Vdd=5.5):dc_sweep_i(Vout)"
A_100n,A,MIR_S,5.5,SF,27,1e-07,1.13402e-07,1.0483e-07,1.13402,1.04830,0.0294353,3.09707e+08,2.00,3.3812,0.2409,0.0226,324.911,"netlists/A_100n_MIR_S.cir(case=4,temp=27,Vdd=5.5):dc_sweep_i(Vout)"
A_100n,A,MIR_S,5.5,SF,150,1e-07,1.11096e-07,1.04159e-07,1.11096,1.04159,0.0243346,3.80473e+08,2.00,2.8598,0.2777,0.0254,324.911,"netlists/A_100n_MIR_S.cir(case=4,temp=150,Vdd=5.5):dc_sweep_i(Vout)"
A_100n,A,MIR_CS,3.2,TT,-55,1e-07,1.00002e-07,9.99973e-08,1.00002,0.99997,3.13129e-05,3.1936e+11,2.00,0.0037,2.4644,2.1519,649.822,"netlists/A_100n_MIR_CS.cir(case=0,temp=-55,Vdd=3.2):dc_sweep_i(Vout)"
A_100n,A,MIR_CS,3.2,TT,27,1e-07,1.00003e-07,9.99986e-08,1.00003,0.99999,2.50224e-05,3.99641e+11,2.00,0.0026,2.7027,2.2894,649.822,"netlists/A_100n_MIR_CS.cir(case=0,temp=27,Vdd=3.2):dc_sweep_i(Vout)"
A_100n,A,MIR_CS,3.2,TT,150,1e-07,1.00003e-07,9.99997e-08,1.00003,1.00000,2.27996e-05,4.386e+11,2.00,0.0023,2.9338,2.4893,649.822,"netlists/A_100n_MIR_CS.cir(case=0,temp=150,Vdd=3.2):dc_sweep_i(Vout)"
A_100n,A,MIR_CS,3.2,FF,-55,1e-07,1.00003e-07,9.99974e-08,1.00003,0.99997,3.82149e-05,2.61679e+11,2.00,0.0040,2.5024,2.2331,649.822,"netlists/A_100n_MIR_CS.cir(case=1,temp=-55,Vdd=3.2):dc_sweep_i(Vout)"
A_100n,A,MIR_CS,3.2,FF,27,1e-07,1.00004e-07,9.99989e-08,1.00004,0.99999,3.03658e-05,3.29316e+11,2.00,0.0031,2.7255,2.3709,649.822,"netlists/A_100n_MIR_CS.cir(case=1,temp=27,Vdd=3.2):dc_sweep_i(Vout)"
A_100n,A,MIR_CS,3.2,FF,150,1e-07,1.00005e-07,1e-07,1.00005,1.00000,2.77532e-05,3.60312e+11,2.00,0.0028,2.9460,2.5718,649.822,"netlists/A_100n_MIR_CS.cir(case=1,temp=150,Vdd=3.2):dc_sweep_i(Vout)"
A_100n,A,MIR_CS,3.2,SS,-55,1e-07,1.00001e-07,9.99973e-08,1.00001,0.99997,2.91062e-05,3.43574e+11,2.00,0.0106,2.4387,2.0712,649.822,"netlists/A_100n_MIR_CS.cir(case=2,temp=-55,Vdd=3.2):dc_sweep_i(Vout)"
A_100n,A,MIR_CS,3.2,SS,27,1e-07,1.00002e-07,9.99984e-08,1.00002,0.99998,2.10474e-05,4.7512e+11,2.00,0.0024,2.6956,2.2085,649.822,"netlists/A_100n_MIR_CS.cir(case=2,temp=27,Vdd=3.2):dc_sweep_i(Vout)"
A_100n,A,MIR_CS,3.2,SS,150,1e-07,1.00002e-07,9.99993e-08,1.00002,0.99999,1.9089e-05,5.23859e+11,2.00,0.0020,2.9312,2.4075,649.822,"netlists/A_100n_MIR_CS.cir(case=2,temp=150,Vdd=3.2):dc_sweep_i(Vout)"
A_100n,A,MIR_CS,3.2,FS,-55,1e-07,1.00001e-07,9.99973e-08,1.00001,0.99997,2.89056e-05,3.45959e+11,2.00,0.0105,2.4401,2.0714,649.822,"netlists/A_100n_MIR_CS.cir(case=3,temp=-55,Vdd=3.2):dc_sweep_i(Vout)"
A_100n,A,MIR_CS,3.2,FS,27,1e-07,1.00002e-07,9.99984e-08,1.00002,0.99998,2.09249e-05,4.77902e+11,2.00,0.0024,2.6973,2.2088,649.822,"netlists/A_100n_MIR_CS.cir(case=3,temp=27,Vdd=3.2):dc_sweep_i(Vout)"
A_100n,A,MIR_CS,3.2,FS,150,1e-07,1.00002e-07,9.99993e-08,1.00002,0.99999,1.89909e-05,5.26564e+11,2.00,0.0020,2.9320,2.4077,649.822,"netlists/A_100n_MIR_CS.cir(case=3,temp=150,Vdd=3.2):dc_sweep_i(Vout)"
A_100n,A,MIR_CS,3.2,SF,-55,1e-07,1.00003e-07,9.99974e-08,1.00003,0.99997,3.85178e-05,2.59621e+11,2.00,0.0041,2.5016,2.2330,649.822,"netlists/A_100n_MIR_CS.cir(case=4,temp=-55,Vdd=3.2):dc_sweep_i(Vout)"
A_100n,A,MIR_CS,3.2,SF,27,1e-07,1.00004e-07,9.99988e-08,1.00004,0.99999,3.0579e-05,3.27019e+11,2.00,0.0031,2.7246,2.3708,649.822,"netlists/A_100n_MIR_CS.cir(case=4,temp=27,Vdd=3.2):dc_sweep_i(Vout)"
A_100n,A,MIR_CS,3.2,SF,150,1e-07,1.00005e-07,1e-07,1.00005,1.00000,2.79173e-05,3.58194e+11,2.00,0.0028,2.9455,2.5719,649.822,"netlists/A_100n_MIR_CS.cir(case=4,temp=150,Vdd=3.2):dc_sweep_i(Vout)"
A_100n,A,MIR_CS,4.5,TT,-55,1e-07,1.00006e-07,9.99993e-08,1.00006,0.99999,2.98371e-05,3.35142e+11,2.00,0.0030,3.7631,3.4502,649.822,"netlists/A_100n_MIR_CS.cir(case=0,temp=-55,Vdd=4.5):dc_sweep_i(Vout)"
A_100n,A,MIR_CS,4.5,TT,27,1e-07,1.00006e-07,1e-07,1.00006,1.00000,2.43998e-05,4.09826e+11,2.00,0.0024,4.0014,3.5874,649.822,"netlists/A_100n_MIR_CS.cir(case=0,temp=27,Vdd=4.5):dc_sweep_i(Vout)"
A_100n,A,MIR_CS,4.5,TT,150,1e-07,1.00006e-07,1.00001e-07,1.00006,1.00001,2.24848e-05,4.44728e+11,2.00,0.0023,4.2330,3.7870,649.822,"netlists/A_100n_MIR_CS.cir(case=0,temp=150,Vdd=4.5):dc_sweep_i(Vout)"
A_100n,A,MIR_CS,4.5,FF,-55,1e-07,1.00008e-07,9.99999e-08,1.00008,1.00000,3.6782e-05,2.71859e+11,2.00,0.0038,3.8011,3.5311,649.822,"netlists/A_100n_MIR_CS.cir(case=1,temp=-55,Vdd=4.5):dc_sweep_i(Vout)"
A_100n,A,MIR_CS,4.5,FF,27,1e-07,1.00007e-07,1.00001e-07,1.00007,1.00001,2.96129e-05,3.37676e+11,2.00,0.0030,4.0242,3.6689,649.822,"netlists/A_100n_MIR_CS.cir(case=1,temp=27,Vdd=4.5):dc_sweep_i(Vout)"
A_100n,A,MIR_CS,4.5,FF,150,1e-07,1.00008e-07,1.00002e-07,1.00008,1.00002,2.73506e-05,3.65602e+11,2.00,0.0027,4.2451,3.8694,649.822,"netlists/A_100n_MIR_CS.cir(case=1,temp=150,Vdd=4.5):dc_sweep_i(Vout)"
A_100n,A,MIR_CS,4.5,SS,-55,1e-07,1.00004e-07,9.9999e-08,1.00004,0.99999,2.43585e-05,4.10526e+11,2.00,0.0024,3.7374,3.3696,649.822,"netlists/A_100n_MIR_CS.cir(case=2,temp=-55,Vdd=4.5):dc_sweep_i(Vout)"
A_100n,A,MIR_CS,4.5,SS,27,1e-07,1.00004e-07,9.99997e-08,1.00004,1.00000,2.03055e-05,4.92466e+11,2.00,0.0020,3.9944,3.5068,649.822,"netlists/A_100n_MIR_CS.cir(case=2,temp=27,Vdd=4.5):dc_sweep_i(Vout)"
A_100n,A,MIR_CS,4.5,SS,150,1e-07,1.00005e-07,1.00001e-07,1.00005,1.00001,1.88041e-05,5.31784e+11,2.00,0.0019,4.2305,3.7054,649.822,"netlists/A_100n_MIR_CS.cir(case=2,temp=150,Vdd=4.5):dc_sweep_i(Vout)"
A_100n,A,MIR_CS,4.5,FS,-55,1e-07,1.00004e-07,9.9999e-08,1.00004,0.99999,2.41904e-05,4.13379e+11,2.00,0.0024,3.7388,3.3698,649.822,"netlists/A_100n_MIR_CS.cir(case=3,temp=-55,Vdd=4.5):dc_sweep_i(Vout)"
A_100n,A,MIR_CS,4.5,FS,27,1e-07,1.00004e-07,9.99997e-08,1.00004,1.00000,2.01921e-05,4.95231e+11,2.00,0.0020,3.9960,3.5070,649.822,"netlists/A_100n_MIR_CS.cir(case=3,temp=27,Vdd=4.5):dc_sweep_i(Vout)"
A_100n,A,MIR_CS,4.5,FS,150,1e-07,1.00005e-07,1.00001e-07,1.00005,1.00001,1.87111e-05,5.34426e+11,2.00,0.0019,4.2313,3.7056,649.822,"netlists/A_100n_MIR_CS.cir(case=3,temp=150,Vdd=4.5):dc_sweep_i(Vout)"
A_100n,A,MIR_CS,4.5,SF,-55,1e-07,1.00008e-07,9.99999e-08,1.00008,1.00000,3.70665e-05,2.69773e+11,2.00,0.0038,3.8002,3.5310,649.822,"netlists/A_100n_MIR_CS.cir(case=4,temp=-55,Vdd=4.5):dc_sweep_i(Vout)"
A_100n,A,MIR_CS,4.5,SF,27,1e-07,1.00007e-07,1.00001e-07,1.00007,1.00001,2.98114e-05,3.35427e+11,2.00,0.0030,4.0232,3.6688,649.822,"netlists/A_100n_MIR_CS.cir(case=4,temp=27,Vdd=4.5):dc_sweep_i(Vout)"
A_100n,A,MIR_CS,4.5,SF,150,1e-07,1.00008e-07,1.00002e-07,1.00008,1.00002,2.75204e-05,3.63347e+11,2.00,0.0028,4.2446,3.8694,649.822,"netlists/A_100n_MIR_CS.cir(case=4,temp=150,Vdd=4.5):dc_sweep_i(Vout)"
A_100n,A,MIR_CS,5.0,TT,-55,1e-07,1.00008e-07,1e-07,1.00008,1.00000,2.96936e-05,3.36758e+11,2.00,0.0030,4.2626,3.9495,649.822,"netlists/A_100n_MIR_CS.cir(case=0,temp=-55,Vdd=5.0):dc_sweep_i(Vout)"
A_100n,A,MIR_CS,5.0,TT,27,1e-07,1.00007e-07,1.00001e-07,1.00007,1.00001,2.43623e-05,4.10452e+11,2.00,0.0024,4.5010,4.0869,649.822,"netlists/A_100n_MIR_CS.cir(case=0,temp=27,Vdd=5.0):dc_sweep_i(Vout)"
A_100n,A,MIR_CS,5.0,TT,150,1e-07,1.00007e-07,1.00002e-07,1.00007,1.00002,2.26441e-05,4.41594e+11,2.00,0.0023,4.7327,4.2861,649.822,"netlists/A_100n_MIR_CS.cir(case=0,temp=150,Vdd=5.0):dc_sweep_i(Vout)"
A_100n,A,MIR_CS,5.0,FF,-55,1e-07,1.0001e-07,1.00001e-07,1.00010,1.00001,3.6557e-05,2.73528e+11,2.00,0.0038,4.3005,4.0304,649.822,"netlists/A_100n_MIR_CS.cir(case=1,temp=-55,Vdd=5.0):dc_sweep_i(Vout)"
A_100n,A,MIR_CS,5.0,FF,27,1e-07,1.00009e-07,1.00002e-07,1.00009,1.00002,2.95769e-05,3.38082e+11,2.00,0.0030,4.5238,4.1682,649.822,"netlists/A_100n_MIR_CS.cir(case=1,temp=27,Vdd=5.0):dc_sweep_i(Vout)"
A_100n,A,MIR_CS,5.0,FF,150,1e-07,1.0001e-07,1.00003e-07,1.00010,1.00003,2.76006e-05,3.62286e+11,2.00,0.0028,4.7448,4.3684,649.822,"netlists/A_100n_MIR_CS.cir(case=1,temp=150,Vdd=5.0):dc_sweep_i(Vout)"
A_100n,A,MIR_CS,5.0,SS,-55,1e-07,1.00006e-07,9.99996e-08,1.00006,1.00000,2.42879e-05,4.11715e+11,2.00,0.0026,4.2369,3.8689,649.822,"netlists/A_100n_MIR_CS.cir(case=2,temp=-55,Vdd=5.0):dc_sweep_i(Vout)"
A_100n,A,MIR_CS,5.0,SS,27,1e-07,1.00005e-07,1e-07,1.00005,1.00000,2.03118e-05,4.92309e+11,2.00,0.0020,4.4939,4.0061,649.822,"netlists/A_100n_MIR_CS.cir(case=2,temp=27,Vdd=5.0):dc_sweep_i(Vout)"
A_100n,A,MIR_CS,5.0,SS,150,1e-07,1.00006e-07,1.00001e-07,1.00006,1.00001,1.89023e-05,5.29016e+11,2.00,0.0019,4.7302,4.2046,649.822,"netlists/A_100n_MIR_CS.cir(case=2,temp=150,Vdd=5.0):dc_sweep_i(Vout)"
A_100n,A,MIR_CS,5.0,FS,-55,1e-07,1.00006e-07,9.99996e-08,1.00006,1.00000,2.41252e-05,4.14491e+11,2.00,0.0025,4.2383,3.8691,649.822,"netlists/A_100n_MIR_CS.cir(case=3,temp=-55,Vdd=5.0):dc_sweep_i(Vout)"
A_100n,A,MIR_CS,5.0,FS,27,1e-07,1.00005e-07,1e-07,1.00005,1.00000,2.02032e-05,4.94955e+11,2.00,0.0020,4.4955,4.0063,649.822,"netlists/A_100n_MIR_CS.cir(case=3,temp=27,Vdd=5.0):dc_sweep_i(Vout)"
A_100n,A,MIR_CS,5.0,FS,150,1e-07,1.00006e-07,1.00001e-07,1.00006,1.00001,1.88171e-05,5.31412e+11,2.00,0.0019,4.7310,4.2048,649.822,"netlists/A_100n_MIR_CS.cir(case=3,temp=150,Vdd=5.0):dc_sweep_i(Vout)"
A_100n,A,MIR_CS,5.0,SF,-55,1e-07,1.0001e-07,1.00001e-07,1.00010,1.00001,3.68292e-05,2.71506e+11,2.00,0.0038,4.2997,4.0303,649.822,"netlists/A_100n_MIR_CS.cir(case=4,temp=-55,Vdd=5.0):dc_sweep_i(Vout)"
A_100n,A,MIR_CS,5.0,SF,27,1e-07,1.00009e-07,1.00002e-07,1.00009,1.00002,2.97622e-05,3.35976e+11,2.00,0.0030,4.5228,4.1681,649.822,"netlists/A_100n_MIR_CS.cir(case=4,temp=27,Vdd=5.0):dc_sweep_i(Vout)"
A_100n,A,MIR_CS,5.0,SF,150,1e-07,1.0001e-07,1.00003e-07,1.00010,1.00003,2.7752e-05,3.60309e+11,2.00,0.0028,4.7443,4.3683,649.822,"netlists/A_100n_MIR_CS.cir(case=4,temp=150,Vdd=5.0):dc_sweep_i(Vout)"
A_100n,A,MIR_CS,5.5,TT,-55,1e-07,1.00009e-07,1.00001e-07,1.00009,1.00001,2.98539e-05,3.34945e+11,2.00,0.0030,4.7621,4.4488,649.822,"netlists/A_100n_MIR_CS.cir(case=0,temp=-55,Vdd=5.5):dc_sweep_i(Vout)"
A_100n,A,MIR_CS,5.5,TT,27,1e-07,1.00008e-07,1.00001e-07,1.00008,1.00001,2.4743e-05,4.04131e+11,2.00,0.0025,5.0004,4.5860,649.822,"netlists/A_100n_MIR_CS.cir(case=0,temp=27,Vdd=5.5):dc_sweep_i(Vout)"
A_100n,A,MIR_CS,5.5,TT,150,1e-07,1.00009e-07,1.00002e-07,1.00009,1.00002,2.33688e-05,4.27895e+11,2.00,0.0024,5.2323,4.7851,649.822,"netlists/A_100n_MIR_CS.cir(case=0,temp=150,Vdd=5.5):dc_sweep_i(Vout)"
A_100n,A,MIR_CS,5.5,FF,-55,1e-07,1.00012e-07,1.00002e-07,1.00012,1.00002,3.67745e-05,2.71905e+11,2.00,0.0038,4.8000,4.5296,649.822,"netlists/A_100n_MIR_CS.cir(case=1,temp=-55,Vdd=5.5):dc_sweep_i(Vout)"
A_100n,A,MIR_CS,5.5,FF,27,1e-07,1.0001e-07,1.00002e-07,1.00010,1.00002,3.01538e-05,3.31608e+11,2.00,0.0031,5.0231,4.6672,649.822,"netlists/A_100n_MIR_CS.cir(case=1,temp=27,Vdd=5.5):dc_sweep_i(Vout)"
A_100n,A,MIR_CS,5.5,FF,150,1e-07,1.00011e-07,1.00003e-07,1.00011,1.00003,2.86721e-05,3.48743e+11,2.00,0.0030,5.2444,4.8673,649.822,"netlists/A_100n_MIR_CS.cir(case=1,temp=150,Vdd=5.5):dc_sweep_i(Vout)"
A_100n,A,MIR_CS,5.5,SS,-55,1e-07,1.00007e-07,1e-07,1.00007,1.00000,2.4406e-05,4.09717e+11,2.00,0.0026,4.7364,4.3682,649.822,"netlists/A_100n_MIR_CS.cir(case=2,temp=-55,Vdd=5.5):dc_sweep_i(Vout)"
A_100n,A,MIR_CS,5.5,SS,27,1e-07,1.00006e-07,1.00001e-07,1.00006,1.00001,2.05141e-05,4.8745e+11,2.00,0.0021,4.9935,4.5056,649.822,"netlists/A_100n_MIR_CS.cir(case=2,temp=27,Vdd=5.5):dc_sweep_i(Vout)"
A_100n,A,MIR_CS,5.5,SS,150,1e-07,1.00007e-07,1.00002e-07,1.00007,1.00002,1.93394e-05,5.17054e+11,2.00,0.0020,5.2300,4.7039,649.822,"netlists/A_100n_MIR_CS.cir(case=2,temp=150,Vdd=5.5):dc_sweep_i(Vout)"
A_100n,A,MIR_CS,5.5,FS,-55,1e-07,1.00007e-07,1e-07,1.00007,1.00000,2.42557e-05,4.12256e+11,2.00,0.0026,4.7378,4.3684,649.822,"netlists/A_100n_MIR_CS.cir(case=3,temp=-55,Vdd=5.5):dc_sweep_i(Vout)"
A_100n,A,MIR_CS,5.5,FS,27,1e-07,1.00006e-07,1.00001e-07,1.00006,1.00001,2.04229e-05,4.89625e+11,2.00,0.0021,4.9951,4.5058,649.822,"netlists/A_100n_MIR_CS.cir(case=3,temp=27,Vdd=5.5):dc_sweep_i(Vout)"
A_100n,A,MIR_CS,5.5,FS,150,1e-07,1.00007e-07,1.00002e-07,1.00007,1.00002,1.9275e-05,5.18783e+11,2.00,0.0020,5.2308,4.7041,649.822,"netlists/A_100n_MIR_CS.cir(case=3,temp=150,Vdd=5.5):dc_sweep_i(Vout)"
A_100n,A,MIR_CS,5.5,SF,-55,1e-07,1.00012e-07,1.00002e-07,1.00012,1.00002,3.7019e-05,2.70109e+11,2.00,0.0039,4.7991,4.5294,649.822,"netlists/A_100n_MIR_CS.cir(case=4,temp=-55,Vdd=5.5):dc_sweep_i(Vout)"
A_100n,A,MIR_CS,5.5,SF,27,1e-07,1.0001e-07,1.00002e-07,1.00010,1.00002,3.03104e-05,3.29895e+11,2.00,0.0031,5.0221,4.6671,649.822,"netlists/A_100n_MIR_CS.cir(case=4,temp=27,Vdd=5.5):dc_sweep_i(Vout)"
A_100n,A,MIR_CS,5.5,SF,150,1e-07,1.00011e-07,1.00003e-07,1.00011,1.00003,2.87789e-05,3.47448e+11,2.00,0.0030,5.2439,4.8672,649.822,"netlists/A_100n_MIR_CS.cir(case=4,temp=150,Vdd=5.5):dc_sweep_i(Vout)"
A_100n,A,MIR_CW,3.2,TT,-55,1e-07,1.00008e-07,1.00002e-07,1.00008,1.00002,3.73682e-05,2.67596e+11,2.00,0.0038,3.0515,2.8955,649.822,"netlists/A_100n_MIR_CW.cir(case=0,temp=-55,Vdd=3.2):dc_sweep_i(Vout)"
A_100n,A,MIR_CW,3.2,TT,27,1e-07,1.00006e-07,1.00002e-07,1.00006,1.00002,2.79051e-05,3.58345e+11,2.00,0.0028,3.0319,2.8087,649.822,"netlists/A_100n_MIR_CW.cir(case=0,temp=27,Vdd=3.2):dc_sweep_i(Vout)"
A_100n,A,MIR_CW,3.2,TT,150,1e-07,1.00006e-07,1.00003e-07,1.00006,1.00003,2.36416e-05,4.22967e+11,2.00,0.0024,2.9998,2.6681,649.822,"netlists/A_100n_MIR_CW.cir(case=0,temp=150,Vdd=3.2):dc_sweep_i(Vout)"
A_100n,A,MIR_CW,3.2,FF,-55,1e-07,1.0001e-07,1.00003e-07,1.00010,1.00003,4.26979e-05,2.34191e+11,2.00,0.0043,3.0163,2.8289,649.822,"netlists/A_100n_MIR_CW.cir(case=1,temp=-55,Vdd=3.2):dc_sweep_i(Vout)"
A_100n,A,MIR_CW,3.2,FF,27,1e-07,1.00008e-07,1.00003e-07,1.00008,1.00003,3.24844e-05,3.07826e+11,2.00,0.0033,2.9959,2.7363,649.822,"netlists/A_100n_MIR_CW.cir(case=1,temp=27,Vdd=3.2):dc_sweep_i(Vout)"
A_100n,A,MIR_CW,3.2,FF,150,1e-07,1.00047e-07,1.00042e-07,1.00047,1.00042,2.78412e-05,3.59022e+11,2.00,0.0028,2.9536,2.5874,649.822,"netlists/A_100n_MIR_CW.cir(case=1,temp=150,Vdd=3.2):dc_sweep_i(Vout)"
A_100n,A,MIR_CW,3.2,SS,-55,1e-07,1.00007e-07,1.00002e-07,1.00007,1.00002,3.61628e-05,2.76516e+11,2.00,0.0036,3.0720,2.9564,649.822,"netlists/A_100n_MIR_CW.cir(case=2,temp=-55,Vdd=3.2):dc_sweep_i(Vout)"
A_100n,A,MIR_CW,3.2,SS,27,1e-07,1.00005e-07,1.00001e-07,1.00005,1.00001,2.50853e-05,3.98629e+11,2.00,0.0025,3.0521,2.8767,649.822,"netlists/A_100n_MIR_CW.cir(case=2,temp=27,Vdd=3.2):dc_sweep_i(Vout)"
A_100n,A,MIR_CW,3.2,SS,150,1e-07,1.00005e-07,1.00002e-07,1.00005,1.00002,2.05194e-05,4.8733e+11,2.00,0.0021,3.0242,2.7475,649.822,"netlists/A_100n_MIR_CW.cir(case=2,temp=150,Vdd=3.2):dc_sweep_i(Vout)"
A_100n,A,MIR_CW,3.2,FS,-55,1e-07,1.00007e-07,1.00002e-07,1.00007,1.00002,3.59149e-05,2.78425e+11,2.00,0.0036,3.0721,2.9565,649.822,"netlists/A_100n_MIR_CW.cir(case=3,temp=-55,Vdd=3.2):dc_sweep_i(Vout)"
A_100n,A,MIR_CW,3.2,FS,27,1e-07,1.00005e-07,1.00001e-07,1.00005,1.00001,2.49366e-05,4.01004e+11,2.00,0.0025,3.0522,2.8770,649.822,"netlists/A_100n_MIR_CW.cir(case=3,temp=27,Vdd=3.2):dc_sweep_i(Vout)"
A_100n,A,MIR_CW,3.2,FS,150,1e-07,1.00005e-07,1.00002e-07,1.00005,1.00002,2.0412e-05,4.89895e+11,2.00,0.0021,3.0244,2.7479,649.822,"netlists/A_100n_MIR_CW.cir(case=3,temp=150,Vdd=3.2):dc_sweep_i(Vout)"
A_100n,A,MIR_CW,3.2,SF,-55,1e-07,1.0001e-07,1.00003e-07,1.00010,1.00003,4.30222e-05,2.32426e+11,2.00,0.0043,3.0160,2.8287,649.822,"netlists/A_100n_MIR_CW.cir(case=4,temp=-55,Vdd=3.2):dc_sweep_i(Vout)"
A_100n,A,MIR_CW,3.2,SF,27,1e-07,1.00008e-07,1.00003e-07,1.00008,1.00003,3.271e-05,3.05703e+11,2.00,0.0033,2.9954,2.7360,649.822,"netlists/A_100n_MIR_CW.cir(case=4,temp=27,Vdd=3.2):dc_sweep_i(Vout)"
A_100n,A,MIR_CW,3.2,SF,150,1e-07,1.00047e-07,1.00043e-07,1.00047,1.00043,2.80198e-05,3.56732e+11,2.00,0.0028,2.9529,2.5869,649.822,"netlists/A_100n_MIR_CW.cir(case=4,temp=150,Vdd=3.2):dc_sweep_i(Vout)"
A_100n,A,MIR_CW,4.5,TT,-55,1e-07,1.00013e-07,1.00004e-07,1.00013,1.00004,3.66832e-05,2.7258e+11,2.00,0.0037,4.3511,4.1937,649.822,"netlists/A_100n_MIR_CW.cir(case=0,temp=-55,Vdd=4.5):dc_sweep_i(Vout)"
A_100n,A,MIR_CW,4.5,TT,27,1e-07,1.0001e-07,1.00004e-07,1.00010,1.00004,2.76122e-05,3.62132e+11,2.00,0.0028,4.3315,4.1067,649.822,"netlists/A_100n_MIR_CW.cir(case=0,temp=27,Vdd=4.5):dc_sweep_i(Vout)"
A_100n,A,MIR_CW,4.5,TT,150,1e-07,1.00009e-07,1.00004e-07,1.00009,1.00004,2.34262e-05,4.26843e+11,2.00,0.0023,4.2993,3.9659,649.822,"netlists/A_100n_MIR_CW.cir(case=0,temp=150,Vdd=4.5):dc_sweep_i(Vout)"
A_100n,A,MIR_CW,4.5,FF,-55,1e-07,1.00014e-07,1.00006e-07,1.00014,1.00006,4.14534e-05,2.41209e+11,2.00,0.0042,4.3158,4.1272,649.822,"netlists/A_100n_MIR_CW.cir(case=1,temp=-55,Vdd=4.5):dc_sweep_i(Vout)"
A_100n,A,MIR_CW,4.5,FF,27,1e-07,1.00012e-07,1.00005e-07,1.00012,1.00005,3.19386e-05,3.13074e+11,2.00,0.0032,4.2952,4.0343,649.822,"netlists/A_100n_MIR_CW.cir(case=1,temp=27,Vdd=4.5):dc_sweep_i(Vout)"
A_100n,A,MIR_CW,4.5,FF,150,1e-07,1.0005e-07,1.00044e-07,1.00050,1.00044,2.74248e-05,3.6446e+11,2.00,0.0027,4.2528,3.8851,649.822,"netlists/A_100n_MIR_CW.cir(case=1,temp=150,Vdd=4.5):dc_sweep_i(Vout)"
A_100n,A,MIR_CW,4.5,SS,-55,1e-07,1.00012e-07,1.00004e-07,1.00012,1.00004,3.56597e-05,2.80405e+11,2.00,0.0036,4.3718,4.2548,649.822,"netlists/A_100n_MIR_CW.cir(case=2,temp=-55,Vdd=4.5):dc_sweep_i(Vout)"
A_100n,A,MIR_CW,4.5,SS,27,1e-07,1.00009e-07,1.00003e-07,1.00009,1.00003,2.49522e-05,4.00742e+11,2.00,0.0025,4.3518,4.1750,649.822,"netlists/A_100n_MIR_CW.cir(case=2,temp=27,Vdd=4.5):dc_sweep_i(Vout)"
A_100n,A,MIR_CW,4.5,SS,150,1e-07,1.00008e-07,1.00003e-07,1.00008,1.00003,2.0425e-05,4.8957e+11,2.00,0.0020,4.3240,4.0455,649.822,"netlists/A_100n_MIR_CW.cir(case=2,temp=150,Vdd=4.5):dc_sweep_i(Vout)"
A_100n,A,MIR_CW,4.5,FS,-55,1e-07,1.00011e-07,1.00004e-07,1.00011,1.00004,3.54428e-05,2.82121e+11,2.00,0.0036,4.3718,4.2550,649.822,"netlists/A_100n_MIR_CW.cir(case=3,temp=-55,Vdd=4.5):dc_sweep_i(Vout)"
A_100n,A,MIR_CW,4.5,FS,27,1e-07,1.00009e-07,1.00003e-07,1.00009,1.00003,2.48196e-05,4.02882e+11,2.00,0.0025,4.3520,4.1753,649.822,"netlists/A_100n_MIR_CW.cir(case=3,temp=27,Vdd=4.5):dc_sweep_i(Vout)"
A_100n,A,MIR_CW,4.5,FS,150,1e-07,1.00008e-07,1.00003e-07,1.00008,1.00003,2.03271e-05,4.91927e+11,2.00,0.0020,4.3242,4.0459,649.822,"netlists/A_100n_MIR_CW.cir(case=3,temp=150,Vdd=4.5):dc_sweep_i(Vout)"
A_100n,A,MIR_CW,4.5,SF,-55,1e-07,1.00014e-07,1.00006e-07,1.00014,1.00006,4.17415e-05,2.39544e+11,2.00,0.0042,4.3155,4.1270,649.822,"netlists/A_100n_MIR_CW.cir(case=4,temp=-55,Vdd=4.5):dc_sweep_i(Vout)"
A_100n,A,MIR_CW,4.5,SF,27,1e-07,1.00012e-07,1.00005e-07,1.00012,1.00005,3.21448e-05,3.11065e+11,2.00,0.0032,4.2948,4.0340,649.822,"netlists/A_100n_MIR_CW.cir(case=4,temp=27,Vdd=4.5):dc_sweep_i(Vout)"
A_100n,A,MIR_CW,4.5,SF,150,1e-07,1.00051e-07,1.00045e-07,1.00051,1.00045,2.75931e-05,3.62235e+11,2.00,0.0028,4.2522,3.8846,649.822,"netlists/A_100n_MIR_CW.cir(case=4,temp=150,Vdd=4.5):dc_sweep_i(Vout)"
A_100n,A,MIR_CW,5.0,TT,-55,1e-07,1.00014e-07,1.00005e-07,1.00014,1.00005,3.70599e-05,2.69804e+11,2.00,0.0038,4.8510,4.6934,649.822,"netlists/A_100n_MIR_CW.cir(case=0,temp=-55,Vdd=5.0):dc_sweep_i(Vout)"
A_100n,A,MIR_CW,5.0,TT,27,1e-07,1.00011e-07,1.00004e-07,1.00011,1.00004,2.80708e-05,3.56211e+11,2.00,0.0029,4.8314,4.6059,649.822,"netlists/A_100n_MIR_CW.cir(case=0,temp=27,Vdd=5.0):dc_sweep_i(Vout)"
A_100n,A,MIR_CW,5.0,TT,150,1e-07,1.00011e-07,1.00005e-07,1.00011,1.00005,2.37496e-05,4.21026e+11,2.00,0.0024,4.7991,4.4650,649.822,"netlists/A_100n_MIR_CW.cir(case=0,temp=150,Vdd=5.0):dc_sweep_i(Vout)"
A_100n,A,MIR_CW,5.0,FF,-55,1e-07,1.00017e-07,1.00007e-07,1.00017,1.00007,4.19762e-05,2.382e+11,2.00,0.0042,4.8154,4.6259,649.822,"netlists/A_100n_MIR_CW.cir(case=1,temp=-55,Vdd=5.0):dc_sweep_i(Vout)"
A_100n,A,MIR_CW,5.0,FF,27,1e-07,1.00013e-07,1.00005e-07,1.00013,1.00005,3.23046e-05,3.09521e+11,2.00,0.0033,4.7950,4.5334,649.822,"netlists/A_100n_MIR_CW.cir(case=1,temp=27,Vdd=5.0):dc_sweep_i(Vout)"
A_100n,A,MIR_CW,5.0,FF,150,1e-07,1.00052e-07,1.00045e-07,1.00052,1.00045,2.76916e-05,3.60944e+11,2.00,0.0028,4.7525,4.3841,649.822,"netlists/A_100n_MIR_CW.cir(case=1,temp=150,Vdd=5.0):dc_sweep_i(Vout)"
A_100n,A,MIR_CW,5.0,SS,-55,1e-07,1.00014e-07,1.00005e-07,1.00014,1.00005,3.65044e-05,2.73912e+11,2.00,0.0037,4.8716,4.7540,649.822,"netlists/A_100n_MIR_CW.cir(case=2,temp=-55,Vdd=5.0):dc_sweep_i(Vout)"
A_100n,A,MIR_CW,5.0,SS,27,1e-07,1.0001e-07,1.00004e-07,1.00010,1.00004,2.55156e-05,3.91888e+11,2.00,0.0026,4.8518,4.6743,649.822,"netlists/A_100n_MIR_CW.cir(case=2,temp=27,Vdd=5.0):dc_sweep_i(Vout)"
A_100n,A,MIR_CW,5.0,SS,150,1e-07,1.00009e-07,1.00003e-07,1.00009,1.00003,2.07948e-05,4.80859e+11,2.00,0.0021,4.8239,4.5447,649.822,"netlists/A_100n_MIR_CW.cir(case=2,temp=150,Vdd=5.0):dc_sweep_i(Vout)"
A_100n,A,MIR_CW,5.0,FS,-55,1e-07,1.00014e-07,1.00005e-07,1.00014,1.00005,3.63308e-05,2.7522e+11,2.00,0.0037,4.8717,4.7541,649.822,"netlists/A_100n_MIR_CW.cir(case=3,temp=-55,Vdd=5.0):dc_sweep_i(Vout)"
A_100n,A,MIR_CW,5.0,FS,27,1e-07,1.0001e-07,1.00004e-07,1.00010,1.00004,2.5412e-05,3.93485e+11,2.00,0.0026,4.8519,4.6746,649.822,"netlists/A_100n_MIR_CW.cir(case=3,temp=27,Vdd=5.0):dc_sweep_i(Vout)"
A_100n,A,MIR_CW,5.0,FS,150,1e-07,1.00009e-07,1.00003e-07,1.00009,1.00003,2.07155e-05,4.82699e+11,2.00,0.0021,4.8241,4.5451,649.822,"netlists/A_100n_MIR_CW.cir(case=3,temp=150,Vdd=5.0):dc_sweep_i(Vout)"
A_100n,A,MIR_CW,5.0,SF,-55,1e-07,1.00017e-07,1.00007e-07,1.00017,1.00007,4.2232e-05,2.36757e+11,2.00,0.0043,4.8151,4.6256,649.822,"netlists/A_100n_MIR_CW.cir(case=4,temp=-55,Vdd=5.0):dc_sweep_i(Vout)"
A_100n,A,MIR_CW,5.0,SF,27,1e-07,1.00013e-07,1.00006e-07,1.00013,1.00006,3.24837e-05,3.07815e+11,2.00,0.0033,4.7945,4.5331,649.822,"netlists/A_100n_MIR_CW.cir(case=4,temp=27,Vdd=5.0):dc_sweep_i(Vout)"
A_100n,A,MIR_CW,5.0,SF,150,1e-07,1.00052e-07,1.00045e-07,1.00052,1.00045,2.78399e-05,3.59019e+11,2.00,0.0028,4.7519,4.3836,649.822,"netlists/A_100n_MIR_CW.cir(case=4,temp=150,Vdd=5.0):dc_sweep_i(Vout)"
A_100n,A,MIR_CW,5.5,TT,-55,1e-07,1.00017e-07,1.00006e-07,1.00017,1.00006,3.90969e-05,2.55742e+11,2.00,0.0041,5.3508,5.1922,649.822,"netlists/A_100n_MIR_CW.cir(case=0,temp=-55,Vdd=5.5):dc_sweep_i(Vout)"
A_100n,A,MIR_CW,5.5,TT,27,1e-07,1.00013e-07,1.00005e-07,1.00013,1.00005,2.9581e-05,3.38021e+11,2.00,0.0031,5.3312,5.1050,649.822,"netlists/A_100n_MIR_CW.cir(case=0,temp=27,Vdd=5.5):dc_sweep_i(Vout)"
A_100n,A,MIR_CW,5.5,TT,150,1e-07,1.00012e-07,1.00005e-07,1.00012,1.00005,2.48864e-05,4.01788e+11,2.00,0.0026,5.2989,4.9639,649.822,"netlists/A_100n_MIR_CW.cir(case=0,temp=150,Vdd=5.5):dc_sweep_i(Vout)"
A_100n,A,MIR_CW,5.5,FF,-55,1e-07,1.00018e-07,1.00008e-07,1.00018,1.00008,4.34611e-05,2.30056e+11,2.00,0.0046,5.3153,5.1255,649.822,"netlists/A_100n_MIR_CW.cir(case=1,temp=-55,Vdd=5.5):dc_sweep_i(Vout)"
A_100n,A,MIR_CW,5.5,FF,27,1e-07,1.00015e-07,1.00006e-07,1.00015,1.00006,3.37426e-05,2.96326e+11,2.00,0.0035,5.2946,5.0324,649.822,"netlists/A_100n_MIR_CW.cir(case=1,temp=27,Vdd=5.5):dc_sweep_i(Vout)"
A_100n,A,MIR_CW,5.5,FF,150,1e-07,1.00053e-07,1.00045e-07,1.00053,1.00045,2.88056e-05,3.4698e+11,2.00,0.0030,5.2521,4.8829,649.822,"netlists/A_100n_MIR_CW.cir(case=1,temp=150,Vdd=5.5):dc_sweep_i(Vout)"
A_100n,A,MIR_CW,5.5,SS,-55,1e-07,1.00015e-07,1.00006e-07,1.00015,1.00006,3.87281e-05,2.58179e+11,2.00,0.0041,5.3716,5.2535,649.822,"netlists/A_100n_MIR_CW.cir(case=2,temp=-55,Vdd=5.5):dc_sweep_i(Vout)"
A_100n,A,MIR_CW,5.5,SS,27,1e-07,1.00012e-07,1.00004e-07,1.00012,1.00004,2.71799e-05,3.67886e+11,2.00,0.0029,5.3516,5.1735,649.822,"netlists/A_100n_MIR_CW.cir(case=2,temp=27,Vdd=5.5):dc_sweep_i(Vout)"
A_100n,A,MIR_CW,5.5,SS,150,1e-07,1.0001e-07,1.00004e-07,1.00010,1.00004,2.19594e-05,4.55351e+11,2.00,0.0023,5.3238,5.0437,649.822,"netlists/A_100n_MIR_CW.cir(case=2,temp=150,Vdd=5.5):dc_sweep_i(Vout)"
A_100n,A,MIR_CW,5.5,FS,-55,1e-07,1.00015e-07,1.00006e-07,1.00015,1.00006,3.86544e-05,2.58671e+11,2.00,0.0041,5.3717,5.2537,649.822,"netlists/A_100n_MIR_CW.cir(case=3,temp=-55,Vdd=5.5):dc_sweep_i(Vout)"
A_100n,A,MIR_CW,5.5,FS,27,1e-07,1.00012e-07,1.00004e-07,1.00012,1.00004,2.71393e-05,3.68437e+11,2.00,0.0029,5.3518,5.1737,649.822,"netlists/A_100n_MIR_CW.cir(case=3,temp=27,Vdd=5.5):dc_sweep_i(Vout)"
A_100n,A,MIR_CW,5.5,FS,150,1e-07,1.0001e-07,1.00004e-07,1.00010,1.00004,2.19258e-05,4.56049e+11,2.00,0.0023,5.3240,5.0441,649.822,"netlists/A_100n_MIR_CW.cir(case=3,temp=150,Vdd=5.5):dc_sweep_i(Vout)"
A_100n,A,MIR_CW,5.5,SF,-55,1e-07,1.00018e-07,1.00008e-07,1.00018,1.00008,4.36305e-05,2.29163e+11,2.00,0.0046,5.3149,5.1253,649.822,"netlists/A_100n_MIR_CW.cir(case=4,temp=-55,Vdd=5.5):dc_sweep_i(Vout)"
A_100n,A,MIR_CW,5.5,SF,27,1e-07,1.00015e-07,1.00006e-07,1.00015,1.00006,3.38611e-05,2.95288e+11,2.00,0.0035,5.2942,5.0321,649.822,"netlists/A_100n_MIR_CW.cir(case=4,temp=27,Vdd=5.5):dc_sweep_i(Vout)"
A_100n,A,MIR_CW,5.5,SF,150,1e-07,1.00054e-07,1.00046e-07,1.00054,1.00046,2.89063e-05,3.4577e+11,2.00,0.0030,5.2515,4.8825,649.822,"netlists/A_100n_MIR_CW.cir(case=4,temp=150,Vdd=5.5):dc_sweep_i(Vout)"
A_1u,A,MIR_S,3.2,TT,-55,1e-06,1.05752e-06,1.01243e-06,1.05752,1.01243,0.0273671,3.54992e+07,2.00,2.7387,0.3745,0.0374,324.911,"netlists/A_1u_MIR_S.cir(case=0,temp=-55,Vdd=3.2):dc_sweep_i(Vout)"
A_1u,A,MIR_S,3.2,TT,27,1e-06,1.04442e-06,1.01124e-06,1.04442,1.01124,0.0202513,4.82376e+07,2.00,2.0266,0.5029,0.0501,324.911,"netlists/A_1u_MIR_S.cir(case=0,temp=27,Vdd=3.2):dc_sweep_i(Vout)"
A_1u,A,MIR_S,3.2,TT,150,1e-06,1.03682e-06,1.01115e-06,1.03682,1.01115,0.0157165,6.23327e+07,2.00,1.5738,0.6457,0.0643,324.911,"netlists/A_1u_MIR_S.cir(case=0,temp=150,Vdd=3.2):dc_sweep_i(Vout)"
A_1u,A,MIR_S,3.2,FF,-55,1e-06,1.07036e-06,1.01751e-06,1.07036,1.01751,0.0318284,3.02882e+07,2.00,3.1852,0.3233,0.0323,324.911,"netlists/A_1u_MIR_S.cir(case=1,temp=-55,Vdd=3.2):dc_sweep_i(Vout)"
A_1u,A,MIR_S,3.2,FF,27,1e-06,1.05441e-06,1.01544e-06,1.05441,1.01544,0.0236373,4.10719e+07,2.00,2.3654,0.4321,0.0430,324.911,"netlists/A_1u_MIR_S.cir(case=1,temp=27,Vdd=3.2):dc_sweep_i(Vout)"
A_1u,A,MIR_S,3.2,FF,150,1e-06,1.04525e-06,1.01498e-06,1.04525,1.01498,0.0184269,5.28765e+07,2.00,1.8448,0.5520,0.0550,324.911,"netlists/A_1u_MIR_S.cir(case=1,temp=150,Vdd=3.2):dc_sweep_i(Vout)"
A_1u,A,MIR_S,3.2,SS,-55,1e-06,1.04633e-06,1.00833e-06,1.04633,1.00833,0.0232179,4.21194e+07,2.00,2.3235,0.4397,0.0438,324.911,"netlists/A_1u_MIR_S.cir(case=2,temp=-55,Vdd=3.2):dc_sweep_i(Vout)"
A_1u,A,MIR_S,3.2,SS,27,1e-06,1.03573e-06,1.00783e-06,1.03573,1.00783,0.0171226,5.73538e+07,2.00,1.7139,0.5932,0.0591,324.911,"netlists/A_1u_MIR_S.cir(case=2,temp=27,Vdd=3.2):dc_sweep_i(Vout)"
A_1u,A,MIR_S,3.2,SS,150,1e-06,1.02952e-06,1.00801e-06,1.02952,1.00801,0.0132288,7.43965e+07,2.00,1.3250,0.7655,0.0762,324.911,"netlists/A_1u_MIR_S.cir(case=2,temp=150,Vdd=3.2):dc_sweep_i(Vout)"
A_1u,A,MIR_S,3.2,FS,-55,1e-06,1.04618e-06,1.00831e-06,1.04618,1.00831,0.0231406,4.22631e+07,2.00,2.3159,0.4411,0.0440,324.911,"netlists/A_1u_MIR_S.cir(case=3,temp=-55,Vdd=3.2):dc_sweep_i(Vout)"
A_1u,A,MIR_S,3.2,FS,27,1e-06,1.03562e-06,1.00781e-06,1.03562,1.00781,0.0170675,5.75417e+07,2.00,1.7084,0.5950,0.0593,324.911,"netlists/A_1u_MIR_S.cir(case=3,temp=27,Vdd=3.2):dc_sweep_i(Vout)"
A_1u,A,MIR_S,3.2,FS,150,1e-06,1.02943e-06,1.00799e-06,1.02943,1.00799,0.0131867,7.46378e+07,2.00,1.3208,0.7679,0.0764,324.911,"netlists/A_1u_MIR_S.cir(case=3,temp=150,Vdd=3.2):dc_sweep_i(Vout)"
A_1u,A,MIR_S,3.2,SF,-55,1e-06,1.07056e-06,1.01756e-06,1.07056,1.01756,0.0319193,3.01989e+07,2.00,3.1942,0.3225,0.0322,324.911,"netlists/A_1u_MIR_S.cir(case=4,temp=-55,Vdd=3.2):dc_sweep_i(Vout)"
A_1u,A,MIR_S,3.2,SF,27,1e-06,1.05456e-06,1.01548e-06,1.05456,1.01548,0.023704,4.09531e+07,2.00,2.3720,0.4310,0.0429,324.911,"netlists/A_1u_MIR_S.cir(case=4,temp=27,Vdd=3.2):dc_sweep_i(Vout)"
A_1u,A,MIR_S,3.2,SF,150,1e-06,1.04537e-06,1.01502e-06,1.04537,1.01502,0.0184792,5.27232e+07,2.00,1.8500,0.5505,0.0549,324.911,"netlists/A_1u_MIR_S.cir(case=4,temp=150,Vdd=3.2):dc_sweep_i(Vout)"
A_1u,A,MIR_S,4.5,TT,-55,1e-06,1.09635e-06,1.03073e-06,1.09635,1.03073,0.0272046,3.44713e+07,2.00,2.8139,0.3429,0.0329,324.911,"netlists/A_1u_MIR_S.cir(case=0,temp=-55,Vdd=4.5):dc_sweep_i(Vout)"
A_1u,A,MIR_S,4.5,TT,27,1e-06,1.07344e-06,1.02471e-06,1.07344,1.02471,0.0204605,4.65035e+07,2.00,2.1363,0.4475,0.0417,324.911,"netlists/A_1u_MIR_S.cir(case=0,temp=27,Vdd=4.5):dc_sweep_i(Vout)"
A_1u,A,MIR_S,4.5,TT,150,1e-06,1.05959e-06,1.02157e-06,1.05959,1.02157,0.016076,5.96997e+07,2.00,1.6924,0.5650,0.0517,324.911,"netlists/A_1u_MIR_S.cir(case=0,temp=150,Vdd=4.5):dc_sweep_i(Vout)"
A_1u,A,MIR_S,4.5,FF,-55,1e-06,1.11569e-06,1.03897e-06,1.11569,1.03897,0.0313934,2.94758e+07,2.00,3.2400,0.2988,0.0284,324.911,"netlists/A_1u_MIR_S.cir(case=1,temp=-55,Vdd=4.5):dc_sweep_i(Vout)"
A_1u,A,MIR_S,4.5,FF,27,1e-06,1.08829e-06,1.03127e-06,1.08829,1.03127,0.02371,3.97103e+07,2.00,2.4658,0.3884,0.0369,324.911,"netlists/A_1u_MIR_S.cir(case=1,temp=27,Vdd=4.5):dc_sweep_i(Vout)"
A_1u,A,MIR_S,4.5,FF,150,1e-06,1.07189e-06,1.02728e-06,1.07189,1.02728,0.0187168,5.08223e+07,2.00,1.9616,0.4863,0.0453,324.911,"netlists/A_1u_MIR_S.cir(case=1,temp=150,Vdd=4.5):dc_sweep_i(Vout)"
A_1u,A,MIR_S,4.5,SS,-55,1e-06,1.07925e-06,1.02376e-06,1.07925,1.02376,0.0232649,4.07885e+07,2.00,2.4147,0.3982,0.0379,324.911,"netlists/A_1u_MIR_S.cir(case=2,temp=-55,Vdd=4.5):dc_sweep_i(Vout)"
A_1u,A,MIR_S,4.5,SS,27,1e-06,1.06032e-06,1.01916e-06,1.06032,1.01916,0.0174304,5.50963e+07,2.00,1.8274,0.5237,0.0485,324.911,"netlists/A_1u_MIR_S.cir(case=2,temp=27,Vdd=4.5):dc_sweep_i(Vout)"
A_1u,A,MIR_S,4.5,SS,150,1e-06,1.04878e-06,1.01675e-06,1.04878,1.01675,0.0136332,7.09485e+07,2.00,1.4434,0.6660,0.0596,324.911,"netlists/A_1u_MIR_S.cir(case=2,temp=150,Vdd=4.5):dc_sweep_i(Vout)"
A_1u,A,MIR_S,4.5,FS,-55,1e-06,1.07909e-06,1.02368e-06,1.07909,1.02368,0.0232267,4.08617e+07,2.00,2.4147,0.3971,0.0377,324.911,"netlists/A_1u_MIR_S.cir(case=3,temp=-55,Vdd=4.5):dc_sweep_i(Vout)"
A_1u,A,MIR_S,4.5,FS,27,1e-06,1.06022e-06,1.0191e-06,1.06022,1.01910,0.0174116,5.51616e+07,2.00,1.8292,0.5217,0.0482,324.911,"netlists/A_1u_MIR_S.cir(case=3,temp=27,Vdd=4.5):dc_sweep_i(Vout)"
A_1u,A,MIR_S,4.5,FS,150,1e-06,1.04872e-06,1.0167e-06,1.04872,1.01670,0.0136248,7.09982e+07,2.00,1.4461,0.6630,0.0591,324.911,"netlists/A_1u_MIR_S.cir(case=3,temp=150,Vdd=4.5):dc_sweep_i(Vout)"
A_1u,A,MIR_S,4.5,SF,-55,1e-06,1.11591e-06,1.03907e-06,1.11591,1.03907,0.0314404,2.9426e+07,2.00,3.2406,0.2995,0.0285,324.911,"netlists/A_1u_MIR_S.cir(case=4,temp=-55,Vdd=4.5):dc_sweep_i(Vout)"
A_1u,A,MIR_S,4.5,SF,27,1e-06,1.08843e-06,1.03135e-06,1.08843,1.03135,0.0237366,3.96603e+07,2.00,2.4644,0.3897,0.0371,324.911,"netlists/A_1u_MIR_S.cir(case=4,temp=27,Vdd=4.5):dc_sweep_i(Vout)"
A_1u,A,MIR_S,4.5,SF,150,1e-06,1.07199e-06,1.02735e-06,1.07199,1.02735,0.0187318,5.07757e+07,2.00,1.9593,0.4883,0.0455,324.911,"netlists/A_1u_MIR_S.cir(case=4,temp=150,Vdd=4.5):dc_sweep_i(Vout)"
A_1u,A,MIR_S,5.0,TT,-55,1e-06,1.11468e-06,1.03777e-06,1.11468,1.03777,0.0285041,3.24402e+07,2.00,3.0720,0.2926,0.0276,324.911,"netlists/A_1u_MIR_S.cir(case=0,temp=-55,Vdd=5.0):dc_sweep_i(Vout)"
A_1u,A,MIR_S,5.0,TT,27,1e-06,1.08782e-06,1.02989e-06,1.08782,1.02989,0.0218581,4.30661e+07,2.00,2.4008,0.3671,0.0335,324.911,"netlists/A_1u_MIR_S.cir(case=0,temp=27,Vdd=5.0):dc_sweep_i(Vout)"
A_1u,A,MIR_S,5.0,TT,150,1e-06,1.0714e-06,1.02558e-06,1.07140,1.02558,0.0174803,5.44379e+07,2.00,1.9533,0.4478,0.0399,324.911,"netlists/A_1u_MIR_S.cir(case=0,temp=150,Vdd=5.0):dc_sweep_i(Vout)"
A_1u,A,MIR_S,5.0,FF,-55,1e-06,1.13673e-06,1.04722e-06,1.13673,1.04722,0.0326604,2.78782e+07,2.00,3.5009,0.2584,0.0242,324.911,"netlists/A_1u_MIR_S.cir(case=1,temp=-55,Vdd=5.0):dc_sweep_i(Vout)"
A_1u,A,MIR_S,5.0,FF,27,1e-06,1.10473e-06,1.03735e-06,1.10473,1.03735,0.0251228,3.70172e+07,2.00,2.7373,0.3238,0.0301,324.911,"netlists/A_1u_MIR_S.cir(case=1,temp=27,Vdd=5.0):dc_sweep_i(Vout)"
A_1u,A,MIR_S,5.0,FF,150,1e-06,1.08538e-06,1.032e-06,1.08538,1.03200,0.0201608,4.67193e+07,2.00,2.2321,0.3922,0.0356,324.911,"netlists/A_1u_MIR_S.cir(case=1,temp=150,Vdd=5.0):dc_sweep_i(Vout)"
A_1u,A,MIR_S,5.0,SS,-55,1e-06,1.09509e-06,1.02969e-06,1.09509,1.02969,0.0245768,3.81472e+07,2.00,2.6685,0.3344,0.0311,324.911,"netlists/A_1u_MIR_S.cir(case=2,temp=-55,Vdd=5.0):dc_sweep_i(Vout)"
A_1u,A,MIR_S,5.0,SS,27,1e-06,1.07279e-06,1.02351e-06,1.07279,1.02351,0.0188006,5.06135e+07,2.00,2.0835,0.4221,0.0381,324.911,"netlists/A_1u_MIR_S.cir(case=2,temp=27,Vdd=5.0):dc_sweep_i(Vout)"
A_1u,A,MIR_S,5.0,SS,150,1e-06,1.05905e-06,1.02011e-06,1.05905,1.02011,0.0149896,6.40602e+07,2.00,1.6942,0.5177,0.0448,324.911,"netlists/A_1u_MIR_S.cir(case=2,temp=150,Vdd=5.0):dc_sweep_i(Vout)"
A_1u,A,MIR_S,5.0,FS,-55,1e-06,1.09505e-06,1.0296e-06,1.09505,1.02960,0.024605,3.8109e+07,2.00,2.6794,0.3314,0.0308,324.911,"netlists/A_1u_MIR_S.cir(case=3,temp=-55,Vdd=5.0):dc_sweep_i(Vout)"
A_1u,A,MIR_S,5.0,FS,27,1e-06,1.07282e-06,1.02344e-06,1.07282,1.02344,0.0188461,5.04962e+07,2.00,2.0959,0.4173,0.0376,324.911,"netlists/A_1u_MIR_S.cir(case=3,temp=27,Vdd=5.0):dc_sweep_i(Vout)"
A_1u,A,MIR_S,5.0,FS,150,1e-06,1.05911e-06,1.02005e-06,1.05911,1.02005,0.015043,6.38373e+07,2.00,1.7071,0.5107,0.0441,324.911,"netlists/A_1u_MIR_S.cir(case=3,temp=150,Vdd=5.0):dc_sweep_i(Vout)"
A_1u,A,MIR_S,5.0,SF,-55,1e-06,1.13683e-06,1.04735e-06,1.13683,1.04735,0.0326363,2.78934e+07,2.00,3.4899,0.2603,0.0244,324.911,"netlists/A_1u_MIR_S.cir(case=4,temp=-55,Vdd=5.0):dc_sweep_i(Vout)"
A_1u,A,MIR_S,5.0,SF,27,1e-06,1.10474e-06,1.03745e-06,1.10474,1.03745,0.0250807,3.70745e+07,2.00,2.7247,0.3269,0.0305,324.911,"netlists/A_1u_MIR_S.cir(case=4,temp=27,Vdd=5.0):dc_sweep_i(Vout)"
A_1u,A,MIR_S,5.0,SF,150,1e-06,1.08535e-06,1.03209e-06,1.08535,1.03209,0.0201096,4.68334e+07,2.00,2.2189,0.3967,0.0361,324.911,"netlists/A_1u_MIR_S.cir(case=4,temp=150,Vdd=5.0):dc_sweep_i(Vout)"
A_1u,A,MIR_S,5.5,TT,-55,1e-06,1.13786e-06,1.04481e-06,1.13786,1.04481,0.0318087,2.86276e+07,2.00,3.6147,0.2285,0.0215,324.911,"netlists/A_1u_MIR_S.cir(case=0,temp=-55,Vdd=5.5):dc_sweep_i(Vout)"
A_1u,A,MIR_S,5.5,TT,27,1e-06,1.10681e-06,1.03507e-06,1.10681,1.03507,0.0252208,3.68782e+07,2.00,2.9443,0.2717,0.0248,324.911,"netlists/A_1u_MIR_S.cir(case=0,temp=27,Vdd=5.5):dc_sweep_i(Vout)"
A_1u,A,MIR_S,5.5,TT,150,1e-06,1.08762e-06,1.02959e-06,1.08762,1.02959,0.0207995,4.53042e+07,2.00,2.4870,0.3152,0.0285,324.911,"netlists/A_1u_MIR_S.cir(case=0,temp=150,Vdd=5.5):dc_sweep_i(Vout)"
A_1u,A,MIR_S,5.5,FF,-55,1e-06,1.16291e-06,1.05547e-06,1.16291,1.05547,0.0360108,2.48473e+07,2.00,4.0543,0.2063,0.0196,324.911,"netlists/A_1u_MIR_S.cir(case=1,temp=-55,Vdd=5.5):dc_sweep_i(Vout)"
A_1u,A,MIR_S,5.5,FF,27,1e-06,1.12606e-06,1.04343e-06,1.12606,1.04343,0.0285777,3.20998e+07,2.00,3.2978,0.2455,0.0229,324.911,"netlists/A_1u_MIR_S.cir(case=1,temp=27,Vdd=5.5):dc_sweep_i(Vout)"
A_1u,A,MIR_S,5.5,FF,150,1e-06,1.10354e-06,1.03672e-06,1.10354,1.03672,0.0235971,3.94718e+07,2.00,2.7852,0.2839,0.0260,324.911,"netlists/A_1u_MIR_S.cir(case=1,temp=150,Vdd=5.5):dc_sweep_i(Vout)"
A_1u,A,MIR_S,5.5,SS,-55,1e-06,1.11551e-06,1.03562e-06,1.11551,1.03562,0.0278175,3.32563e+07,2.00,3.1968,0.2551,0.0238,324.911,"netlists/A_1u_MIR_S.cir(case=2,temp=-55,Vdd=5.5):dc_sweep_i(Vout)"
A_1u,A,MIR_S,5.5,SS,27,1e-06,1.08964e-06,1.02787e-06,1.08964,1.02787,0.0220604,4.26862e+07,2.00,2.6088,0.3037,0.0276,324.911,"netlists/A_1u_MIR_S.cir(case=2,temp=27,Vdd=5.5):dc_sweep_i(Vout)"
A_1u,A,MIR_S,5.5,SS,150,1e-06,1.07351e-06,1.02346e-06,1.07351,1.02346,0.0181841,5.23585e+07,2.00,2.2078,0.3523,0.0311,324.911,"netlists/A_1u_MIR_S.cir(case=2,temp=150,Vdd=5.5):dc_sweep_i(Vout)"
A_1u,A,MIR_S,5.5,FS,-55,1e-06,1.11573e-06,1.03551e-06,1.11573,1.03551,0.0279751,3.3072e+07,2.00,3.2265,0.2513,0.0234,324.911,"netlists/A_1u_MIR_S.cir(case=3,temp=-55,Vdd=5.5):dc_sweep_i(Vout)"
A_1u,A,MIR_S,5.5,FS,27,1e-06,1.08994e-06,1.02778e-06,1.08994,1.02778,0.0222323,4.23575e+07,2.00,2.6396,0.2983,0.0272,324.911,"netlists/A_1u_MIR_S.cir(case=3,temp=27,Vdd=5.5):dc_sweep_i(Vout)"
A_1u,A,MIR_S,5.5,FS,150,1e-06,1.07383e-06,1.02339e-06,1.07383,1.02339,0.0183603,5.18559e+07,2.00,2.2387,0.3451,0.0305,324.911,"netlists/A_1u_MIR_S.cir(case=3,temp=150,Vdd=5.5):dc_sweep_i(Vout)"
A_1u,A,MIR_S,5.5,SF,-55,1e-06,1.16273e-06,1.05563e-06,1.16273,1.05563,0.0358501,2.49552e+07,2.00,4.0235,0.2090,0.0199,324.911,"netlists/A_1u_MIR_S.cir(case=4,temp=-55,Vdd=5.5):dc_sweep_i(Vout)"
A_1u,A,MIR_S,5.5,SF,27,1e-06,1.12579e-06,1.04355e-06,1.12579,1.04355,0.028402,3.2296e+07,2.00,3.2659,0.2492,0.0232,324.911,"netlists/A_1u_MIR_S.cir(case=4,temp=27,Vdd=5.5):dc_sweep_i(Vout)"
A_1u,A,MIR_S,5.5,SF,150,1e-06,1.10323e-06,1.03682e-06,1.10323,1.03682,0.0234158,3.97758e+07,2.00,2.7531,0.2889,0.0265,324.911,"netlists/A_1u_MIR_S.cir(case=4,temp=150,Vdd=5.5):dc_sweep_i(Vout)"
A_1u,A,MIR_CS,3.2,TT,-55,1e-06,1.00001e-06,9.99974e-07,1.00001,0.99997,3.48866e-05,2.86647e+10,2.00,0.0231,2.3899,2.0534,649.822,"netlists/A_1u_MIR_CS.cir(case=0,temp=-55,Vdd=3.2):dc_sweep_i(Vout)"
A_1u,A,MIR_CS,3.2,TT,27,1e-06,1.00001e-06,9.99986e-07,1.00001,0.99999,1.81014e-05,5.52447e+10,2.00,0.0029,2.6072,2.1625,649.822,"netlists/A_1u_MIR_CS.cir(case=0,temp=27,Vdd=3.2):dc_sweep_i(Vout)"
A_1u,A,MIR_CS,3.2,TT,150,1e-06,1.00002e-06,9.99993e-07,1.00002,0.99999,1.41998e-05,7.04235e+10,2.00,0.0016,2.8366,2.3174,649.822,"netlists/A_1u_MIR_CS.cir(case=0,temp=150,Vdd=3.2):dc_sweep_i(Vout)"
A_1u,A,MIR_CS,3.2,FF,-55,1e-06,1.00002e-06,9.99972e-07,1.00002,0.99997,3.30009e-05,3.03025e+10,2.00,0.0044,2.4270,2.1368,649.822,"netlists/A_1u_MIR_CS.cir(case=1,temp=-55,Vdd=3.2):dc_sweep_i(Vout)"
A_1u,A,MIR_CS,3.2,FF,27,1e-06,1.00002e-06,9.99986e-07,1.00002,0.99999,2.26641e-05,4.41227e+10,2.00,0.0025,2.6285,2.2464,649.822,"netlists/A_1u_MIR_CS.cir(case=1,temp=27,Vdd=3.2):dc_sweep_i(Vout)"
A_1u,A,MIR_CS,3.2,FF,150,1e-06,1.00002e-06,9.99995e-07,1.00002,0.99999,1.86914e-05,5.35002e+10,2.00,0.0020,2.8476,2.4028,649.822,"netlists/A_1u_MIR_CS.cir(case=1,temp=150,Vdd=3.2):dc_sweep_i(Vout)"
A_1u,A,MIR_CS,3.2,SS,-55,1e-06,1.00001e-06,9.99976e-07,1.00001,0.99998,0.000136721,7.31453e+09,2.00,0.1496,2.3654,1.9702,649.822,"netlists/A_1u_MIR_CS.cir(case=2,temp=-55,Vdd=3.2):dc_sweep_i(Vout)"
A_1u,A,MIR_CS,3.2,SS,27,1e-06,1.00001e-06,9.99987e-07,1.00001,0.99999,2.39102e-05,4.18236e+10,2.00,0.0208,2.6025,2.0791,649.822,"netlists/A_1u_MIR_CS.cir(case=2,temp=27,Vdd=3.2):dc_sweep_i(Vout)"
A_1u,A,MIR_CS,3.2,SS,150,1e-06,1.00001e-06,9.99993e-07,1.00001,0.99999,1.1138e-05,8.97829e+10,2.00,0.0017,2.8386,2.2327,649.822,"netlists/A_1u_MIR_CS.cir(case=2,temp=150,Vdd=3.2):dc_sweep_i(Vout)"
A_1u,A,MIR_CS,3.2,FS,-55,1e-06,1.00001e-06,9.99977e-07,1.00001,0.99998,0.000135367,7.38769e+09,2.00,0.1485,2.3671,1.9707,649.822,"netlists/A_1u_MIR_CS.cir(case=3,temp=-55,Vdd=3.2):dc_sweep_i(Vout)"
A_1u,A,MIR_CS,3.2,FS,27,1e-06,1.00001e-06,9.99987e-07,1.00001,0.99999,2.35802e-05,4.24089e+10,2.00,0.0204,2.6045,2.0798,649.822,"netlists/A_1u_MIR_CS.cir(case=3,temp=27,Vdd=3.2):dc_sweep_i(Vout)"
A_1u,A,MIR_CS,3.2,FS,150,1e-06,1.00001e-06,9.99993e-07,1.00001,0.99999,1.10299e-05,9.0663e+10,2.00,0.0017,2.8402,2.2336,649.822,"netlists/A_1u_MIR_CS.cir(case=3,temp=150,Vdd=3.2):dc_sweep_i(Vout)"
A_1u,A,MIR_CS,3.2,SF,-55,1e-06,1.00002e-06,9.99972e-07,1.00002,0.99997,3.33196e-05,3.00126e+10,2.00,0.0045,2.4259,2.1364,649.822,"netlists/A_1u_MIR_CS.cir(case=4,temp=-55,Vdd=3.2):dc_sweep_i(Vout)"
A_1u,A,MIR_CS,3.2,SF,27,1e-06,1.00002e-06,9.99986e-07,1.00002,0.99999,2.28766e-05,4.37128e+10,2.00,0.0026,2.6271,2.2458,649.822,"netlists/A_1u_MIR_CS.cir(case=4,temp=27,Vdd=3.2):dc_sweep_i(Vout)"
A_1u,A,MIR_CS,3.2,SF,150,1e-06,1.00002e-06,9.99995e-07,1.00002,0.99999,1.88608e-05,5.30196e+10,2.00,0.0020,2.8464,2.4021,649.822,"netlists/A_1u_MIR_CS.cir(case=4,temp=150,Vdd=3.2):dc_sweep_i(Vout)"
A_1u,A,MIR_CS,4.5,TT,-55,1e-06,1.00004e-06,9.9999e-07,1.00004,0.99999,2.32948e-05,4.29273e+10,2.00,0.0023,3.6888,3.3519,649.822,"netlists/A_1u_MIR_CS.cir(case=0,temp=-55,Vdd=4.5):dc_sweep_i(Vout)"
A_1u,A,MIR_CS,4.5,TT,27,1e-06,1.00003e-06,9.99997e-07,1.00003,1.00000,1.63791e-05,6.10522e+10,2.00,0.0016,3.9062,3.4611,649.822,"netlists/A_1u_MIR_CS.cir(case=0,temp=27,Vdd=4.5):dc_sweep_i(Vout)"
A_1u,A,MIR_CS,4.5,TT,150,1e-06,1.00003e-06,1e-06,1.00003,1.00000,1.35632e-05,7.37276e+10,2.00,0.0014,4.1359,3.6159,649.822,"netlists/A_1u_MIR_CS.cir(case=0,temp=150,Vdd=4.5):dc_sweep_i(Vout)"
A_1u,A,MIR_CS,4.5,FF,-55,1e-06,1.00006e-06,9.99993e-07,1.00006,0.99999,3.03979e-05,3.28959e+10,2.00,0.0031,3.7259,3.4350,649.822,"netlists/A_1u_MIR_CS.cir(case=1,temp=-55,Vdd=4.5):dc_sweep_i(Vout)"
A_1u,A,MIR_CS,4.5,FF,27,1e-06,1.00005e-06,1e-06,1.00005,1.00000,2.15057e-05,4.6498e+10,2.00,0.0022,3.9275,3.5448,649.822,"netlists/A_1u_MIR_CS.cir(case=1,temp=27,Vdd=4.5):dc_sweep_i(Vout)"
A_1u,A,MIR_CS,4.5,FF,150,1e-06,1.00005e-06,1.00001e-06,1.00005,1.00001,1.80869e-05,5.52869e+10,2.00,0.0018,4.1468,3.7010,649.822,"netlists/A_1u_MIR_CS.cir(case=1,temp=150,Vdd=4.5):dc_sweep_i(Vout)"
A_1u,A,MIR_CS,4.5,SS,-55,1e-06,1.00003e-06,9.99989e-07,1.00003,0.99999,1.76046e-05,5.68028e+10,2.00,0.0018,3.6645,3.2688,649.822,"netlists/A_1u_MIR_CS.cir(case=2,temp=-55,Vdd=4.5):dc_sweep_i(Vout)"
A_1u,A,MIR_CS,4.5,SS,27,1e-06,1.00002e-06,9.99995e-07,1.00002,1.00000,1.23237e-05,8.11437e+10,2.00,0.0012,3.9017,3.3779,649.822,"netlists/A_1u_MIR_CS.cir(case=2,temp=27,Vdd=4.5):dc_sweep_i(Vout)"
A_1u,A,MIR_CS,4.5,SS,150,1e-06,1.00002e-06,1e-06,1.00002,1.00000,1.00722e-05,9.92818e+10,2.00,0.0010,4.1381,3.5315,649.822,"netlists/A_1u_MIR_CS.cir(case=2,temp=150,Vdd=4.5):dc_sweep_i(Vout)"
A_1u,A,MIR_CS,4.5,FS,-55,1e-06,1.00003e-06,9.99989e-07,1.00003,0.99999,1.74242e-05,5.73909e+10,2.00,0.0018,3.6662,3.2694,649.822,"netlists/A_1u_MIR_CS.cir(case=3,temp=-55,Vdd=4.5):dc_sweep_i(Vout)"
A_1u,A,MIR_CS,4.5,FS,27,1e-06,1.00002e-06,9.99995e-07,1.00002,1.00000,1.22036e-05,8.19422e+10,2.00,0.0012,3.9037,3.3786,649.822,"netlists/A_1u_MIR_CS.cir(case=3,temp=27,Vdd=4.5):dc_sweep_i(Vout)"
A_1u,A,MIR_CS,4.5,FS,150,1e-06,1.00002e-06,1e-06,1.00002,1.00000,9.97855e-06,1.00214e+11,2.00,0.0010,4.1397,3.5324,649.822,"netlists/A_1u_MIR_CS.cir(case=3,temp=150,Vdd=4.5):dc_sweep_i(Vout)"
A_1u,A,MIR_CS,4.5,SF,-55,1e-06,1.00006e-06,9.99993e-07,1.00006,0.99999,3.06872e-05,3.25858e+10,2.00,0.0031,3.7247,3.4345,649.822,"netlists/A_1u_MIR_CS.cir(case=4,temp=-55,Vdd=4.5):dc_sweep_i(Vout)"
A_1u,A,MIR_CS,4.5,SF,27,1e-06,1.00005e-06,1e-06,1.00005,1.00000,2.17049e-05,4.60712e+10,2.00,0.0022,3.9261,3.5442,649.822,"netlists/A_1u_MIR_CS.cir(case=4,temp=27,Vdd=4.5):dc_sweep_i(Vout)"
A_1u,A,MIR_CS,4.5,SF,150,1e-06,1.00005e-06,1.00001e-06,1.00005,1.00001,1.82477e-05,5.47998e+10,2.00,0.0018,4.1456,3.7003,649.822,"netlists/A_1u_MIR_CS.cir(case=4,temp=150,Vdd=4.5):dc_sweep_i(Vout)"
A_1u,A,MIR_CS,5.0,TT,-55,1e-06,1.00005e-06,9.99996e-07,1.00005,1.00000,2.30872e-05,4.33128e+10,2.00,0.0023,4.1884,3.8513,649.822,"netlists/A_1u_MIR_CS.cir(case=0,temp=-55,Vdd=5.0):dc_sweep_i(Vout)"
A_1u,A,MIR_CS,5.0,TT,27,1e-06,1.00004e-06,1e-06,1.00004,1.00000,1.63319e-05,6.12283e+10,2.00,0.0016,4.4058,3.9606,649.822,"netlists/A_1u_MIR_CS.cir(case=0,temp=27,Vdd=5.0):dc_sweep_i(Vout)"
A_1u,A,MIR_CS,5.0,TT,150,1e-06,1.00004e-06,1.00001e-06,1.00004,1.00001,1.35916e-05,7.35728e+10,2.00,0.0014,4.6357,4.1154,649.822,"netlists/A_1u_MIR_CS.cir(case=0,temp=150,Vdd=5.0):dc_sweep_i(Vout)"
A_1u,A,MIR_CS,5.0,FF,-55,1e-06,1.00008e-06,1e-06,1.00008,1.00000,3.00957e-05,3.32258e+10,2.00,0.0030,4.2254,3.9342,649.822,"netlists/A_1u_MIR_CS.cir(case=1,temp=-55,Vdd=5.0):dc_sweep_i(Vout)"
A_1u,A,MIR_CS,5.0,FF,27,1e-06,1.00006e-06,1.00001e-06,1.00006,1.00001,2.14656e-05,4.65843e+10,2.00,0.0022,4.4270,4.0440,649.822,"netlists/A_1u_MIR_CS.cir(case=1,temp=27,Vdd=5.0):dc_sweep_i(Vout)"
A_1u,A,MIR_CS,5.0,FF,150,1e-06,1.00006e-06,1.00001e-06,1.00006,1.00001,1.81889e-05,5.49765e+10,2.00,0.0019,4.6464,4.2003,649.822,"netlists/A_1u_MIR_CS.cir(case=1,temp=150,Vdd=5.0):dc_sweep_i(Vout)"
A_1u,A,MIR_CS,5.0,SS,-55,1e-06,1.00004e-06,9.99993e-07,1.00004,0.99999,1.74661e-05,5.72527e+10,2.00,0.0018,4.1641,3.7683,649.822,"netlists/A_1u_MIR_CS.cir(case=2,temp=-55,Vdd=5.0):dc_sweep_i(Vout)"
A_1u,A,MIR_CS,5.0,SS,27,1e-06,1.00003e-06,9.99998e-07,1.00003,1.00000,1.22875e-05,8.13822e+10,2.00,0.0012,4.4013,3.8774,649.822,"netlists/A_1u_MIR_CS.cir(case=2,temp=27,Vdd=5.0):dc_sweep_i(Vout)"
A_1u,A,MIR_CS,5.0,SS,150,1e-06,1.00003e-06,1e-06,1.00003,1.00000,1.01008e-05,9.9e+10,2.00,0.0010,4.6379,4.0310,649.822,"netlists/A_1u_MIR_CS.cir(case=2,temp=150,Vdd=5.0):dc_sweep_i(Vout)"
A_1u,A,MIR_CS,5.0,FS,-55,1e-06,1.00004e-06,9.99994e-07,1.00004,0.99999,1.72905e-05,5.78341e+10,2.00,0.0017,4.1658,3.7689,649.822,"netlists/A_1u_MIR_CS.cir(case=3,temp=-55,Vdd=5.0):dc_sweep_i(Vout)"
A_1u,A,MIR_CS,5.0,FS,27,1e-06,1.00003e-06,9.99998e-07,1.00003,1.00000,1.21714e-05,8.21586e+10,2.00,0.0012,4.4034,3.8781,649.822,"netlists/A_1u_MIR_CS.cir(case=3,temp=27,Vdd=5.0):dc_sweep_i(Vout)"
A_1u,A,MIR_CS,5.0,FS,150,1e-06,1.00003e-06,1e-06,1.00003,1.00000,1.0012e-05,9.98784e+10,2.00,0.0010,4.6395,4.0319,649.822,"netlists/A_1u_MIR_CS.cir(case=3,temp=150,Vdd=5.0):dc_sweep_i(Vout)"
A_1u,A,MIR_CS,5.0,SF,-55,1e-06,1.00008e-06,1e-06,1.00008,1.00000,3.03721e-05,3.29234e+10,2.00,0.0031,4.2243,3.9338,649.822,"netlists/A_1u_MIR_CS.cir(case=4,temp=-55,Vdd=5.0):dc_sweep_i(Vout)"
A_1u,A,MIR_CS,5.0,SF,27,1e-06,1.00006e-06,1.00001e-06,1.00006,1.00001,2.16546e-05,4.61778e+10,2.00,0.0022,4.4256,4.0434,649.822,"netlists/A_1u_MIR_CS.cir(case=4,temp=27,Vdd=5.0):dc_sweep_i(Vout)"
A_1u,A,MIR_CS,5.0,SF,150,1e-06,1.00006e-06,1.00001e-06,1.00006,1.00001,1.8337e-05,5.45325e+10,2.00,0.0019,4.6452,4.1996,649.822,"netlists/A_1u_MIR_CS.cir(case=4,temp=150,Vdd=5.0):dc_sweep_i(Vout)"
A_1u,A,MIR_CS,5.5,TT,-55,1e-06,1.00007e-06,1e-06,1.00007,1.00000,2.31623e-05,4.31718e+10,2.00,0.0024,4.6880,4.3507,649.822,"netlists/A_1u_MIR_CS.cir(case=0,temp=-55,Vdd=5.5):dc_sweep_i(Vout)"
A_1u,A,MIR_CS,5.5,TT,27,1e-06,1.00005e-06,1.00001e-06,1.00005,1.00001,1.65423e-05,6.04492e+10,2.00,0.0017,4.9056,4.4602,649.822,"netlists/A_1u_MIR_CS.cir(case=0,temp=27,Vdd=5.5):dc_sweep_i(Vout)"
A_1u,A,MIR_CS,5.5,TT,150,1e-06,1.00005e-06,1.00001e-06,1.00005,1.00001,1.40627e-05,7.11079e+10,2.00,0.0015,5.1354,4.6147,649.822,"netlists/A_1u_MIR_CS.cir(case=0,temp=150,Vdd=5.5):dc_sweep_i(Vout)"
A_1u,A,MIR_CS,5.5,FF,-55,1e-06,1.00009e-06,1.00001e-06,1.00009,1.00001,3.02015e-05,3.31089e+10,2.00,0.0031,4.7249,4.4335,649.822,"netlists/A_1u_MIR_CS.cir(case=1,temp=-55,Vdd=5.5):dc_sweep_i(Vout)"
A_1u,A,MIR_CS,5.5,FF,27,1e-06,1.00007e-06,1.00001e-06,1.00007,1.00001,2.17616e-05,4.59501e+10,2.00,0.0022,4.9268,4.5436,649.822,"netlists/A_1u_MIR_CS.cir(case=1,temp=27,Vdd=5.5):dc_sweep_i(Vout)"
A_1u,A,MIR_CS,5.5,FF,150,1e-06,1.00007e-06,1.00002e-06,1.00007,1.00002,1.88993e-05,5.29094e+10,2.00,0.0020,5.1460,4.6995,649.822,"netlists/A_1u_MIR_CS.cir(case=1,temp=150,Vdd=5.5):dc_sweep_i(Vout)"
A_1u,A,MIR_CS,5.5,SS,-55,1e-06,1.00005e-06,9.99998e-07,1.00005,1.00000,1.75192e-05,5.70787e+10,2.00,0.0018,4.6638,4.2677,649.822,"netlists/A_1u_MIR_CS.cir(case=2,temp=-55,Vdd=5.5):dc_sweep_i(Vout)"
A_1u,A,MIR_CS,5.5,SS,27,1e-06,1.00004e-06,1e-06,1.00004,1.00000,1.2453e-05,8.03002e+10,2.00,0.0013,4.9010,4.3769,649.822,"netlists/A_1u_MIR_CS.cir(case=2,temp=27,Vdd=5.5):dc_sweep_i(Vout)"
A_1u,A,MIR_CS,5.5,SS,150,1e-06,1.00003e-06,1e-06,1.00003,1.00000,1.04026e-05,9.61273e+10,2.00,0.0011,5.1376,4.5304,649.822,"netlists/A_1u_MIR_CS.cir(case=2,temp=150,Vdd=5.5):dc_sweep_i(Vout)"
A_1u,A,MIR_CS,5.5,FS,-55,1e-06,1.00005e-06,9.99998e-07,1.00005,1.00000,1.73562e-05,5.76147e+10,2.00,0.0018,4.6654,4.2683,649.822,"netlists/A_1u_MIR_CS.cir(case=3,temp=-55,Vdd=5.5):dc_sweep_i(Vout)"
A_1u,A,MIR_CS,5.5,FS,27,1e-06,1.00004e-06,1e-06,1.00004,1.00000,1.23499e-05,8.09707e+10,2.00,0.0013,4.9030,4.3776,649.822,"netlists/A_1u_MIR_CS.cir(case=3,temp=27,Vdd=5.5):dc_sweep_i(Vout)"
A_1u,A,MIR_CS,5.5,FS,150,1e-06,1.00003e-06,1e-06,1.00003,1.00000,1.0331e-05,9.67935e+10,2.00,0.0011,5.1392,4.5313,649.822,"netlists/A_1u_MIR_CS.cir(case=3,temp=150,Vdd=5.5):dc_sweep_i(Vout)"
A_1u,A,MIR_CS,5.5,SF,-55,1e-06,1.00009e-06,1.00001e-06,1.00009,1.00001,3.04506e-05,3.2838e+10,2.00,0.0031,4.7238,4.4330,649.822,"netlists/A_1u_MIR_CS.cir(case=4,temp=-55,Vdd=5.5):dc_sweep_i(Vout)"
A_1u,A,MIR_CS,5.5,SF,27,1e-06,1.00007e-06,1.00001e-06,1.00007,1.00001,2.19234e-05,4.56111e+10,2.00,0.0023,4.9254,4.5431,649.822,"netlists/A_1u_MIR_CS.cir(case=4,temp=27,Vdd=5.5):dc_sweep_i(Vout)"
A_1u,A,MIR_CS,5.5,SF,150,1e-06,1.00007e-06,1.00002e-06,1.00007,1.00002,1.90115e-05,5.25971e+10,2.00,0.0020,5.1448,4.6987,649.822,"netlists/A_1u_MIR_CS.cir(case=4,temp=150,Vdd=5.5):dc_sweep_i(Vout)"
A_1u,A,MIR_CW,3.2,TT,-55,1e-06,1.00009e-06,1.00002e-06,1.00009,1.00002,4.26143e-05,2.34653e+10,2.00,0.0043,3.0499,2.9355,649.822,"netlists/A_1u_MIR_CW.cir(case=0,temp=-55,Vdd=3.2):dc_sweep_i(Vout)"
A_1u,A,MIR_CW,3.2,TT,27,1e-06,1.00005e-06,1.00001e-06,1.00005,1.00001,2.50753e-05,3.98788e+10,2.00,0.0025,3.0272,2.8680,649.822,"netlists/A_1u_MIR_CW.cir(case=0,temp=27,Vdd=3.2):dc_sweep_i(Vout)"
A_1u,A,MIR_CW,3.2,TT,150,1e-06,1.00004e-06,1.00001e-06,1.00004,1.00001,1.73168e-05,5.77459e+10,2.00,0.0018,2.9957,2.7602,649.822,"netlists/A_1u_MIR_CW.cir(case=0,temp=150,Vdd=3.2):dc_sweep_i(Vout)"
A_1u,A,MIR_CW,3.2,FF,-55,1e-06,1.00009e-06,1.00002e-06,1.00009,1.00002,4.11649e-05,2.42914e+10,2.00,0.0042,3.0309,2.8776,649.822,"netlists/A_1u_MIR_CW.cir(case=1,temp=-55,Vdd=3.2):dc_sweep_i(Vout)"
A_1u,A,MIR_CW,3.2,FF,27,1e-06,1.00006e-06,1.00002e-06,1.00006,1.00002,2.71119e-05,3.6883e+10,2.00,0.0027,3.0106,2.8040,649.822,"netlists/A_1u_MIR_CW.cir(case=1,temp=27,Vdd=3.2):dc_sweep_i(Vout)"
A_1u,A,MIR_CW,3.2,FF,150,1e-06,1.00005e-06,1.00002e-06,1.00005,1.00002,2.06273e-05,4.84778e+10,2.00,0.0021,2.9775,2.6861,649.822,"netlists/A_1u_MIR_CW.cir(case=1,temp=150,Vdd=3.2):dc_sweep_i(Vout)"
A_1u,A,MIR_CW,3.2,SS,-55,1e-06,1.00014e-06,1.00003e-06,1.00014,1.00003,6.99204e-05,1.4301e+10,2.00,0.0071,3.0587,2.9774,649.822,"netlists/A_1u_MIR_CW.cir(case=2,temp=-55,Vdd=3.2):dc_sweep_i(Vout)"
A_1u,A,MIR_CW,3.2,SS,27,1e-06,1.00006e-06,1.00001e-06,1.00006,1.00001,3.02294e-05,3.30793e+10,2.00,0.0031,3.0336,2.9181,649.822,"netlists/A_1u_MIR_CW.cir(case=2,temp=27,Vdd=3.2):dc_sweep_i(Vout)"
A_1u,A,MIR_CW,3.2,SS,150,1e-06,1.00004e-06,1.00001e-06,1.00004,1.00001,1.63498e-05,6.11615e+10,2.00,0.0017,3.0015,2.8232,649.822,"netlists/A_1u_MIR_CW.cir(case=2,temp=150,Vdd=3.2):dc_sweep_i(Vout)"
A_1u,A,MIR_CW,3.2,FS,-55,1e-06,1.00013e-06,1.00002e-06,1.00013,1.00002,6.91291e-05,1.44647e+10,2.00,0.0070,3.0589,2.9775,649.822,"netlists/A_1u_MIR_CW.cir(case=3,temp=-55,Vdd=3.2):dc_sweep_i(Vout)"
A_1u,A,MIR_CW,3.2,FS,27,1e-06,1.00006e-06,1.00001e-06,1.00006,1.00001,2.99015e-05,3.3442e+10,2.00,0.0030,3.0338,2.9183,649.822,"netlists/A_1u_MIR_CW.cir(case=3,temp=27,Vdd=3.2):dc_sweep_i(Vout)"
A_1u,A,MIR_CW,3.2,FS,150,1e-06,1.00004e-06,1.00001e-06,1.00004,1.00001,1.61863e-05,6.17793e+10,2.00,0.0016,3.0018,2.8234,649.822,"netlists/A_1u_MIR_CW.cir(case=3,temp=150,Vdd=3.2):dc_sweep_i(Vout)"
A_1u,A,MIR_CW,3.2,SF,-55,1e-06,1.00009e-06,1.00002e-06,1.00009,1.00002,4.15334e-05,2.40758e+10,2.00,0.0042,3.0308,2.8775,649.822,"netlists/A_1u_MIR_CW.cir(case=4,temp=-55,Vdd=3.2):dc_sweep_i(Vout)"
A_1u,A,MIR_CW,3.2,SF,27,1e-06,1.00006e-06,1.00002e-06,1.00006,1.00002,2.73582e-05,3.65509e+10,2.00,0.0028,3.0104,2.8039,649.822,"netlists/A_1u_MIR_CW.cir(case=4,temp=27,Vdd=3.2):dc_sweep_i(Vout)"
A_1u,A,MIR_CW,3.2,SF,150,1e-06,1.00005e-06,1.00002e-06,1.00005,1.00002,2.08149e-05,4.8041e+10,2.00,0.0021,2.9772,2.6859,649.822,"netlists/A_1u_MIR_CW.cir(case=4,temp=150,Vdd=3.2):dc_sweep_i(Vout)"
A_1u,A,MIR_CW,4.5,TT,-55,1e-06,1.00014e-06,1.00005e-06,1.00014,1.00005,4.14355e-05,2.41315e+10,2.00,0.0042,4.3496,4.2335,649.822,"netlists/A_1u_MIR_CW.cir(case=0,temp=-55,Vdd=4.5):dc_sweep_i(Vout)"
A_1u,A,MIR_CW,4.5,TT,27,1e-06,1.00009e-06,1.00003e-06,1.00009,1.00003,2.46766e-05,4.05218e+10,2.00,0.0025,4.3270,4.1663,649.822,"netlists/A_1u_MIR_CW.cir(case=0,temp=27,Vdd=4.5):dc_sweep_i(Vout)"
A_1u,A,MIR_CW,4.5,TT,150,1e-06,1.00006e-06,1.00002e-06,1.00006,1.00002,1.70978e-05,5.84845e+10,2.00,0.0017,4.2955,4.0586,649.822,"netlists/A_1u_MIR_CW.cir(case=0,temp=150,Vdd=4.5):dc_sweep_i(Vout)"
A_1u,A,MIR_CW,4.5,FF,-55,1e-06,1.00014e-06,1.00005e-06,1.00014,1.00005,3.983e-05,2.51042e+10,2.00,0.0040,4.3305,4.1754,649.822,"netlists/A_1u_MIR_CW.cir(case=1,temp=-55,Vdd=4.5):dc_sweep_i(Vout)"
A_1u,A,MIR_CW,4.5,FF,27,1e-06,1.0001e-06,1.00004e-06,1.00010,1.00004,2.65278e-05,3.76937e+10,2.00,0.0027,4.3103,4.1023,649.822,"netlists/A_1u_MIR_CW.cir(case=1,temp=27,Vdd=4.5):dc_sweep_i(Vout)"
A_1u,A,MIR_CW,4.5,FF,150,1e-06,1.00008e-06,1.00003e-06,1.00008,1.00003,2.02491e-05,4.93821e+10,2.00,0.0020,4.2771,3.9842,649.822,"netlists/A_1u_MIR_CW.cir(case=1,temp=150,Vdd=4.5):dc_sweep_i(Vout)"
A_1u,A,MIR_CW,4.5,SS,-55,1e-06,1.00023e-06,1.00007e-06,1.00023,1.00007,6.80769e-05,1.4687e+10,2.00,0.0069,4.3584,4.2742,649.822,"netlists/A_1u_MIR_CW.cir(case=2,temp=-55,Vdd=4.5):dc_sweep_i(Vout)"
A_1u,A,MIR_CW,4.5,SS,27,1e-06,1.0001e-06,1.00003e-06,1.00010,1.00003,2.98816e-05,3.3463e+10,2.00,0.0030,4.3334,4.2164,649.822,"netlists/A_1u_MIR_CW.cir(case=2,temp=27,Vdd=4.5):dc_sweep_i(Vout)"
A_1u,A,MIR_CW,4.5,SS,150,1e-06,1.00006e-06,1.00002e-06,1.00006,1.00002,1.62329e-05,6.16006e+10,2.00,0.0017,4.3014,4.1219,649.822,"netlists/A_1u_MIR_CW.cir(case=2,temp=150,Vdd=4.5):dc_sweep_i(Vout)"
A_1u,A,MIR_CW,4.5,FS,-55,1e-06,1.00022e-06,1.00007e-06,1.00022,1.00007,6.73877e-05,1.48372e+10,2.00,0.0068,4.3585,4.2744,649.822,"netlists/A_1u_MIR_CW.cir(case=3,temp=-55,Vdd=4.5):dc_sweep_i(Vout)"
A_1u,A,MIR_CW,4.5,FS,27,1e-06,1.0001e-06,1.00003e-06,1.00010,1.00003,2.95912e-05,3.37914e+10,2.00,0.0030,4.3336,4.2166,649.822,"netlists/A_1u_MIR_CW.cir(case=3,temp=27,Vdd=4.5):dc_sweep_i(Vout)"
A_1u,A,MIR_CW,4.5,FS,150,1e-06,1.00006e-06,1.00002e-06,1.00006,1.00002,1.6086e-05,6.21632e+10,2.00,0.0016,4.3017,4.1220,649.822,"netlists/A_1u_MIR_CW.cir(case=3,temp=150,Vdd=4.5):dc_sweep_i(Vout)"
A_1u,A,MIR_CW,4.5,SF,-55,1e-06,1.00014e-06,1.00005e-06,1.00014,1.00005,4.01592e-05,2.48984e+10,2.00,0.0040,4.3304,4.1753,649.822,"netlists/A_1u_MIR_CW.cir(case=4,temp=-55,Vdd=4.5):dc_sweep_i(Vout)"
A_1u,A,MIR_CW,4.5,SF,27,1e-06,1.0001e-06,1.00004e-06,1.00010,1.00004,2.6751e-05,3.73792e+10,2.00,0.0027,4.3101,4.1022,649.822,"netlists/A_1u_MIR_CW.cir(case=4,temp=27,Vdd=4.5):dc_sweep_i(Vout)"
A_1u,A,MIR_CW,4.5,SF,150,1e-06,1.00008e-06,1.00003e-06,1.00008,1.00003,2.0422e-05,4.89639e+10,2.00,0.0021,4.2768,3.9841,649.822,"netlists/A_1u_MIR_CW.cir(case=4,temp=150,Vdd=4.5):dc_sweep_i(Vout)"
A_1u,A,MIR_CW,5.0,TT,-55,1e-06,1.00017e-06,1.00006e-06,1.00017,1.00006,4.24562e-05,2.35509e+10,2.00,0.0053,4.8494,4.7323,649.822,"netlists/A_1u_MIR_CW.cir(case=0,temp=-55,Vdd=5.0):dc_sweep_i(Vout)"
A_1u,A,MIR_CW,5.0,TT,27,1e-06,1.0001e-06,1.00004e-06,1.00010,1.00004,2.54024e-05,3.93634e+10,2.00,0.0027,4.8269,4.6656,649.822,"netlists/A_1u_MIR_CW.cir(case=0,temp=27,Vdd=5.0):dc_sweep_i(Vout)"
A_1u,A,MIR_CW,5.0,TT,150,1e-06,1.00007e-06,1.00003e-06,1.00007,1.00003,1.76027e-05,5.68062e+10,2.00,0.0018,4.7954,4.5579,649.822,"netlists/A_1u_MIR_CW.cir(case=0,temp=150,Vdd=5.0):dc_sweep_i(Vout)"
A_1u,A,MIR_CW,5.0,FF,-55,1e-06,1.00016e-06,1.00006e-06,1.00016,1.00006,4.0295e-05,2.4814e+10,2.00,0.0041,4.8304,4.6747,649.822,"netlists/A_1u_MIR_CW.cir(case=1,temp=-55,Vdd=5.0):dc_sweep_i(Vout)"
A_1u,A,MIR_CW,5.0,FF,27,1e-06,1.00011e-06,1.00004e-06,1.00011,1.00004,2.70651e-05,3.69449e+10,2.00,0.0028,4.8101,4.6015,649.822,"netlists/A_1u_MIR_CW.cir(case=1,temp=27,Vdd=5.0):dc_sweep_i(Vout)"
A_1u,A,MIR_CW,5.0,FF,150,1e-06,1.00009e-06,1.00004e-06,1.00009,1.00004,2.06621e-05,4.83944e+10,2.00,0.0021,4.7770,4.4834,649.822,"netlists/A_1u_MIR_CW.cir(case=1,temp=150,Vdd=5.0):dc_sweep_i(Vout)"
A_1u,A,MIR_CW,5.0,SS,-55,1e-06,1.00027e-06,1.00009e-06,1.00027,1.00009,7.01147e-05,1.42596e+10,2.00,0.0074,4.8582,4.7728,649.822,"netlists/A_1u_MIR_CW.cir(case=2,temp=-55,Vdd=5.0):dc_sweep_i(Vout)"
A_1u,A,MIR_CW,5.0,SS,27,1e-06,1.00011e-06,1.00004e-06,1.00011,1.00004,3.10125e-05,3.22423e+10,2.00,0.0033,4.8333,4.7159,649.822,"netlists/A_1u_MIR_CW.cir(case=2,temp=27,Vdd=5.0):dc_sweep_i(Vout)"
A_1u,A,MIR_CW,5.0,SS,150,1e-06,1.00007e-06,1.00002e-06,1.00007,1.00002,1.68985e-05,5.9174e+10,2.00,0.0018,4.8013,4.6213,649.822,"netlists/A_1u_MIR_CW.cir(case=2,temp=150,Vdd=5.0):dc_sweep_i(Vout)"
A_1u,A,MIR_CW,5.0,FS,-55,1e-06,1.00026e-06,1.00009e-06,1.00026,1.00009,6.95545e-05,1.43745e+10,2.00,0.0073,4.8584,4.7730,649.822,"netlists/A_1u_MIR_CW.cir(case=3,temp=-55,Vdd=5.0):dc_sweep_i(Vout)"
A_1u,A,MIR_CW,5.0,FS,27,1e-06,1.00011e-06,1.00004e-06,1.00011,1.00004,3.07833e-05,3.24824e+10,2.00,0.0033,4.8335,4.7160,649.822,"netlists/A_1u_MIR_CW.cir(case=3,temp=27,Vdd=5.0):dc_sweep_i(Vout)"
A_1u,A,MIR_CW,5.0,FS,150,1e-06,1.00007e-06,1.00002e-06,1.00007,1.00002,1.67845e-05,5.95757e+10,2.00,0.0018,4.8016,4.6214,649.822,"netlists/A_1u_MIR_CW.cir(case=3,temp=150,Vdd=5.0):dc_sweep_i(Vout)"
A_1u,A,MIR_CW,5.0,SF,-55,1e-06,1.00016e-06,1.00006e-06,1.00016,1.00006,4.05719e-05,2.46446e+10,2.00,0.0041,4.8302,4.6746,649.822,"netlists/A_1u_MIR_CW.cir(case=4,temp=-55,Vdd=5.0):dc_sweep_i(Vout)"
A_1u,A,MIR_CW,5.0,SF,27,1e-06,1.00011e-06,1.00004e-06,1.00011,1.00004,2.72534e-05,3.66896e+10,2.00,0.0028,4.8099,4.6014,649.822,"netlists/A_1u_MIR_CW.cir(case=4,temp=27,Vdd=5.0):dc_sweep_i(Vout)"
A_1u,A,MIR_CW,5.0,SF,150,1e-06,1.00009e-06,1.00004e-06,1.00009,1.00004,2.08097e-05,4.80512e+10,2.00,0.0022,4.7767,4.4833,649.822,"netlists/A_1u_MIR_CW.cir(case=4,temp=150,Vdd=5.0):dc_sweep_i(Vout)"
A_1u,A,MIR_CW,5.5,TT,-55,1e-06,1.0002e-06,1.00007e-06,1.00020,1.00007,4.55725e-05,2.19399e+10,2.00,0.0059,5.3492,5.2313,649.822,"netlists/A_1u_MIR_CW.cir(case=0,temp=-55,Vdd=5.5):dc_sweep_i(Vout)"
A_1u,A,MIR_CW,5.5,TT,27,1e-06,1.00012e-06,1.00004e-06,1.00012,1.00004,2.76901e-05,3.61108e+10,2.00,0.0031,5.3268,5.1647,649.822,"netlists/A_1u_MIR_CW.cir(case=0,temp=27,Vdd=5.5):dc_sweep_i(Vout)"
A_1u,A,MIR_CW,5.5,TT,150,1e-06,1.00008e-06,1.00003e-06,1.00008,1.00003,1.92365e-05,5.19813e+10,2.00,0.0021,5.2953,5.0570,649.822,"netlists/A_1u_MIR_CW.cir(case=0,temp=150,Vdd=5.5):dc_sweep_i(Vout)"
A_1u,A,MIR_CW,5.5,FF,-55,1e-06,1.00018e-06,1.00007e-06,1.00018,1.00007,4.2618e-05,2.3461e+10,2.00,0.0045,5.3302,5.1737,649.822,"netlists/A_1u_MIR_CW.cir(case=1,temp=-55,Vdd=5.5):dc_sweep_i(Vout)"
A_1u,A,MIR_CW,5.5,FF,27,1e-06,1.00013e-06,1.00005e-06,1.00013,1.00005,2.89925e-05,3.44884e+10,2.00,0.0031,5.3100,5.1006,649.822,"netlists/A_1u_MIR_CW.cir(case=1,temp=27,Vdd=5.5):dc_sweep_i(Vout)"
A_1u,A,MIR_CW,5.5,FF,150,1e-06,1.0001e-06,1.00004e-06,1.00010,1.00004,2.21704e-05,4.51017e+10,2.00,0.0024,5.2768,4.9825,649.822,"netlists/A_1u_MIR_CW.cir(case=1,temp=150,Vdd=5.5):dc_sweep_i(Vout)"
A_1u,A,MIR_CW,5.5,SS,-55,1e-06,1.00031e-06,1.00011e-06,1.00031,1.00011,7.6576e-05,1.30559e+10,2.00,0.0085,5.3580,5.2711,649.822,"netlists/A_1u_MIR_CW.cir(case=2,temp=-55,Vdd=5.5):dc_sweep_i(Vout)"
A_1u,A,MIR_CW,5.5,SS,27,1e-06,1.00014e-06,1.00005e-06,1.00014,1.00005,3.45405e-05,2.89486e+10,2.00,0.0039,5.3332,5.2149,649.822,"netlists/A_1u_MIR_CW.cir(case=2,temp=27,Vdd=5.5):dc_sweep_i(Vout)"
A_1u,A,MIR_CW,5.5,SS,150,1e-06,1.00008e-06,1.00003e-06,1.00008,1.00003,1.88951e-05,5.29207e+10,2.00,0.0022,5.3013,5.1205,649.822,"netlists/A_1u_MIR_CW.cir(case=2,temp=150,Vdd=5.5):dc_sweep_i(Vout)"
A_1u,A,MIR_CW,5.5,FS,-55,1e-06,1.00031e-06,1.0001e-06,1.00031,1.00010,7.62622e-05,1.31097e+10,2.00,0.0085,5.3582,5.2713,649.822,"netlists/A_1u_MIR_CW.cir(case=3,temp=-55,Vdd=5.5):dc_sweep_i(Vout)"
A_1u,A,MIR_CW,5.5,FS,27,1e-06,1.00014e-06,1.00005e-06,1.00014,1.00005,3.44375e-05,2.90352e+10,2.00,0.0039,5.3334,5.2151,649.822,"netlists/A_1u_MIR_CW.cir(case=3,temp=27,Vdd=5.5):dc_sweep_i(Vout)"
A_1u,A,MIR_CW,5.5,FS,150,1e-06,1.00008e-06,1.00003e-06,1.00008,1.00003,1.88527e-05,5.30398e+10,2.00,0.0022,5.3015,5.1207,649.822,"netlists/A_1u_MIR_CW.cir(case=3,temp=150,Vdd=5.5):dc_sweep_i(Vout)"
A_1u,A,MIR_CW,5.5,SF,-55,1e-06,1.00018e-06,1.00007e-06,1.00018,1.00007,4.27915e-05,2.33658e+10,2.00,0.0045,5.3300,5.1736,649.822,"netlists/A_1u_MIR_CW.cir(case=4,temp=-55,Vdd=5.5):dc_sweep_i(Vout)"
A_1u,A,MIR_CW,5.5,SF,27,1e-06,1.00013e-06,1.00005e-06,1.00013,1.00005,2.91032e-05,3.43571e+10,2.00,0.0031,5.3097,5.1005,649.822,"netlists/A_1u_MIR_CW.cir(case=4,temp=27,Vdd=5.5):dc_sweep_i(Vout)"
A_1u,A,MIR_CW,5.5,SF,150,1e-06,1.0001e-06,1.00004e-06,1.00010,1.00004,2.21987e-05,4.50442e+10,2.00,0.0024,5.2765,4.9826,649.822,"netlists/A_1u_MIR_CW.cir(case=4,temp=150,Vdd=5.5):dc_sweep_i(Vout)"
A_10u,A,MIR_S,3.2,TT,-55,1e-05,1.04674e-05,1.00765e-05,1.04674,1.00765,0.0239151,4.0902e+06,2.00,2.3972,0.4285,0.0427,324.911,"netlists/A_10u_MIR_S.cir(case=0,temp=-55,Vdd=3.2):dc_sweep_i(Vout)"
A_10u,A,MIR_S,3.2,TT,27,1e-05,1.03595e-05,1.00698e-05,1.03595,1.00698,0.0178037,5.51832e+06,2.00,1.7867,0.5729,0.0571,324.911,"netlists/A_10u_MIR_S.cir(case=0,temp=27,Vdd=3.2):dc_sweep_i(Vout)"
A_10u,A,MIR_S,3.2,TT,150,1e-05,1.02924e-05,1.0069e-05,1.02924,1.00690,0.0137792,7.14804e+06,2.00,1.3855,0.7389,0.0738,324.911,"netlists/A_10u_MIR_S.cir(case=0,temp=150,Vdd=3.2):dc_sweep_i(Vout)"
A_10u,A,MIR_S,3.2,FF,-55,1e-05,1.05745e-05,1.01174e-05,1.05745,1.01174,0.0277845,3.4981e+06,2.00,2.7842,0.3700,0.0369,324.911,"netlists/A_10u_MIR_S.cir(case=1,temp=-55,Vdd=3.2):dc_sweep_i(Vout)"
A_10u,A,MIR_S,3.2,FF,27,1e-05,1.0443e-05,1.01034e-05,1.04430,1.01034,0.0207622,4.70781e+06,2.00,2.0826,0.4924,0.0491,324.911,"netlists/A_10u_MIR_S.cir(case=1,temp=27,Vdd=3.2):dc_sweep_i(Vout)"
A_10u,A,MIR_S,3.2,FF,150,1e-05,1.03618e-05,1.0099e-05,1.03618,1.00990,0.0161352,6.07754e+06,2.00,1.6212,0.6321,0.0631,324.911,"netlists/A_10u_MIR_S.cir(case=1,temp=150,Vdd=3.2):dc_sweep_i(Vout)"
A_10u,A,MIR_S,3.2,SS,-55,1e-05,1.03738e-05,1.00438e-05,1.03738,1.00438,0.0203045,4.84386e+06,2.00,2.0362,0.5032,0.0502,324.911,"netlists/A_10u_MIR_S.cir(case=2,temp=-55,Vdd=3.2):dc_sweep_i(Vout)"
A_10u,A,MIR_S,3.2,SS,27,1e-05,1.02866e-05,1.00427e-05,1.02866,1.00427,0.0150598,6.55221e+06,2.00,1.5122,0.6760,0.0675,324.911,"netlists/A_10u_MIR_S.cir(case=2,temp=27,Vdd=3.2):dc_sweep_i(Vout)"
A_10u,A,MIR_S,3.2,SS,150,1e-05,1.02322e-05,1.00447e-05,1.02322,1.00447,0.0116087,8.51624e+06,2.00,1.1683,0.8757,0.0875,324.911,"netlists/A_10u_MIR_S.cir(case=2,temp=150,Vdd=3.2):dc_sweep_i(Vout)"
A_10u,A,MIR_S,3.2,FS,-55,1e-05,1.0373e-05,1.00438e-05,1.03730,1.00438,0.0202524,4.85646e+06,2.00,2.0310,0.5044,0.0503,324.911,"netlists/A_10u_MIR_S.cir(case=3,temp=-55,Vdd=3.2):dc_sweep_i(Vout)"
A_10u,A,MIR_S,3.2,FS,27,1e-05,1.02861e-05,1.00428e-05,1.02861,1.00428,0.015023,6.56843e+06,2.00,1.5086,0.6776,0.0676,324.911,"netlists/A_10u_MIR_S.cir(case=3,temp=27,Vdd=3.2):dc_sweep_i(Vout)"
A_10u,A,MIR_S,3.2,FS,150,1e-05,1.02318e-05,1.00448e-05,1.02318,1.00448,0.0115806,8.53697e+06,2.00,1.1655,0.8778,0.0876,324.911,"netlists/A_10u_MIR_S.cir(case=3,temp=150,Vdd=3.2):dc_sweep_i(Vout)"
A_10u,A,MIR_S,3.2,SF,-55,1e-05,1.05756e-05,1.01174e-05,1.05756,1.01174,0.0278436,3.49052e+06,2.00,2.7900,0.3693,0.0369,324.911,"netlists/A_10u_MIR_S.cir(case=4,temp=-55,Vdd=3.2):dc_sweep_i(Vout)"
A_10u,A,MIR_S,3.2,SF,27,1e-05,1.04438e-05,1.01035e-05,1.04438,1.01035,0.020806,4.69774e+06,2.00,2.0870,0.4915,0.0490,324.911,"netlists/A_10u_MIR_S.cir(case=4,temp=27,Vdd=3.2):dc_sweep_i(Vout)"
A_10u,A,MIR_S,3.2,SF,150,1e-05,1.03624e-05,1.0099e-05,1.03624,1.00990,0.0161695,6.0645e+06,2.00,1.6247,0.6308,0.0630,324.911,"netlists/A_10u_MIR_S.cir(case=4,temp=150,Vdd=3.2):dc_sweep_i(Vout)"
A_10u,A,MIR_S,4.5,TT,-55,1e-05,1.08023e-05,1.02355e-05,1.08023,1.02355,0.0237523,3.99306e+06,2.00,2.4537,0.3947,0.0377,324.911,"netlists/A_10u_MIR_S.cir(case=0,temp=-55,Vdd=4.5):dc_sweep_i(Vout)"
A_10u,A,MIR_S,4.5,TT,27,1e-05,1.06101e-05,1.01877e-05,1.06101,1.01877,0.01789,5.36634e+06,2.00,1.8611,0.5190,0.0485,324.911,"netlists/A_10u_MIR_S.cir(case=0,temp=27,Vdd=4.5):dc_sweep_i(Vout)"
A_10u,A,MIR_S,4.5,TT,150,1e-05,1.04871e-05,1.01601e-05,1.04871,1.01601,0.0139354,6.94245e+06,2.00,1.4577,0.6670,0.0608,324.911,"netlists/A_10u_MIR_S.cir(case=0,temp=150,Vdd=4.5):dc_sweep_i(Vout)"
A_10u,A,MIR_S,4.5,FF,-55,1e-05,1.0965e-05,1.03033e-05,1.09650,1.03033,0.0274299,3.41885e+06,2.00,2.8281,0.3430,0.0329,324.911,"netlists/A_10u_MIR_S.cir(case=1,temp=-55,Vdd=4.5):dc_sweep_i(Vout)"
A_10u,A,MIR_S,4.5,FF,27,1e-05,1.07358e-05,1.02416e-05,1.07358,1.02416,0.0207595,4.58358e+06,2.00,2.1540,0.4477,0.0423,324.911,"netlists/A_10u_MIR_S.cir(case=1,temp=27,Vdd=4.5):dc_sweep_i(Vout)"
A_10u,A,MIR_S,4.5,FF,150,1e-05,1.059e-05,1.02061e-05,1.05900,1.02061,0.0162548,5.90778e+06,2.00,1.6958,0.5700,0.0527,324.911,"netlists/A_10u_MIR_S.cir(case=1,temp=150,Vdd=4.5):dc_sweep_i(Vout)"
A_10u,A,MIR_S,4.5,SS,-55,1e-05,1.06576e-05,1.01781e-05,1.06576,1.01781,0.0202856,4.72264e+06,2.00,2.1009,0.4608,0.0436,324.911,"netlists/A_10u_MIR_S.cir(case=2,temp=-55,Vdd=4.5):dc_sweep_i(Vout)"
A_10u,A,MIR_S,4.5,SS,27,1e-05,1.04985e-05,1.01421e-05,1.04985,1.01421,0.015206,6.36346e+06,2.00,1.5865,0.6114,0.0563,324.911,"netlists/A_10u_MIR_S.cir(case=2,temp=27,Vdd=4.5):dc_sweep_i(Vout)"
A_10u,A,MIR_S,4.5,SS,150,1e-05,1.03961e-05,1.01212e-05,1.03961,1.01212,0.0117824,8.26481e+06,2.00,1.2362,0.7936,0.0710,324.911,"netlists/A_10u_MIR_S.cir(case=2,temp=150,Vdd=4.5):dc_sweep_i(Vout)"
A_10u,A,MIR_S,4.5,FS,-55,1e-05,1.06568e-05,1.01777e-05,1.06568,1.01777,0.0202649,4.72784e+06,2.00,2.1021,0.4593,0.0434,324.911,"netlists/A_10u_MIR_S.cir(case=3,temp=-55,Vdd=4.5):dc_sweep_i(Vout)"
A_10u,A,MIR_S,4.5,FS,27,1e-05,1.04982e-05,1.01418e-05,1.04982,1.01418,0.015197,6.36757e+06,2.00,1.5887,0.6092,0.0560,324.911,"netlists/A_10u_MIR_S.cir(case=3,temp=27,Vdd=4.5):dc_sweep_i(Vout)"
A_10u,A,MIR_S,4.5,FS,150,1e-05,1.0396e-05,1.0121e-05,1.03960,1.01210,0.0117786,8.26777e+06,2.00,1.2386,0.7907,0.0705,324.911,"netlists/A_10u_MIR_S.cir(case=3,temp=150,Vdd=4.5):dc_sweep_i(Vout)"
A_10u,A,MIR_S,4.5,SF,-55,1e-05,1.09659e-05,1.03037e-05,1.09659,1.03037,0.027453,3.41563e+06,2.00,2.8267,0.3440,0.0330,324.911,"netlists/A_10u_MIR_S.cir(case=4,temp=-55,Vdd=4.5):dc_sweep_i(Vout)"
A_10u,A,MIR_S,4.5,SF,27,1e-05,1.07363e-05,1.02419e-05,1.07363,1.02419,0.0207711,4.58068e+06,2.00,2.1517,0.4493,0.0426,324.911,"netlists/A_10u_MIR_S.cir(case=4,temp=27,Vdd=4.5):dc_sweep_i(Vout)"
A_10u,A,MIR_S,4.5,SF,150,1e-05,1.05904e-05,1.02063e-05,1.05904,1.02063,0.0162606,5.90534e+06,2.00,1.6932,0.5722,0.0531,324.911,"netlists/A_10u_MIR_S.cir(case=4,temp=150,Vdd=4.5):dc_sweep_i(Vout)"
A_10u,A,MIR_S,5.0,TT,-55,1e-05,1.09604e-05,1.02965e-05,1.09604,1.02965,0.0248943,3.76336e+06,2.00,2.6839,0.3360,0.0314,324.911,"netlists/A_10u_MIR_S.cir(case=0,temp=-55,Vdd=5.0):dc_sweep_i(Vout)"
A_10u,A,MIR_S,5.0,TT,27,1e-05,1.07335e-05,1.02329e-05,1.07335,1.02329,0.0190506,4.99252e+06,2.00,2.0871,0.4279,0.0387,324.911,"netlists/A_10u_MIR_S.cir(case=0,temp=27,Vdd=5.0):dc_sweep_i(Vout)"
A_10u,A,MIR_S,5.0,TT,150,1e-05,1.05865e-05,1.01949e-05,1.05865,1.01949,0.0150295,6.38991e+06,2.00,1.6696,0.5372,0.0469,324.911,"netlists/A_10u_MIR_S.cir(case=0,temp=150,Vdd=5.0):dc_sweep_i(Vout)"
A_10u,A,MIR_S,5.0,FF,-55,1e-05,1.11467e-05,1.03746e-05,1.11467,1.03746,0.0285799,3.23523e+06,2.00,3.0650,0.2955,0.0280,324.911,"netlists/A_10u_MIR_S.cir(case=1,temp=-55,Vdd=5.0):dc_sweep_i(Vout)"
A_10u,A,MIR_S,5.0,FF,27,1e-05,1.08777e-05,1.02946e-05,1.08777,1.02946,0.0219673,4.285e+06,2.00,2.3914,0.3734,0.0344,324.911,"netlists/A_10u_MIR_S.cir(case=1,temp=27,Vdd=5.0):dc_sweep_i(Vout)"
A_10u,A,MIR_S,5.0,FF,150,1e-05,1.07045e-05,1.02471e-05,1.07045,1.02471,0.0174193,5.46598e+06,2.00,1.9217,0.4636,0.0414,324.911,"netlists/A_10u_MIR_S.cir(case=1,temp=150,Vdd=5.0):dc_sweep_i(Vout)"
A_10u,A,MIR_S,5.0,SS,-55,1e-05,1.07938e-05,1.02296e-05,1.07938,1.02296,0.0214022,4.42932e+06,2.00,2.3219,0.3873,0.0357,324.911,"netlists/A_10u_MIR_S.cir(case=2,temp=-55,Vdd=5.0):dc_sweep_i(Vout)"
A_10u,A,MIR_S,5.0,SS,27,1e-05,1.0605e-05,1.01801e-05,1.06050,1.01801,0.0163079,5.88628e+06,2.00,1.8004,0.4978,0.0440,324.911,"netlists/A_10u_MIR_S.cir(case=2,temp=27,Vdd=5.0):dc_sweep_i(Vout)"
A_10u,A,MIR_S,5.0,SS,150,1e-05,1.04816e-05,1.01504e-05,1.04816,1.01504,0.0127979,7.56165e+06,2.00,1.4332,0.6339,0.0536,324.911,"netlists/A_10u_MIR_S.cir(case=2,temp=150,Vdd=5.0):dc_sweep_i(Vout)"
A_10u,A,MIR_S,5.0,FS,-55,1e-05,1.07941e-05,1.02291e-05,1.07941,1.02291,0.0214395,4.42193e+06,2.00,2.3329,0.3837,0.0353,324.911,"netlists/A_10u_MIR_S.cir(case=3,temp=-55,Vdd=5.0):dc_sweep_i(Vout)"
A_10u,A,MIR_S,5.0,FS,27,1e-05,1.06057e-05,1.01798e-05,1.06057,1.01798,0.0163532,5.87023e+06,2.00,1.8117,0.4921,0.0434,324.911,"netlists/A_10u_MIR_S.cir(case=3,temp=27,Vdd=5.0):dc_sweep_i(Vout)"
A_10u,A,MIR_S,5.0,FS,150,1e-05,1.04825e-05,1.01502e-05,1.04825,1.01502,0.0128437,7.53484e+06,2.00,1.4442,0.6257,0.0528,324.911,"netlists/A_10u_MIR_S.cir(case=3,temp=150,Vdd=5.0):dc_sweep_i(Vout)"
A_10u,A,MIR_S,5.0,SF,-55,1e-05,1.11464e-05,1.03753e-05,1.11464,1.03753,0.0285393,3.23953e+06,2.00,3.0531,0.2980,0.0282,324.911,"netlists/A_10u_MIR_S.cir(case=4,temp=-55,Vdd=5.0):dc_sweep_i(Vout)"
A_10u,A,MIR_S,5.0,SF,27,1e-05,1.0877e-05,1.02951e-05,1.08770,1.02951,0.0219188,4.29424e+06,2.00,2.3791,0.3772,0.0348,324.911,"netlists/A_10u_MIR_S.cir(case=4,temp=27,Vdd=5.0):dc_sweep_i(Vout)"
A_10u,A,MIR_S,5.0,SF,150,1e-05,1.07037e-05,1.02474e-05,1.07037,1.02474,0.0173692,5.48154e+06,2.00,1.9096,0.4690,0.0420,324.911,"netlists/A_10u_MIR_S.cir(case=4,temp=150,Vdd=5.0):dc_sweep_i(Vout)"
A_10u,A,MIR_S,5.5,TT,-55,1e-05,1.11621e-05,1.03575e-05,1.11621,1.03575,0.0278728,3.31638e+06,2.00,3.1791,0.2592,0.0241,324.911,"netlists/A_10u_MIR_S.cir(case=0,temp=-55,Vdd=5.5):dc_sweep_i(Vout)"
A_10u,A,MIR_S,5.5,TT,27,1e-05,1.08977e-05,1.02781e-05,1.08977,1.02781,0.021969,4.28417e+06,2.00,2.5682,0.3134,0.0285,324.911,"netlists/A_10u_MIR_S.cir(case=0,temp=27,Vdd=5.5):dc_sweep_i(Vout)"
A_10u,A,MIR_S,5.5,TT,150,1e-05,1.07237e-05,1.02297e-05,1.07237,1.02297,0.0177791,5.35645e+06,2.00,2.1249,0.3745,0.0329,324.911,"netlists/A_10u_MIR_S.cir(case=0,temp=150,Vdd=5.5):dc_sweep_i(Vout)"
A_10u,A,MIR_S,5.5,FF,-55,1e-05,1.13751e-05,1.0446e-05,1.13751,1.04460,0.0316584,2.87626e+06,2.00,3.5793,0.2324,0.0219,324.911,"netlists/A_10u_MIR_S.cir(case=1,temp=-55,Vdd=5.5):dc_sweep_i(Vout)"
A_10u,A,MIR_S,5.5,FF,27,1e-05,1.10631e-05,1.03476e-05,1.10631,1.03476,0.0250276,3.71624e+06,2.00,2.8960,0.2798,0.0258,324.911,"netlists/A_10u_MIR_S.cir(case=1,temp=27,Vdd=5.5):dc_sweep_i(Vout)"
A_10u,A,MIR_S,5.5,FF,150,1e-05,1.08595e-05,1.0288e-05,1.08595,1.02880,0.0203396,4.63618e+06,2.00,2.4031,0.3319,0.0299,324.911,"netlists/A_10u_MIR_S.cir(case=1,temp=150,Vdd=5.5):dc_sweep_i(Vout)"
A_10u,A,MIR_S,5.5,SS,-55,1e-05,1.09707e-05,1.02811e-05,1.09707,1.02811,0.0242628,3.8619e+06,2.00,2.7960,0.2921,0.0269,324.911,"netlists/A_10u_MIR_S.cir(case=2,temp=-55,Vdd=5.5):dc_sweep_i(Vout)"
A_10u,A,MIR_S,5.5,SS,27,1e-05,1.07494e-05,1.02181e-05,1.07494,1.02181,0.0190711,4.98806e+06,2.00,2.2566,0.3549,0.0315,324.911,"netlists/A_10u_MIR_S.cir(case=2,temp=27,Vdd=5.5):dc_sweep_i(Vout)"
A_10u,A,MIR_S,5.5,SS,150,1e-05,1.06021e-05,1.01796e-05,1.06021,1.01796,0.015365,6.25284e+06,2.00,1.8596,0.4290,0.0369,324.911,"netlists/A_10u_MIR_S.cir(case=2,temp=150,Vdd=5.5):dc_sweep_i(Vout)"
A_10u,A,MIR_S,5.5,FS,-55,1e-05,1.09735e-05,1.02805e-05,1.09735,1.02805,0.0244172,3.83753e+06,2.00,2.8243,0.2874,0.0265,324.911,"netlists/A_10u_MIR_S.cir(case=3,temp=-55,Vdd=5.5):dc_sweep_i(Vout)"
A_10u,A,MIR_S,5.5,FS,27,1e-05,1.07525e-05,1.02177e-05,1.07525,1.02177,0.0192281,4.94725e+06,2.00,2.2846,0.3483,0.0310,324.911,"netlists/A_10u_MIR_S.cir(case=3,temp=27,Vdd=5.5):dc_sweep_i(Vout)"
A_10u,A,MIR_S,5.5,FS,150,1e-05,1.06052e-05,1.01793e-05,1.06052,1.01793,0.0155156,6.19198e+06,2.00,1.8863,0.4197,0.0362,324.911,"netlists/A_10u_MIR_S.cir(case=3,temp=150,Vdd=5.5):dc_sweep_i(Vout)"
A_10u,A,MIR_S,5.5,SF,-55,1e-05,1.13721e-05,1.04468e-05,1.13721,1.04468,0.0314916,2.8914e+06,2.00,3.5488,0.2357,0.0222,324.911,"netlists/A_10u_MIR_S.cir(case=4,temp=-55,Vdd=5.5):dc_sweep_i(Vout)"
A_10u,A,MIR_S,5.5,SF,27,1e-05,1.10598e-05,1.03481e-05,1.10598,1.03481,0.0248578,3.74164e+06,2.00,2.8657,0.2844,0.0262,324.911,"netlists/A_10u_MIR_S.cir(case=4,temp=27,Vdd=5.5):dc_sweep_i(Vout)"
A_10u,A,MIR_S,5.5,SF,150,1e-05,1.08562e-05,1.02885e-05,1.08562,1.02885,0.0201745,4.67424e+06,2.00,2.3738,0.3382,0.0304,324.911,"netlists/A_10u_MIR_S.cir(case=4,temp=150,Vdd=5.5):dc_sweep_i(Vout)"
A_10u,A,MIR_CS,3.2,TT,-55,1e-05,1.00001e-05,9.99945e-06,1.00001,0.99995,0.000475218,2.10469e+08,2.00,0.3054,2.2939,1.8721,649.822,"netlists/A_10u_MIR_CS.cir(case=0,temp=-55,Vdd=3.2):dc_sweep_i(Vout)"
A_10u,A,MIR_CS,3.2,TT,27,1e-05,1.00001e-05,9.99968e-06,1.00001,0.99997,0.000224117,4.46234e+08,2.00,0.1580,2.4880,1.9429,649.822,"netlists/A_10u_MIR_CS.cir(case=0,temp=27,Vdd=3.2):dc_sweep_i(Vout)"
A_10u,A,MIR_CS,3.2,TT,150,1e-05,1.00001e-05,9.99981e-06,1.00001,0.99998,8.91459e-05,1.12179e+09,2.00,0.0658,2.6748,2.0387,649.822,"netlists/A_10u_MIR_CS.cir(case=0,temp=150,Vdd=3.2):dc_sweep_i(Vout)"
A_10u,A,MIR_CS,3.2,FF,-55,1e-05,1.00002e-05,9.99946e-06,1.00002,0.99995,0.000170311,5.87202e+08,2.00,0.1437,2.3336,1.9682,649.822,"netlists/A_10u_MIR_CS.cir(case=1,temp=-55,Vdd=3.2):dc_sweep_i(Vout)"
A_10u,A,MIR_CS,3.2,FF,27,1e-05,1.00002e-05,9.99969e-06,1.00002,0.99997,7.10251e-05,1.40799e+09,2.00,0.0532,2.5119,2.0415,649.822,"netlists/A_10u_MIR_CS.cir(case=1,temp=27,Vdd=3.2):dc_sweep_i(Vout)"
A_10u,A,MIR_CS,3.2,FF,150,1e-05,1.00002e-05,9.99983e-06,1.00002,0.99998,3.25125e-05,3.07576e+09,2.00,0.0135,2.6919,2.1415,649.822,"netlists/A_10u_MIR_CS.cir(case=1,temp=150,Vdd=3.2):dc_sweep_i(Vout)"
A_10u,A,MIR_CS,3.2,SS,-55,1e-05,1e-05,9.99924e-06,1.00000,0.99992,0.000940733,1.06339e+08,2.00,0.4333,2.2663,1.7731,649.822,"netlists/A_10u_MIR_CS.cir(case=2,temp=-55,Vdd=3.2):dc_sweep_i(Vout)"
A_10u,A,MIR_CS,3.2,SS,27,1e-05,1e-05,9.99956e-06,1.00000,0.99996,0.000521468,1.91805e+08,2.00,0.2611,2.4800,1.8414,649.822,"netlists/A_10u_MIR_CS.cir(case=2,temp=27,Vdd=3.2):dc_sweep_i(Vout)"
A_10u,A,MIR_CS,3.2,SS,150,1e-05,1.00001e-05,9.99975e-06,1.00001,0.99997,0.000259411,3.85527e+08,2.00,0.1438,2.6675,1.9325,649.822,"netlists/A_10u_MIR_CS.cir(case=2,temp=150,Vdd=3.2):dc_sweep_i(Vout)"
A_10u,A,MIR_CS,3.2,FS,-55,1e-05,1e-05,9.99925e-06,1.00000,0.99993,0.000933454,1.07168e+08,2.00,0.4310,2.2682,1.7742,649.822,"netlists/A_10u_MIR_CS.cir(case=3,temp=-55,Vdd=3.2):dc_sweep_i(Vout)"
A_10u,A,MIR_CS,3.2,FS,27,1e-05,1e-05,9.99957e-06,1.00000,0.99996,0.000515862,1.93889e+08,2.00,0.2592,2.4823,1.8429,649.822,"netlists/A_10u_MIR_CS.cir(case=3,temp=27,Vdd=3.2):dc_sweep_i(Vout)"
A_10u,A,MIR_CS,3.2,FS,150,1e-05,1.00001e-05,9.99975e-06,1.00001,0.99998,0.000255275,3.91772e+08,2.00,0.1423,2.6696,1.9345,649.822,"netlists/A_10u_MIR_CS.cir(case=3,temp=150,Vdd=3.2):dc_sweep_i(Vout)"
A_10u,A,MIR_CS,3.2,SF,-55,1e-05,1.00002e-05,9.99946e-06,1.00002,0.99995,0.000172687,5.79123e+08,2.00,0.1453,2.3322,1.9672,649.822,"netlists/A_10u_MIR_CS.cir(case=4,temp=-55,Vdd=3.2):dc_sweep_i(Vout)"
A_10u,A,MIR_CS,3.2,SF,27,1e-05,1.00002e-05,9.99969e-06,1.00002,0.99997,7.22913e-05,1.38333e+09,2.00,0.0542,2.5102,2.0403,649.822,"netlists/A_10u_MIR_CS.cir(case=4,temp=27,Vdd=3.2):dc_sweep_i(Vout)"
A_10u,A,MIR_CS,3.2,SF,150,1e-05,1.00002e-05,9.99983e-06,1.00002,0.99998,3.30285e-05,3.0277e+09,2.00,0.0140,2.6901,2.1399,649.822,"netlists/A_10u_MIR_CS.cir(case=4,temp=150,Vdd=3.2):dc_sweep_i(Vout)"
A_10u,A,MIR_CS,4.5,TT,-55,1e-05,1.00005e-05,9.99975e-06,1.00005,0.99997,3.48208e-05,2.87179e+09,2.00,0.0035,3.5920,3.1687,649.822,"netlists/A_10u_MIR_CS.cir(case=0,temp=-55,Vdd=4.5):dc_sweep_i(Vout)"
A_10u,A,MIR_CS,4.5,TT,27,1e-05,1.00004e-05,9.99987e-06,1.00004,0.99999,2.34537e-05,4.26364e+09,2.00,0.0024,3.7865,3.2401,649.822,"netlists/A_10u_MIR_CS.cir(case=0,temp=27,Vdd=4.5):dc_sweep_i(Vout)"
A_10u,A,MIR_CS,4.5,TT,150,1e-05,1.00003e-05,9.99995e-06,1.00003,0.99999,1.7562e-05,5.69402e+09,2.00,0.0018,3.9737,3.3360,649.822,"netlists/A_10u_MIR_CS.cir(case=0,temp=150,Vdd=4.5):dc_sweep_i(Vout)"
A_10u,A,MIR_CS,4.5,FF,-55,1e-05,1.00008e-05,9.99978e-06,1.00008,0.99998,4.30175e-05,2.32456e+09,2.00,0.0044,3.6317,3.2644,649.822,"netlists/A_10u_MIR_CS.cir(case=1,temp=-55,Vdd=4.5):dc_sweep_i(Vout)"
A_10u,A,MIR_CS,4.5,FF,27,1e-05,1.00006e-05,9.99991e-06,1.00006,0.99999,2.91024e-05,3.43604e+09,2.00,0.0029,3.8103,3.3383,649.822,"netlists/A_10u_MIR_CS.cir(case=1,temp=27,Vdd=4.5):dc_sweep_i(Vout)"
A_10u,A,MIR_CS,4.5,FF,150,1e-05,1.00005e-05,9.99999e-06,1.00005,1.00000,2.2072e-05,4.53051e+09,2.00,0.0022,3.9907,3.4385,649.822,"netlists/A_10u_MIR_CS.cir(case=1,temp=150,Vdd=4.5):dc_sweep_i(Vout)"
A_10u,A,MIR_CS,4.5,SS,-55,1e-05,1.00004e-05,9.99974e-06,1.00004,0.99997,2.77752e-05,3.60031e+09,2.00,0.0028,3.5646,3.0701,649.822,"netlists/A_10u_MIR_CS.cir(case=2,temp=-55,Vdd=4.5):dc_sweep_i(Vout)"
A_10u,A,MIR_CS,4.5,SS,27,1e-05,1.00003e-05,9.99985e-06,1.00003,0.99999,1.86676e-05,5.35684e+09,2.00,0.0019,3.7785,3.1388,649.822,"netlists/A_10u_MIR_CS.cir(case=2,temp=27,Vdd=4.5):dc_sweep_i(Vout)"
A_10u,A,MIR_CS,4.5,SS,150,1e-05,1.00002e-05,9.99993e-06,1.00002,0.99999,1.38436e-05,7.22347e+09,2.00,0.0014,3.9667,3.2301,649.822,"netlists/A_10u_MIR_CS.cir(case=2,temp=150,Vdd=4.5):dc_sweep_i(Vout)"
A_10u,A,MIR_CS,4.5,FS,-55,1e-05,1.00004e-05,9.99974e-06,1.00004,0.99997,2.75292e-05,3.63248e+09,2.00,0.0028,3.5665,3.0712,649.822,"netlists/A_10u_MIR_CS.cir(case=3,temp=-55,Vdd=4.5):dc_sweep_i(Vout)"
A_10u,A,MIR_CS,4.5,FS,27,1e-05,1.00003e-05,9.99986e-06,1.00003,0.99999,1.85048e-05,5.40395e+09,2.00,0.0019,3.7809,3.1403,649.822,"netlists/A_10u_MIR_CS.cir(case=3,temp=27,Vdd=4.5):dc_sweep_i(Vout)"
A_10u,A,MIR_CS,4.5,FS,150,1e-05,1.00002e-05,9.99993e-06,1.00002,0.99999,1.3722e-05,7.28748e+09,2.00,0.0014,3.9688,3.2321,649.822,"netlists/A_10u_MIR_CS.cir(case=3,temp=150,Vdd=4.5):dc_sweep_i(Vout)"
A_10u,A,MIR_CS,4.5,SF,-55,1e-05,1.00008e-05,9.99978e-06,1.00008,0.99998,4.33682e-05,2.30576e+09,2.00,0.0044,3.6303,3.2634,649.822,"netlists/A_10u_MIR_CS.cir(case=4,temp=-55,Vdd=4.5):dc_sweep_i(Vout)"
A_10u,A,MIR_CS,4.5,SF,27,1e-05,1.00006e-05,9.99991e-06,1.00006,0.99999,2.93397e-05,3.40825e+09,2.00,0.0030,3.8085,3.3370,649.822,"netlists/A_10u_MIR_CS.cir(case=4,temp=27,Vdd=4.5):dc_sweep_i(Vout)"
A_10u,A,MIR_CS,4.5,SF,150,1e-05,1.00005e-05,9.99999e-06,1.00005,1.00000,2.22535e-05,4.49356e+09,2.00,0.0022,3.9889,3.4368,649.822,"netlists/A_10u_MIR_CS.cir(case=4,temp=150,Vdd=4.5):dc_sweep_i(Vout)"
A_10u,A,MIR_CS,5.0,TT,-55,1e-05,1.00007e-05,9.99984e-06,1.00007,0.99998,3.43608e-05,2.91019e+09,2.00,0.0035,4.0913,3.6674,649.822,"netlists/A_10u_MIR_CS.cir(case=0,temp=-55,Vdd=5.0):dc_sweep_i(Vout)"
A_10u,A,MIR_CS,5.0,TT,27,1e-05,1.00005e-05,9.99993e-06,1.00005,0.99999,2.32276e-05,4.3051e+09,2.00,0.0023,4.2859,3.7389,649.822,"netlists/A_10u_MIR_CS.cir(case=0,temp=27,Vdd=5.0):dc_sweep_i(Vout)"
A_10u,A,MIR_CS,5.0,TT,150,1e-05,1.00004e-05,1e-05,1.00004,1.00000,1.74467e-05,5.7316e+09,2.00,0.0018,4.4733,3.8349,649.822,"netlists/A_10u_MIR_CS.cir(case=0,temp=150,Vdd=5.0):dc_sweep_i(Vout)"
A_10u,A,MIR_CS,5.0,FF,-55,1e-05,1.0001e-05,9.9999e-06,1.00010,0.99999,4.24175e-05,2.35739e+09,2.00,0.0043,4.1310,3.7629,649.822,"netlists/A_10u_MIR_CS.cir(case=1,temp=-55,Vdd=5.0):dc_sweep_i(Vout)"
A_10u,A,MIR_CS,5.0,FF,27,1e-05,1.00007e-05,9.99998e-06,1.00007,1.00000,2.88302e-05,3.46844e+09,2.00,0.0029,4.3097,3.8370,649.822,"netlists/A_10u_MIR_CS.cir(case=1,temp=27,Vdd=5.0):dc_sweep_i(Vout)"
A_10u,A,MIR_CS,5.0,FF,150,1e-05,1.00006e-05,1e-05,1.00006,1.00000,2.1967e-05,4.5521e+09,2.00,0.0022,4.4902,3.9373,649.822,"netlists/A_10u_MIR_CS.cir(case=1,temp=150,Vdd=5.0):dc_sweep_i(Vout)"
A_10u,A,MIR_CS,5.0,SS,-55,1e-05,1.00005e-05,9.99981e-06,1.00005,0.99998,2.74231e-05,3.64647e+09,2.00,0.0028,4.0639,3.5689,649.822,"netlists/A_10u_MIR_CS.cir(case=2,temp=-55,Vdd=5.0):dc_sweep_i(Vout)"
A_10u,A,MIR_CS,5.0,SS,27,1e-05,1.00004e-05,9.9999e-06,1.00004,0.99999,1.8479e-05,5.41146e+09,2.00,0.0019,4.2780,3.6377,649.822,"netlists/A_10u_MIR_CS.cir(case=2,temp=27,Vdd=5.0):dc_sweep_i(Vout)"
A_10u,A,MIR_CS,5.0,SS,150,1e-05,1.00003e-05,9.99996e-06,1.00003,1.00000,1.37294e-05,7.2835e+09,2.00,0.0014,4.4663,3.7291,649.822,"netlists/A_10u_MIR_CS.cir(case=2,temp=150,Vdd=5.0):dc_sweep_i(Vout)"
A_10u,A,MIR_CS,5.0,FS,-55,1e-05,1.00005e-05,9.99981e-06,1.00005,0.99998,2.71831e-05,3.67868e+09,2.00,0.0027,4.0658,3.5700,649.822,"netlists/A_10u_MIR_CS.cir(case=3,temp=-55,Vdd=5.0):dc_sweep_i(Vout)"
A_10u,A,MIR_CS,5.0,FS,27,1e-05,1.00004e-05,9.9999e-06,1.00004,0.99999,1.83203e-05,5.45833e+09,2.00,0.0018,4.2803,3.6393,649.822,"netlists/A_10u_MIR_CS.cir(case=3,temp=27,Vdd=5.0):dc_sweep_i(Vout)"
A_10u,A,MIR_CS,5.0,FS,150,1e-05,1.00003e-05,9.99996e-06,1.00003,1.00000,1.36118e-05,7.34644e+09,2.00,0.0014,4.4685,3.7311,649.822,"netlists/A_10u_MIR_CS.cir(case=3,temp=150,Vdd=5.0):dc_sweep_i(Vout)"
A_10u,A,MIR_CS,5.0,SF,-55,1e-05,1.0001e-05,9.99989e-06,1.00010,0.99999,4.27554e-05,2.33876e+09,2.00,0.0043,4.1296,3.7619,649.822,"netlists/A_10u_MIR_CS.cir(case=4,temp=-55,Vdd=5.0):dc_sweep_i(Vout)"
A_10u,A,MIR_CS,5.0,SF,27,1e-05,1.00007e-05,9.99998e-06,1.00007,1.00000,2.9058e-05,3.44125e+09,2.00,0.0029,4.3079,3.8357,649.822,"netlists/A_10u_MIR_CS.cir(case=4,temp=27,Vdd=5.0):dc_sweep_i(Vout)"
A_10u,A,MIR_CS,5.0,SF,150,1e-05,1.00006e-05,1e-05,1.00006,1.00000,2.21396e-05,4.51662e+09,2.00,0.0022,4.4884,3.9356,649.822,"netlists/A_10u_MIR_CS.cir(case=4,temp=150,Vdd=5.0):dc_sweep_i(Vout)"
A_10u,A,MIR_CS,5.5,TT,-55,1e-05,1.00009e-05,9.99993e-06,1.00009,0.99999,3.42246e-05,2.92172e+09,2.00,0.0035,4.5906,4.1660,649.822,"netlists/A_10u_MIR_CS.cir(case=0,temp=-55,Vdd=5.5):dc_sweep_i(Vout)"
A_10u,A,MIR_CS,5.5,TT,27,1e-05,1.00006e-05,9.99999e-06,1.00006,1.00000,2.33063e-05,4.29051e+09,2.00,0.0024,4.7853,4.2377,649.822,"netlists/A_10u_MIR_CS.cir(case=0,temp=27,Vdd=5.5):dc_sweep_i(Vout)"
A_10u,A,MIR_CS,5.5,TT,150,1e-05,1.00005e-05,1e-05,1.00005,1.00000,1.76548e-05,5.66399e+09,2.00,0.0018,4.9729,4.3337,649.822,"netlists/A_10u_MIR_CS.cir(case=0,temp=150,Vdd=5.5):dc_sweep_i(Vout)"
A_10u,A,MIR_CS,5.5,FF,-55,1e-05,1.00012e-05,1e-05,1.00012,1.00000,4.22732e-05,2.36538e+09,2.00,0.0043,4.6302,4.2614,649.822,"netlists/A_10u_MIR_CS.cir(case=1,temp=-55,Vdd=5.5):dc_sweep_i(Vout)"
A_10u,A,MIR_CS,5.5,FF,27,1e-05,1.00009e-05,1.00001e-05,1.00009,1.00001,2.89948e-05,3.4487e+09,2.00,0.0030,4.8090,4.3357,649.822,"netlists/A_10u_MIR_CS.cir(case=1,temp=27,Vdd=5.5):dc_sweep_i(Vout)"
A_10u,A,MIR_CS,5.5,FF,150,1e-05,1.00007e-05,1.00001e-05,1.00007,1.00001,2.23371e-05,4.47664e+09,2.00,0.0023,4.9897,4.4359,649.822,"netlists/A_10u_MIR_CS.cir(case=1,temp=150,Vdd=5.5):dc_sweep_i(Vout)"
A_10u,A,MIR_CS,5.5,SS,-55,1e-05,1.00006e-05,9.99988e-06,1.00006,0.99999,2.72996e-05,3.66292e+09,2.00,0.0027,4.5632,4.0676,649.822,"netlists/A_10u_MIR_CS.cir(case=2,temp=-55,Vdd=5.5):dc_sweep_i(Vout)"
A_10u,A,MIR_CS,5.5,SS,27,1e-05,1.00005e-05,9.99995e-06,1.00005,1.00000,1.85009e-05,5.40499e+09,2.00,0.0019,4.7774,4.1367,649.822,"netlists/A_10u_MIR_CS.cir(case=2,temp=27,Vdd=5.5):dc_sweep_i(Vout)"
A_10u,A,MIR_CS,5.5,SS,150,1e-05,1.00004e-05,1e-05,1.00004,1.00000,1.38305e-05,7.23024e+09,2.00,0.0014,4.9660,4.2281,649.822,"netlists/A_10u_MIR_CS.cir(case=2,temp=150,Vdd=5.5):dc_sweep_i(Vout)"
A_10u,A,MIR_CS,5.5,FS,-55,1e-05,1.00006e-05,9.99988e-06,1.00006,0.99999,2.70749e-05,3.69333e+09,2.00,0.0027,4.5652,4.0688,649.822,"netlists/A_10u_MIR_CS.cir(case=3,temp=-55,Vdd=5.5):dc_sweep_i(Vout)"
A_10u,A,MIR_CS,5.5,FS,27,1e-05,1.00005e-05,9.99995e-06,1.00005,1.00000,1.83549e-05,5.44799e+09,2.00,0.0019,4.7798,4.1382,649.822,"netlists/A_10u_MIR_CS.cir(case=3,temp=27,Vdd=5.5):dc_sweep_i(Vout)"
A_10u,A,MIR_CS,5.5,FS,150,1e-05,1.00004e-05,1e-05,1.00004,1.00000,1.37261e-05,7.28521e+09,2.00,0.0014,4.9681,4.2301,649.822,"netlists/A_10u_MIR_CS.cir(case=3,temp=150,Vdd=5.5):dc_sweep_i(Vout)"
A_10u,A,MIR_CS,5.5,SF,-55,1e-05,1.00012e-05,1e-05,1.00012,1.00000,4.2581e-05,2.34829e+09,2.00,0.0043,4.6288,4.2604,649.822,"netlists/A_10u_MIR_CS.cir(case=4,temp=-55,Vdd=5.5):dc_sweep_i(Vout)"
A_10u,A,MIR_CS,5.5,SF,27,1e-05,1.00009e-05,1.00001e-05,1.00009,1.00001,2.9196e-05,3.42493e+09,2.00,0.0030,4.8072,4.3343,649.822,"netlists/A_10u_MIR_CS.cir(case=4,temp=27,Vdd=5.5):dc_sweep_i(Vout)"
A_10u,A,MIR_CS,5.5,SF,150,1e-05,1.00007e-05,1.00001e-05,1.00007,1.00001,2.24805e-05,4.44807e+09,2.00,0.0023,4.9879,4.4342,649.822,"netlists/A_10u_MIR_CS.cir(case=4,temp=150,Vdd=5.5):dc_sweep_i(Vout)"
A_10u,A,MIR_CW,3.2,TT,-55,1e-05,1.00037e-05,1.00006e-05,1.00037,1.00006,0.000196488,5.08844e+08,2.00,0.0201,2.9485,2.8263,649.822,"netlists/A_10u_MIR_CW.cir(case=0,temp=-55,Vdd=3.2):dc_sweep_i(Vout)"
A_10u,A,MIR_CW,3.2,TT,27,1e-05,1.00022e-05,1.00004e-05,1.00022,1.00004,0.000111342,8.98037e+08,2.00,0.0114,2.9009,2.7703,649.822,"netlists/A_10u_MIR_CW.cir(case=0,temp=27,Vdd=3.2):dc_sweep_i(Vout)"
A_10u,A,MIR_CW,3.2,TT,150,1e-05,1.00013e-05,1.00003e-05,1.00013,1.00003,6.11583e-05,1.63499e+09,2.00,0.0063,2.8360,2.6748,649.822,"netlists/A_10u_MIR_CW.cir(case=0,temp=150,Vdd=3.2):dc_sweep_i(Vout)"
A_10u,A,MIR_CW,3.2,FF,-55,1e-05,1.00017e-05,1.00004e-05,1.00017,1.00004,8.5237e-05,1.1731e+09,2.00,0.0087,2.9609,2.8205,649.822,"netlists/A_10u_MIR_CW.cir(case=1,temp=-55,Vdd=3.2):dc_sweep_i(Vout)"
A_10u,A,MIR_CW,3.2,FF,27,1e-05,1.00011e-05,1.00003e-05,1.00011,1.00003,5.43174e-05,1.84092e+09,2.00,0.0055,2.9217,2.7544,649.822,"netlists/A_10u_MIR_CW.cir(case=1,temp=27,Vdd=3.2):dc_sweep_i(Vout)"
A_10u,A,MIR_CW,3.2,FF,150,1e-05,1.00008e-05,1.00002e-05,1.00008,1.00002,3.63761e-05,2.74894e+09,2.00,0.0037,2.8662,2.6540,649.822,"netlists/A_10u_MIR_CW.cir(case=1,temp=150,Vdd=3.2):dc_sweep_i(Vout)"
A_10u,A,MIR_CW,3.2,SS,-55,1e-05,1.00276e-05,1.00033e-05,1.00276,1.00033,0.00153698,6.49811e+07,2.00,0.1572,2.9018,0.6782,649.822,"netlists/A_10u_MIR_CW.cir(case=2,temp=-55,Vdd=3.2):dc_sweep_i(Vout)"
A_10u,A,MIR_CW,3.2,SS,27,1e-05,1.00137e-05,1.00021e-05,1.00137,1.00021,0.000735651,1.35846e+08,2.00,0.0752,2.8518,1.3845,649.822,"netlists/A_10u_MIR_CW.cir(case=2,temp=27,Vdd=3.2):dc_sweep_i(Vout)"
A_10u,A,MIR_CW,3.2,SS,150,1e-05,1.00062e-05,1.00012e-05,1.00062,1.00012,0.000312405,3.19998e+08,2.00,0.0321,2.7737,2.5651,649.822,"netlists/A_10u_MIR_CW.cir(case=2,temp=150,Vdd=3.2):dc_sweep_i(Vout)"
A_10u,A,MIR_CW,3.2,FS,-55,1e-05,1.00269e-05,1.00032e-05,1.00269,1.00032,0.00149966,6.66001e+07,2.00,0.1534,2.9030,0.6948,649.822,"netlists/A_10u_MIR_CW.cir(case=3,temp=-55,Vdd=3.2):dc_sweep_i(Vout)"
A_10u,A,MIR_CW,3.2,FS,27,1e-05,1.00133e-05,1.0002e-05,1.00133,1.00020,0.000713719,1.40023e+08,2.00,0.0730,2.8530,1.4254,649.822,"netlists/A_10u_MIR_CW.cir(case=3,temp=27,Vdd=3.2):dc_sweep_i(Vout)"
A_10u,A,MIR_CW,3.2,FS,150,1e-05,1.0006e-05,1.00012e-05,1.00060,1.00012,0.000301568,3.31501e+08,2.00,0.0310,2.7753,2.5759,649.822,"netlists/A_10u_MIR_CW.cir(case=3,temp=150,Vdd=3.2):dc_sweep_i(Vout)"
A_10u,A,MIR_CW,3.2,SF,-55,1e-05,1.00017e-05,1.00004e-05,1.00017,1.00004,8.61754e-05,1.16032e+09,2.00,0.0088,2.9605,2.8203,649.822,"netlists/A_10u_MIR_CW.cir(case=4,temp=-55,Vdd=3.2):dc_sweep_i(Vout)"
A_10u,A,MIR_CW,3.2,SF,27,1e-05,1.00012e-05,1.00003e-05,1.00012,1.00003,5.49648e-05,1.81924e+09,2.00,0.0056,2.9212,2.7541,649.822,"netlists/A_10u_MIR_CW.cir(case=4,temp=27,Vdd=3.2):dc_sweep_i(Vout)"
A_10u,A,MIR_CW,3.2,SF,150,1e-05,1.00008e-05,1.00002e-05,1.00008,1.00002,3.68141e-05,2.71622e+09,2.00,0.0038,2.8654,2.6537,649.822,"netlists/A_10u_MIR_CW.cir(case=4,temp=150,Vdd=3.2):dc_sweep_i(Vout)"
A_10u,A,MIR_CW,4.5,TT,-55,1e-05,1.00062e-05,1.00019e-05,1.00062,1.00019,0.000185113,5.39977e+08,2.00,0.0187,4.2473,4.0947,649.822,"netlists/A_10u_MIR_CW.cir(case=0,temp=-55,Vdd=4.5):dc_sweep_i(Vout)"
A_10u,A,MIR_CW,4.5,TT,27,1e-05,1.00036e-05,1.00012e-05,1.00036,1.00012,0.000106469,9.39002e+08,2.00,0.0108,4.2001,4.0610,649.822,"netlists/A_10u_MIR_CW.cir(case=0,temp=27,Vdd=4.5):dc_sweep_i(Vout)"
A_10u,A,MIR_CW,4.5,TT,150,1e-05,1.00021e-05,1.00007e-05,1.00021,1.00007,5.87855e-05,1.70085e+09,2.00,0.0059,4.1355,3.9698,649.822,"netlists/A_10u_MIR_CW.cir(case=0,temp=150,Vdd=4.5):dc_sweep_i(Vout)"
A_10u,A,MIR_CW,4.5,FF,-55,1e-05,1.00028e-05,1.00009e-05,1.00028,1.00009,8.11747e-05,1.23167e+09,2.00,0.0082,4.2603,4.1145,649.822,"netlists/A_10u_MIR_CW.cir(case=1,temp=-55,Vdd=4.5):dc_sweep_i(Vout)"
A_10u,A,MIR_CW,4.5,FF,27,1e-05,1.00018e-05,1.00006e-05,1.00018,1.00006,5.22916e-05,1.9121e+09,2.00,0.0053,4.2213,4.0503,649.822,"netlists/A_10u_MIR_CW.cir(case=1,temp=27,Vdd=4.5):dc_sweep_i(Vout)"
A_10u,A,MIR_CW,4.5,FF,150,1e-05,1.00013e-05,1.00005e-05,1.00013,1.00005,3.50982e-05,2.84888e+09,2.00,0.0035,4.1658,3.9506,649.822,"netlists/A_10u_MIR_CW.cir(case=1,temp=150,Vdd=4.5):dc_sweep_i(Vout)"
A_10u,A,MIR_CW,4.5,SS,-55,1e-05,1.00465e-05,1.00135e-05,1.00465,1.00135,0.00144782,6.88496e+07,2.00,0.1461,4.1859,0.6835,649.822,"netlists/A_10u_MIR_CW.cir(case=2,temp=-55,Vdd=4.5):dc_sweep_i(Vout)"
A_10u,A,MIR_CW,4.5,SS,27,1e-05,1.00229e-05,1.0007e-05,1.00229,1.00070,0.000701159,1.42395e+08,2.00,0.0709,4.1464,1.4186,649.822,"netlists/A_10u_MIR_CW.cir(case=2,temp=27,Vdd=4.5):dc_sweep_i(Vout)"
A_10u,A,MIR_CW,4.5,SS,150,1e-05,1.00101e-05,1.00033e-05,1.00101,1.00033,0.000298425,3.34856e+08,2.00,0.0302,4.0713,3.2488,649.822,"netlists/A_10u_MIR_CW.cir(case=2,temp=150,Vdd=4.5):dc_sweep_i(Vout)"
A_10u,A,MIR_CW,4.5,FS,-55,1e-05,1.00454e-05,1.00131e-05,1.00454,1.00131,0.00141399,7.05025e+07,2.00,0.1426,4.1883,0.6987,649.822,"netlists/A_10u_MIR_CW.cir(case=3,temp=-55,Vdd=4.5):dc_sweep_i(Vout)"
A_10u,A,MIR_CW,4.5,FS,27,1e-05,1.00223e-05,1.00068e-05,1.00223,1.00068,0.000680988,1.4662e+08,2.00,0.0690,4.1479,1.4594,649.822,"netlists/A_10u_MIR_CW.cir(case=3,temp=27,Vdd=4.5):dc_sweep_i(Vout)"
A_10u,A,MIR_CW,4.5,FS,150,1e-05,1.00097e-05,1.00032e-05,1.00097,1.00032,0.000288385,3.46522e+08,2.00,0.0292,4.0729,3.3494,649.822,"netlists/A_10u_MIR_CW.cir(case=3,temp=150,Vdd=4.5):dc_sweep_i(Vout)"
A_10u,A,MIR_CW,4.5,SF,-55,1e-05,1.00028e-05,1.00009e-05,1.00028,1.00009,8.20085e-05,1.21915e+09,2.00,0.0083,4.2599,4.1141,649.822,"netlists/A_10u_MIR_CW.cir(case=4,temp=-55,Vdd=4.5):dc_sweep_i(Vout)"
A_10u,A,MIR_CW,4.5,SF,27,1e-05,1.00018e-05,1.00006e-05,1.00018,1.00006,5.2889e-05,1.8905e+09,2.00,0.0054,4.2207,4.0500,649.822,"netlists/A_10u_MIR_CW.cir(case=4,temp=27,Vdd=4.5):dc_sweep_i(Vout)"
A_10u,A,MIR_CW,4.5,SF,150,1e-05,1.00013e-05,1.00005e-05,1.00013,1.00005,3.55022e-05,2.81646e+09,2.00,0.0036,4.1650,3.9502,649.822,"netlists/A_10u_MIR_CW.cir(case=4,temp=150,Vdd=4.5):dc_sweep_i(Vout)"
A_10u,A,MIR_CW,5.0,TT,-55,1e-05,1.00072e-05,1.00024e-05,1.00072,1.00024,0.000187129,5.34111e+08,2.00,0.0194,4.7467,4.5620,649.822,"netlists/A_10u_MIR_CW.cir(case=0,temp=-55,Vdd=5.0):dc_sweep_i(Vout)"
A_10u,A,MIR_CW,5.0,TT,27,1e-05,1.00042e-05,1.00015e-05,1.00042,1.00015,0.000108679,9.19855e+08,2.00,0.0114,4.6998,4.5561,649.822,"netlists/A_10u_MIR_CW.cir(case=0,temp=27,Vdd=5.0):dc_sweep_i(Vout)"
A_10u,A,MIR_CW,5.0,TT,150,1e-05,1.00024e-05,1.00009e-05,1.00024,1.00009,6.01554e-05,1.66207e+09,2.00,0.0063,4.6352,4.4672,649.822,"netlists/A_10u_MIR_CW.cir(case=0,temp=150,Vdd=5.0):dc_sweep_i(Vout)"
A_10u,A,MIR_CW,5.0,FF,-55,1e-05,1.00032e-05,1.00011e-05,1.00032,1.00011,8.19127e-05,1.22052e+09,2.00,0.0084,4.7600,4.6119,649.822,"netlists/A_10u_MIR_CW.cir(case=1,temp=-55,Vdd=5.0):dc_sweep_i(Vout)"
A_10u,A,MIR_CW,5.0,FF,27,1e-05,1.00021e-05,1.00008e-05,1.00021,1.00008,5.31395e-05,1.88155e+09,2.00,0.0055,4.7211,4.5484,649.822,"netlists/A_10u_MIR_CW.cir(case=1,temp=27,Vdd=5.0):dc_sweep_i(Vout)"
A_10u,A,MIR_CW,5.0,FF,150,1e-05,1.00015e-05,1.00006e-05,1.00015,1.00006,3.57225e-05,2.79905e+09,2.00,0.0037,4.6656,4.4490,649.822,"netlists/A_10u_MIR_CW.cir(case=1,temp=150,Vdd=5.0):dc_sweep_i(Vout)"
A_10u,A,MIR_CW,5.0,SS,-55,1e-05,1.00548e-05,1.00173e-05,1.00548,1.00173,0.0014742,6.7568e+07,2.00,0.1542,4.6758,0.6186,649.822,"netlists/A_10u_MIR_CW.cir(case=2,temp=-55,Vdd=5.0):dc_sweep_i(Vout)"
A_10u,A,MIR_CW,5.0,SS,27,1e-05,1.00271e-05,1.00088e-05,1.00271,1.00088,0.000721014,1.38425e+08,2.00,0.0763,4.6438,1.3262,649.822,"netlists/A_10u_MIR_CW.cir(case=2,temp=27,Vdd=5.0):dc_sweep_i(Vout)"
A_10u,A,MIR_CW,5.0,SS,150,1e-05,1.00119e-05,1.00041e-05,1.00119,1.00041,0.000307386,3.25045e+08,2.00,0.0326,4.5702,3.2103,649.822,"netlists/A_10u_MIR_CW.cir(case=2,temp=150,Vdd=5.0):dc_sweep_i(Vout)"
A_10u,A,MIR_CW,5.0,FS,-55,1e-05,1.00536e-05,1.00168e-05,1.00536,1.00168,0.00144273,6.90479e+07,2.00,0.1512,4.6790,0.6299,649.822,"netlists/A_10u_MIR_CW.cir(case=3,temp=-55,Vdd=5.0):dc_sweep_i(Vout)"
A_10u,A,MIR_CW,5.0,FS,27,1e-05,1.00263e-05,1.00085e-05,1.00263,1.00085,0.000701935,1.42195e+08,2.00,0.0744,4.6453,1.3621,649.822,"netlists/A_10u_MIR_CW.cir(case=3,temp=27,Vdd=5.0):dc_sweep_i(Vout)"
A_10u,A,MIR_CW,5.0,FS,150,1e-05,1.00115e-05,1.00039e-05,1.00115,1.00039,0.000297765,3.35556e+08,2.00,0.0317,4.5718,3.3140,649.822,"netlists/A_10u_MIR_CW.cir(case=3,temp=150,Vdd=5.0):dc_sweep_i(Vout)"
A_10u,A,MIR_CW,5.0,SF,-55,1e-05,1.00032e-05,1.00011e-05,1.00032,1.00011,8.2636e-05,1.20984e+09,2.00,0.0085,4.7596,4.6115,649.822,"netlists/A_10u_MIR_CW.cir(case=4,temp=-55,Vdd=5.0):dc_sweep_i(Vout)"
A_10u,A,MIR_CW,5.0,SF,27,1e-05,1.00021e-05,1.00008e-05,1.00021,1.00008,5.36579e-05,1.86336e+09,2.00,0.0055,4.7205,4.5481,649.822,"netlists/A_10u_MIR_CW.cir(case=4,temp=27,Vdd=5.0):dc_sweep_i(Vout)"
A_10u,A,MIR_CW,5.0,SF,150,1e-05,1.00015e-05,1.00006e-05,1.00015,1.00006,3.60793e-05,2.77137e+09,2.00,0.0037,4.6648,4.4486,649.822,"netlists/A_10u_MIR_CW.cir(case=4,temp=150,Vdd=5.0):dc_sweep_i(Vout)"
A_10u,A,MIR_CW,5.5,TT,-55,1e-05,1.00084e-05,1.00029e-05,1.00084,1.00029,0.00019938,5.01244e+08,2.00,0.0218,5.2461,4.9004,649.822,"netlists/A_10u_MIR_CW.cir(case=0,temp=-55,Vdd=5.5):dc_sweep_i(Vout)"
A_10u,A,MIR_CW,5.5,TT,27,1e-05,1.0005e-05,1.00017e-05,1.00050,1.00017,0.000117916,8.4775e+08,2.00,0.0131,5.1993,5.0497,649.822,"netlists/A_10u_MIR_CW.cir(case=0,temp=27,Vdd=5.5):dc_sweep_i(Vout)"
A_10u,A,MIR_CW,5.5,TT,150,1e-05,1.00028e-05,1.0001e-05,1.00028,1.00010,6.56994e-05,1.52177e+09,2.00,0.0074,5.1350,4.9641,649.822,"netlists/A_10u_MIR_CW.cir(case=0,temp=150,Vdd=5.5):dc_sweep_i(Vout)"
A_10u,A,MIR_CW,5.5,FF,-55,1e-05,1.00037e-05,1.00013e-05,1.00037,1.00013,8.64951e-05,1.15581e+09,2.00,0.0093,5.2596,5.1086,649.822,"netlists/A_10u_MIR_CW.cir(case=1,temp=-55,Vdd=5.5):dc_sweep_i(Vout)"
A_10u,A,MIR_CW,5.5,FF,27,1e-05,1.00024e-05,1.00009e-05,1.00024,1.00009,5.6903e-05,1.75705e+09,2.00,0.0061,5.2208,5.0461,649.822,"netlists/A_10u_MIR_CW.cir(case=1,temp=27,Vdd=5.5):dc_sweep_i(Vout)"
A_10u,A,MIR_CW,5.5,FF,150,1e-05,1.00017e-05,1.00007e-05,1.00017,1.00007,3.84097e-05,2.60318e+09,2.00,0.0042,5.1654,4.9470,649.822,"netlists/A_10u_MIR_CW.cir(case=1,temp=150,Vdd=5.5):dc_sweep_i(Vout)"
A_10u,A,MIR_CW,5.5,SS,-55,1e-05,1.00648e-05,1.0021e-05,1.00648,1.00210,0.00159552,6.23816e+07,2.00,0.1762,5.1578,0.5006,649.822,"netlists/A_10u_MIR_CW.cir(case=2,temp=-55,Vdd=5.5):dc_sweep_i(Vout)"
A_10u,A,MIR_CW,5.5,SS,27,1e-05,1.00323e-05,1.00106e-05,1.00323,1.00106,0.000796221,1.25301e+08,2.00,0.0898,5.1405,1.0894,649.822,"netlists/A_10u_MIR_CW.cir(case=2,temp=27,Vdd=5.5):dc_sweep_i(Vout)"
A_10u,A,MIR_CW,5.5,SS,150,1e-05,1.00142e-05,1.00048e-05,1.00142,1.00048,0.00034198,2.92115e+08,2.00,0.0390,5.0686,2.9747,649.822,"netlists/A_10u_MIR_CW.cir(case=2,temp=150,Vdd=5.5):dc_sweep_i(Vout)"
A_10u,A,MIR_CW,5.5,FS,-55,1e-05,1.00635e-05,1.00205e-05,1.00635,1.00205,0.00156752,6.35027e+07,2.00,0.1737,5.1625,0.5067,649.822,"netlists/A_10u_MIR_CW.cir(case=3,temp=-55,Vdd=5.5):dc_sweep_i(Vout)"
A_10u,A,MIR_CW,5.5,FS,27,1e-05,1.00315e-05,1.00103e-05,1.00315,1.00103,0.000778638,1.28139e+08,2.00,0.0881,5.1420,1.1136,649.822,"netlists/A_10u_MIR_CW.cir(case=3,temp=27,Vdd=5.5):dc_sweep_i(Vout)"
A_10u,A,MIR_CW,5.5,FS,150,1e-05,1.00137e-05,1.00047e-05,1.00137,1.00047,0.000332894,3.00099e+08,2.00,0.0381,5.0704,3.0702,649.822,"netlists/A_10u_MIR_CW.cir(case=3,temp=150,Vdd=5.5):dc_sweep_i(Vout)"
A_10u,A,MIR_CW,5.5,SF,-55,1e-05,1.00038e-05,1.00014e-05,1.00038,1.00014,8.70047e-05,1.14904e+09,2.00,0.0093,5.2592,5.1082,649.822,"netlists/A_10u_MIR_CW.cir(case=4,temp=-55,Vdd=5.5):dc_sweep_i(Vout)"
A_10u,A,MIR_CW,5.5,SF,27,1e-05,1.00025e-05,1.00009e-05,1.00025,1.00009,5.72708e-05,1.74577e+09,2.00,0.0062,5.2203,5.0457,649.822,"netlists/A_10u_MIR_CW.cir(case=4,temp=27,Vdd=5.5):dc_sweep_i(Vout)"
A_10u,A,MIR_CW,5.5,SF,150,1e-05,1.00017e-05,1.00007e-05,1.00017,1.00007,3.866e-05,2.58632e+09,2.00,0.0042,5.1646,4.9466,649.822,"netlists/A_10u_MIR_CW.cir(case=4,temp=150,Vdd=5.5):dc_sweep_i(Vout)"
A_100u,A,MIR_S,3.2,TT,-55,0.0001,0.000102737,9.99092e-05,1.02737,0.99909,0.0176595,560793,2.00,1.8052,0.5909,0.0593,324.911,"netlists/A_100u_MIR_S.cir(case=0,temp=-55,Vdd=3.2):dc_sweep_i(Vout)"
A_100u,A,MIR_S,3.2,TT,27,0.0001,0.000102063,9.99143e-05,1.02063,0.99914,0.0134961,735608,2.00,1.3910,0.7754,0.0782,324.911,"netlists/A_100u_MIR_S.cir(case=0,temp=27,Vdd=3.2):dc_sweep_i(Vout)"
A_100u,A,MIR_S,3.2,TT,150,0.0001,0.000101602,9.99248e-05,1.01602,0.99925,0.0106172,936608,2.00,1.1116,0.9920,0.1011,324.911,"netlists/A_100u_MIR_S.cir(case=0,temp=150,Vdd=3.2):dc_sweep_i(Vout)"
A_100u,A,MIR_S,3.2,FF,-55,0.0001,0.000103447,0.000100184,1.03447,1.00184,0.0202669,486535,2.00,2.0661,0.5148,0.0516,324.911,"netlists/A_100u_MIR_S.cir(case=1,temp=-55,Vdd=3.2):dc_sweep_i(Vout)"
A_100u,A,MIR_S,3.2,FF,27,0.0001,0.00010263,0.000100147,1.02630,1.00147,0.0155162,637569,2.00,1.5934,0.6742,0.0678,324.911,"netlists/A_100u_MIR_S.cir(case=1,temp=27,Vdd=3.2):dc_sweep_i(Vout)"
A_100u,A,MIR_S,3.2,FF,150,0.0001,0.000102075,0.000100137,1.02075,1.00137,0.0121988,812673,2.00,1.2686,0.8632,0.0875,324.911,"netlists/A_100u_MIR_S.cir(case=1,temp=150,Vdd=3.2):dc_sweep_i(Vout)"
A_100u,A,MIR_S,3.2,SS,-55,0.0001,0.000102112,9.96899e-05,1.02112,0.99690,0.0152016,653870,2.00,1.5591,0.6867,0.0691,324.911,"netlists/A_100u_MIR_S.cir(case=2,temp=-55,Vdd=3.2):dc_sweep_i(Vout)"
A_100u,A,MIR_S,3.2,SS,27,0.0001,0.000101566,9.97278e-05,1.01566,0.99728,0.0116011,858348,2.00,1.2016,0.9023,0.0914,324.911,"netlists/A_100u_MIR_S.cir(case=2,temp=27,Vdd=3.2):dc_sweep_i(Vout)"
A_100u,A,MIR_S,3.2,SS,150,0.0001,0.00010119,9.97536e-05,1.01190,0.99754,0.00914737,1.08995e+06,2.00,0.9689,1.1513,0.1182,324.911,"netlists/A_100u_MIR_S.cir(case=2,temp=150,Vdd=3.2):dc_sweep_i(Vout)"
A_100u,A,MIR_S,3.2,FS,-55,0.0001,0.000102112,9.96927e-05,1.02112,0.99693,0.0151815,654728,2.00,1.5571,0.6877,0.0692,324.911,"netlists/A_100u_MIR_S.cir(case=3,temp=-55,Vdd=3.2):dc_sweep_i(Vout)"
A_100u,A,MIR_S,3.2,FS,27,0.0001,0.000101566,9.97307e-05,1.01566,0.99731,0.0115872,859364,2.00,1.2000,0.9033,0.0915,324.911,"netlists/A_100u_MIR_S.cir(case=3,temp=27,Vdd=3.2):dc_sweep_i(Vout)"
A_100u,A,MIR_S,3.2,FS,150,0.0001,0.000101192,9.97568e-05,1.01192,0.99757,0.00913659,1.09121e+06,2.00,0.9673,1.1523,0.1183,324.911,"netlists/A_100u_MIR_S.cir(case=3,temp=150,Vdd=3.2):dc_sweep_i(Vout)"
A_100u,A,MIR_S,3.2,SF,-55,0.0001,0.000103447,0.000100181,1.03447,1.00181,0.0202809,486209,2.00,2.0674,0.5144,0.0516,324.911,"netlists/A_100u_MIR_S.cir(case=4,temp=-55,Vdd=3.2):dc_sweep_i(Vout)"
A_100u,A,MIR_S,3.2,SF,27,0.0001,0.000102628,0.000100144,1.02628,1.00144,0.0155258,637190,2.00,1.5944,0.6737,0.0678,324.911,"netlists/A_100u_MIR_S.cir(case=4,temp=27,Vdd=3.2):dc_sweep_i(Vout)"
A_100u,A,MIR_S,3.2,SF,150,0.0001,0.000102072,0.000100133,1.02072,1.00133,0.0122057,812233,2.00,1.2695,0.8628,0.0874,324.911,"netlists/A_100u_MIR_S.cir(case=4,temp=150,Vdd=3.2):dc_sweep_i(Vout)"
A_100u,A,MIR_S,4.5,TT,-55,0.0001,0.000105058,0.000101079,1.05058,1.01079,0.0169919,569909,2.00,1.7366,0.5701,0.0542,324.911,"netlists/A_100u_MIR_S.cir(case=0,temp=-55,Vdd=4.5):dc_sweep_i(Vout)"
A_100u,A,MIR_S,4.5,TT,27,0.0001,0.000103805,0.000100809,1.03805,1.00809,0.0128747,758077,2.00,1.3142,0.7601,0.0714,324.911,"netlists/A_100u_MIR_S.cir(case=0,temp=27,Vdd=4.5):dc_sweep_i(Vout)"
A_100u,A,MIR_S,4.5,TT,150,0.0001,0.000102928,0.00010063,1.02928,1.00630,0.00991292,989942,2.00,1.0059,1.0033,0.0944,324.911,"netlists/A_100u_MIR_S.cir(case=0,temp=150,Vdd=4.5):dc_sweep_i(Vout)"
A_100u,A,MIR_S,4.5,FF,-55,0.0001,0.000106138,0.00010153,1.06138,1.01530,0.0195335,491969,2.00,1.9978,0.4937,0.0472,324.911,"netlists/A_100u_MIR_S.cir(case=1,temp=-55,Vdd=4.5):dc_sweep_i(Vout)"
A_100u,A,MIR_S,4.5,FF,27,0.0001,0.000104657,0.000101178,1.04657,1.01178,0.0148644,652581,2.00,1.5197,0.6535,0.0616,324.911,"netlists/A_100u_MIR_S.cir(case=1,temp=27,Vdd=4.5):dc_sweep_i(Vout)"
A_100u,A,MIR_S,4.5,FF,150,0.0001,0.000103623,0.000100949,1.03623,1.00949,0.0114792,850508,2.00,1.1684,0.8596,0.0807,324.911,"netlists/A_100u_MIR_S.cir(case=1,temp=150,Vdd=4.5):dc_sweep_i(Vout)"
A_100u,A,MIR_S,4.5,SS,-55,0.0001,0.000104088,0.000100694,1.04088,1.00694,0.0145823,668638,2.00,1.4887,0.6685,0.0632,324.911,"netlists/A_100u_MIR_S.cir(case=2,temp=-55,Vdd=4.5):dc_sweep_i(Vout)"
A_100u,A,MIR_S,4.5,SS,27,0.0001,0.000103043,0.000100495,1.03043,1.00495,0.0110021,891957,2.00,1.1205,0.8968,0.0841,324.911,"netlists/A_100u_MIR_S.cir(case=2,temp=27,Vdd=4.5):dc_sweep_i(Vout)"
A_100u,A,MIR_S,4.5,SS,150,0.0001,0.000102311,0.000100361,1.02311,1.00361,0.00845062,1.16649e+06,2.00,0.8543,1.1846,0.1121,324.911,"netlists/A_100u_MIR_S.cir(case=2,temp=150,Vdd=4.5):dc_sweep_i(Vout)"
A_100u,A,MIR_S,4.5,FS,-55,0.0001,0.000104089,0.000100696,1.04089,1.00696,0.0145759,668933,2.00,1.4899,0.6671,0.0629,324.911,"netlists/A_100u_MIR_S.cir(case=3,temp=-55,Vdd=4.5):dc_sweep_i(Vout)"
A_100u,A,MIR_S,4.5,FS,27,0.0001,0.000103045,0.000100497,1.03045,1.00497,0.0109992,892190,2.00,1.1217,0.8953,0.0837,324.911,"netlists/A_100u_MIR_S.cir(case=3,temp=27,Vdd=4.5):dc_sweep_i(Vout)"
A_100u,A,MIR_S,4.5,FS,150,0.0001,0.000102314,0.000100363,1.02314,1.00363,0.00844884,1.16672e+06,2.00,0.8551,1.1835,0.1116,324.911,"netlists/A_100u_MIR_S.cir(case=3,temp=150,Vdd=4.5):dc_sweep_i(Vout)"
A_100u,A,MIR_S,4.5,SF,-55,0.0001,0.000106135,0.000101528,1.06135,1.01528,0.019531,492038,2.00,1.9952,0.4952,0.0474,324.911,"netlists/A_100u_MIR_S.cir(case=4,temp=-55,Vdd=4.5):dc_sweep_i(Vout)"
A_100u,A,MIR_S,4.5,SF,27,0.0001,0.000104653,0.000101175,1.04653,1.01175,0.0148606,652761,2.00,1.5174,0.6554,0.0620,324.911,"netlists/A_100u_MIR_S.cir(case=4,temp=27,Vdd=4.5):dc_sweep_i(Vout)"
A_100u,A,MIR_S,4.5,SF,150,0.0001,0.000103618,0.000100946,1.03618,1.00946,0.0114757,850786,2.00,1.1666,0.8616,0.0811,324.911,"netlists/A_100u_MIR_S.cir(case=4,temp=150,Vdd=4.5):dc_sweep_i(Vout)"
A_100u,A,MIR_S,5.0,TT,-55,0.0001,0.000106127,0.000101519,1.06127,1.01519,0.0175939,545625,2.00,1.8779,0.4965,0.0452,324.911,"netlists/A_100u_MIR_S.cir(case=0,temp=-55,Vdd=5.0):dc_sweep_i(Vout)"
A_100u,A,MIR_S,5.0,TT,27,0.0001,0.000104615,0.000101143,1.04615,1.01143,0.0133518,726165,2.00,1.4303,0.6647,0.0585,324.911,"netlists/A_100u_MIR_S.cir(case=0,temp=27,Vdd=5.0):dc_sweep_i(Vout)"
A_100u,A,MIR_S,5.0,TT,150,0.0001,0.000103537,0.000100891,1.03537,1.00891,0.0102085,956408,2.00,1.0883,0.9037,0.0773,324.911,"netlists/A_100u_MIR_S.cir(case=0,temp=150,Vdd=5.0):dc_sweep_i(Vout)"
A_100u,A,MIR_S,5.0,FF,-55,0.0001,0.000107374,0.000102038,1.07374,1.02038,0.0202112,470730,2.00,2.1553,0.4294,0.0396,324.911,"netlists/A_100u_MIR_S.cir(case=1,temp=-55,Vdd=5.0):dc_sweep_i(Vout)"
A_100u,A,MIR_S,5.0,FF,27,0.0001,0.0001056,0.000101564,1.05600,1.01564,0.0154318,623795,2.00,1.6539,0.5664,0.0507,324.911,"netlists/A_100u_MIR_S.cir(case=1,temp=27,Vdd=5.0):dc_sweep_i(Vout)"
A_100u,A,MIR_S,5.0,FF,150,0.0001,0.00010434,0.00010125,1.04340,1.01250,0.0118666,817902,2.00,1.2693,0.7598,0.0659,324.911,"netlists/A_100u_MIR_S.cir(case=1,temp=150,Vdd=5.0):dc_sweep_i(Vout)"
A_100u,A,MIR_S,5.0,SS,-55,0.0001,0.000104999,0.000101071,1.04999,1.01071,0.0151,640896,2.00,1.6126,0.5848,0.0524,324.911,"netlists/A_100u_MIR_S.cir(case=2,temp=-55,Vdd=5.0):dc_sweep_i(Vout)"
A_100u,A,MIR_S,5.0,SS,27,0.0001,0.000103727,0.000100781,1.03727,1.00781,0.0113856,857059,2.00,1.2179,0.7955,0.0687,324.911,"netlists/A_100u_MIR_S.cir(case=2,temp=27,Vdd=5.0):dc_sweep_i(Vout)"
A_100u,A,MIR_S,5.0,SS,150,0.0001,0.000102819,0.000100583,1.02819,1.00583,0.00865757,1.1337e+06,2.00,0.9183,1.0924,0.0925,324.911,"netlists/A_100u_MIR_S.cir(case=2,temp=150,Vdd=5.0):dc_sweep_i(Vout)"
A_100u,A,MIR_S,5.0,FS,-55,0.0001,0.000105007,0.000101072,1.05007,1.01072,0.0151279,639710,2.00,1.6201,0.5799,0.0518,324.911,"netlists/A_100u_MIR_S.cir(case=3,temp=-55,Vdd=5.0):dc_sweep_i(Vout)"
A_100u,A,MIR_S,5.0,FS,27,0.0001,0.000103735,0.000100782,1.03735,1.00782,0.01141,855209,2.00,1.2243,0.7891,0.0679,324.911,"netlists/A_100u_MIR_S.cir(case=3,temp=27,Vdd=5.0):dc_sweep_i(Vout)"
A_100u,A,MIR_S,5.0,FS,150,0.0001,0.000102827,0.000100585,1.02827,1.00585,0.00867517,1.13138e+06,2.00,0.9231,1.0857,0.0914,324.911,"netlists/A_100u_MIR_S.cir(case=3,temp=150,Vdd=5.0):dc_sweep_i(Vout)"
A_100u,A,MIR_S,5.0,SF,-55,0.0001,0.00010736,0.000102037,1.07360,1.02037,0.0201662,471792,2.00,2.1451,0.4332,0.0401,324.911,"netlists/A_100u_MIR_S.cir(case=4,temp=-55,Vdd=5.0):dc_sweep_i(Vout)"
A_100u,A,MIR_S,5.0,SF,27,0.0001,0.000105588,0.000101562,1.05588,1.01562,0.0153922,625422,2.00,1.6450,0.5717,0.0513,324.911,"netlists/A_100u_MIR_S.cir(case=4,temp=27,Vdd=5.0):dc_sweep_i(Vout)"
A_100u,A,MIR_S,5.0,SF,150,0.0001,0.000104328,0.000101247,1.04328,1.01247,0.0118354,820088,2.00,1.2622,0.7664,0.0667,324.911,"netlists/A_100u_MIR_S.cir(case=4,temp=150,Vdd=5.0):dc_sweep_i(Vout)"
A_100u,A,MIR_S,5.5,TT,-55,0.0001,0.000107497,0.000101956,1.07497,1.01956,0.0195308,486890,2.00,2.2230,0.3792,0.0341,324.911,"netlists/A_100u_MIR_S.cir(case=0,temp=-55,Vdd=5.5):dc_sweep_i(Vout)"
A_100u,A,MIR_S,5.5,TT,27,0.0001,0.000105681,0.000101473,1.05681,1.01473,0.0149759,642752,2.00,1.7262,0.4947,0.0426,324.911,"netlists/A_100u_MIR_S.cir(case=0,temp=27,Vdd=5.5):dc_sweep_i(Vout)"
A_100u,A,MIR_S,5.5,TT,150,0.0001,0.000104348,0.000101147,1.04348,1.01147,0.0114139,850690,2.00,1.3192,0.6781,0.0550,324.911,"netlists/A_100u_MIR_S.cir(case=0,temp=150,Vdd=5.5):dc_sweep_i(Vout)"
A_100u,A,MIR_S,5.5,FF,-55,0.0001,0.000108944,0.000102543,1.08944,1.02543,0.0223521,421057,2.00,2.5333,0.3314,0.0303,324.911,"netlists/A_100u_MIR_S.cir(case=1,temp=-55,Vdd=5.5):dc_sweep_i(Vout)"
A_100u,A,MIR_S,5.5,FF,27,0.0001,0.000106833,0.000101947,1.06833,1.01947,0.0172834,552339,2.00,1.9860,0.4238,0.0374,324.911,"netlists/A_100u_MIR_S.cir(case=1,temp=27,Vdd=5.5):dc_sweep_i(Vout)"
A_100u,A,MIR_S,5.5,FF,150,0.0001,0.000105292,0.000101547,1.05292,1.01547,0.0133096,724557,2.00,1.5386,0.5636,0.0473,324.911,"netlists/A_100u_MIR_S.cir(case=1,temp=150,Vdd=5.5):dc_sweep_i(Vout)"
A_100u,A,MIR_S,5.5,SS,-55,0.0001,0.000106179,0.000101445,1.06179,1.01445,0.0168173,570788,2.00,1.9225,0.4425,0.0389,324.911,"netlists/A_100u_MIR_S.cir(case=2,temp=-55,Vdd=5.5):dc_sweep_i(Vout)"
A_100u,A,MIR_S,5.5,SS,27,0.0001,0.000104635,0.000101063,1.04635,1.01063,0.0127722,759313,2.00,1.4758,0.5925,0.0494,324.911,"netlists/A_100u_MIR_S.cir(case=2,temp=27,Vdd=5.5):dc_sweep_i(Vout)"
A_100u,A,MIR_S,5.5,SS,150,0.0001,0.000103497,0.000100802,1.03497,1.00802,0.00962465,1.01504e+06,2.00,1.1099,0.8415,0.0654,324.911,"netlists/A_100u_MIR_S.cir(case=2,temp=150,Vdd=5.5):dc_sweep_i(Vout)"
A_100u,A,MIR_S,5.5,FS,-55,0.0001,0.000106205,0.000101445,1.06205,1.01445,0.016925,567131,2.00,1.9427,0.4351,0.0383,324.911,"netlists/A_100u_MIR_S.cir(case=3,temp=-55,Vdd=5.5):dc_sweep_i(Vout)"
A_100u,A,MIR_S,5.5,FS,27,0.0001,0.000104658,0.000101065,1.04658,1.01065,0.0128642,753844,2.00,1.4933,0.5814,0.0484,324.911,"netlists/A_100u_MIR_S.cir(case=3,temp=27,Vdd=5.5):dc_sweep_i(Vout)"
A_100u,A,MIR_S,5.5,FS,150,0.0001,0.000103516,0.000100804,1.03516,1.00804,0.00969439,1.00769e+06,2.00,1.1236,0.8259,0.0640,324.911,"netlists/A_100u_MIR_S.cir(case=3,temp=150,Vdd=5.5):dc_sweep_i(Vout)"
A_100u,A,MIR_S,5.5,SF,-55,0.0001,0.000108909,0.000102542,1.08909,1.02542,0.0222127,423734,2.00,2.5084,0.3367,0.0308,324.911,"netlists/A_100u_MIR_S.cir(case=4,temp=-55,Vdd=5.5):dc_sweep_i(Vout)"
A_100u,A,MIR_S,5.5,SF,27,0.0001,0.000106801,0.000101945,1.06801,1.01945,0.0171604,556343,2.00,1.9639,0.4315,0.0381,324.911,"netlists/A_100u_MIR_S.cir(case=4,temp=27,Vdd=5.5):dc_sweep_i(Vout)"
A_100u,A,MIR_S,5.5,SF,150,0.0001,0.000105265,0.000101544,1.05265,1.01544,0.0132093,730109,2.00,1.5201,0.5746,0.0483,324.911,"netlists/A_100u_MIR_S.cir(case=4,temp=150,Vdd=5.5):dc_sweep_i(Vout)"
A_100u,A,MIR_CS,3.2,TT,-55,0.0001,9.99963e-05,9.95586e-05,0.99996,0.99559,0.00430402,2.32809e+06,2.00,0.8820,1.9562,1.2873,649.822,"netlists/A_100u_MIR_CS.cir(case=0,temp=-55,Vdd=3.2):dc_sweep_i(Vout)"
A_100u,A,MIR_CS,3.2,TT,27,0.0001,9.99972e-05,9.95729e-05,0.99997,0.99573,0.00395017,2.5364e+06,2.00,0.7402,2.0493,1.2195,649.822,"netlists/A_100u_MIR_CS.cir(case=0,temp=27,Vdd=3.2):dc_sweep_i(Vout)"
A_100u,A,MIR_CS,3.2,TT,150,0.0001,9.99977e-05,9.95615e-05,0.99998,0.99562,0.00392726,2.55144e+06,2.00,0.6872,2.0714,1.1174,649.822,"netlists/A_100u_MIR_CS.cir(case=0,temp=150,Vdd=3.2):dc_sweep_i(Vout)"
A_100u,A,MIR_CS,3.2,FF,-55,0.0001,9.9998e-05,9.97346e-05,0.99998,0.99735,0.00319607,3.13327e+06,2.00,0.7998,2.0311,1.4449,649.822,"netlists/A_100u_MIR_CS.cir(case=1,temp=-55,Vdd=3.2):dc_sweep_i(Vout)"
A_100u,A,MIR_CS,3.2,FF,27,0.0001,9.99986e-05,9.97234e-05,0.99999,0.99723,0.00296071,3.38209e+06,2.00,0.6729,2.1197,1.3960,649.822,"netlists/A_100u_MIR_CS.cir(case=1,temp=27,Vdd=3.2):dc_sweep_i(Vout)"
A_100u,A,MIR_CS,3.2,FF,150,0.0001,9.99991e-05,9.97e-05,0.99999,0.99700,0.00296162,3.38122e+06,2.00,0.6130,2.1537,1.3219,649.822,"netlists/A_100u_MIR_CS.cir(case=1,temp=150,Vdd=3.2):dc_sweep_i(Vout)"
A_100u,A,MIR_CS,3.2,SS,-55,0.0001,9.99952e-05,9.93977e-05,0.99995,0.99398,0.00533074,1.88094e+06,2.00,0.9184,1.8852,1.1129,649.822,"netlists/A_100u_MIR_CS.cir(case=2,temp=-55,Vdd=3.2):dc_sweep_i(Vout)"
A_100u,A,MIR_CS,3.2,SS,27,0.0001,9.99962e-05,9.94376e-05,0.99996,0.99438,0.00484062,2.07117e+06,2.00,0.7714,1.9830,1.0226,649.822,"netlists/A_100u_MIR_CS.cir(case=2,temp=27,Vdd=3.2):dc_sweep_i(Vout)"
A_100u,A,MIR_CS,3.2,SS,150,0.0001,9.99967e-05,9.94364e-05,0.99997,0.99436,0.00480629,2.08635e+06,2.00,0.7634,1.9819,0.8875,649.822,"netlists/A_100u_MIR_CS.cir(case=2,temp=150,Vdd=3.2):dc_sweep_i(Vout)"
A_100u,A,MIR_CS,3.2,FS,-55,0.0001,9.99952e-05,9.94009e-05,0.99995,0.99401,0.00530646,1.88952e+06,2.00,0.9158,1.8877,1.1153,649.822,"netlists/A_100u_MIR_CS.cir(case=3,temp=-55,Vdd=3.2):dc_sweep_i(Vout)"
A_100u,A,MIR_CS,3.2,FS,27,0.0001,9.99962e-05,9.94411e-05,0.99996,0.99441,0.00481425,2.08248e+06,2.00,0.7687,1.9864,1.0261,649.822,"netlists/A_100u_MIR_CS.cir(case=3,temp=27,Vdd=3.2):dc_sweep_i(Vout)"
A_100u,A,MIR_CS,3.2,FS,150,0.0001,9.99967e-05,9.94406e-05,0.99997,0.99441,0.00477208,2.10125e+06,2.00,0.7580,1.9861,0.8928,649.822,"netlists/A_100u_MIR_CS.cir(case=3,temp=150,Vdd=3.2):dc_sweep_i(Vout)"
A_100u,A,MIR_CS,3.2,SF,-55,0.0001,9.9998e-05,9.97319e-05,0.99998,0.99732,0.00321595,3.11393e+06,2.00,0.8026,2.0292,1.4427,649.822,"netlists/A_100u_MIR_CS.cir(case=4,temp=-55,Vdd=3.2):dc_sweep_i(Vout)"
A_100u,A,MIR_CS,3.2,SF,27,0.0001,9.99986e-05,9.97204e-05,0.99999,0.99720,0.00298312,3.35673e+06,2.00,0.6758,2.1171,1.3930,649.822,"netlists/A_100u_MIR_CS.cir(case=4,temp=27,Vdd=3.2):dc_sweep_i(Vout)"
A_100u,A,MIR_CS,3.2,SF,150,0.0001,9.99991e-05,9.96964e-05,0.99999,0.99696,0.00298942,3.34983e+06,2.00,0.6167,2.1503,1.3177,649.822,"netlists/A_100u_MIR_CS.cir(case=4,temp=150,Vdd=3.2):dc_sweep_i(Vout)"
A_100u,A,MIR_CS,4.5,TT,-55,0.0001,0.000100005,9.99877e-05,1.00005,0.99988,6.73045e-05,1.48581e+08,2.00,0.0072,3.2515,2.5750,649.822,"netlists/A_100u_MIR_CS.cir(case=0,temp=-55,Vdd=4.5):dc_sweep_i(Vout)"
A_100u,A,MIR_CS,4.5,TT,27,0.0001,0.000100003,9.99846e-05,1.00003,0.99985,5.11903e-05,1.95352e+08,2.00,0.0057,3.3451,2.5082,649.822,"netlists/A_100u_MIR_CS.cir(case=0,temp=27,Vdd=4.5):dc_sweep_i(Vout)"
A_100u,A,MIR_CS,4.5,TT,150,0.0001,0.000100003,9.99588e-05,1.00003,0.99959,4.57221e-05,2.18715e+08,2.00,0.0070,3.3685,2.4060,649.822,"netlists/A_100u_MIR_CS.cir(case=0,temp=150,Vdd=4.5):dc_sweep_i(Vout)"
A_100u,A,MIR_CS,4.5,FF,-55,0.0001,0.000100008,9.99895e-05,1.00008,0.99990,7.89732e-05,1.26625e+08,2.00,0.0082,3.3262,2.7318,649.822,"netlists/A_100u_MIR_CS.cir(case=1,temp=-55,Vdd=4.5):dc_sweep_i(Vout)"
A_100u,A,MIR_CS,4.5,FF,27,0.0001,0.000100006,9.99917e-05,1.00006,0.99992,5.95812e-05,1.67838e+08,2.00,0.0063,3.4153,2.6841,649.822,"netlists/A_100u_MIR_CS.cir(case=1,temp=27,Vdd=4.5):dc_sweep_i(Vout)"
A_100u,A,MIR_CS,4.5,FF,150,0.0001,0.000100005,9.99911e-05,1.00005,0.99991,4.96821e-05,2.01279e+08,2.00,0.0054,3.4506,2.6100,649.822,"netlists/A_100u_MIR_CS.cir(case=1,temp=150,Vdd=4.5):dc_sweep_i(Vout)"
A_100u,A,MIR_CS,4.5,SS,-55,0.0001,0.000100002,9.99675e-05,1.00002,0.99968,5.7819e-05,1.72959e+08,2.00,0.0068,3.1806,2.4015,649.822,"netlists/A_100u_MIR_CS.cir(case=2,temp=-55,Vdd=4.5):dc_sweep_i(Vout)"
A_100u,A,MIR_CS,4.5,SS,27,0.0001,0.000100001,9.99292e-05,1.00001,0.99929,4.9854e-05,2.00591e+08,2.00,0.0101,3.2790,2.3121,649.822,"netlists/A_100u_MIR_CS.cir(case=2,temp=27,Vdd=4.5):dc_sweep_i(Vout)"
A_100u,A,MIR_CS,4.5,SS,150,0.0001,0.000100001,9.987e-05,1.00001,0.99870,9.67141e-05,1.03402e+08,2.00,0.0382,3.2794,2.1765,649.822,"netlists/A_100u_MIR_CS.cir(case=2,temp=150,Vdd=4.5):dc_sweep_i(Vout)"
A_100u,A,MIR_CS,4.5,FS,-55,0.0001,0.000100002,9.99682e-05,1.00002,0.99968,5.74382e-05,1.74106e+08,2.00,0.0068,3.1831,2.4040,649.822,"netlists/A_100u_MIR_CS.cir(case=3,temp=-55,Vdd=4.5):dc_sweep_i(Vout)"
A_100u,A,MIR_CS,4.5,FS,27,0.0001,0.000100001,9.99307e-05,1.00001,0.99931,4.92675e-05,2.02979e+08,2.00,0.0098,3.2824,2.3156,649.822,"netlists/A_100u_MIR_CS.cir(case=3,temp=27,Vdd=4.5):dc_sweep_i(Vout)"
A_100u,A,MIR_CS,4.5,FS,150,0.0001,0.000100001,9.98724e-05,1.00001,0.99872,9.37844e-05,1.06632e+08,2.00,0.0370,3.2836,2.1818,649.822,"netlists/A_100u_MIR_CS.cir(case=3,temp=150,Vdd=4.5):dc_sweep_i(Vout)"
A_100u,A,MIR_CS,4.5,SF,-55,0.0001,0.000100008,9.99894e-05,1.00008,0.99989,7.93583e-05,1.2601e+08,2.00,0.0082,3.3243,2.7295,649.822,"netlists/A_100u_MIR_CS.cir(case=4,temp=-55,Vdd=4.5):dc_sweep_i(Vout)"
A_100u,A,MIR_CS,4.5,SF,27,0.0001,0.000100006,9.99916e-05,1.00006,0.99992,5.98792e-05,1.67003e+08,2.00,0.0063,3.4128,2.6810,649.822,"netlists/A_100u_MIR_CS.cir(case=4,temp=27,Vdd=4.5):dc_sweep_i(Vout)"
A_100u,A,MIR_CS,4.5,SF,150,0.0001,0.000100005,9.99909e-05,1.00005,0.99991,4.99567e-05,2.00172e+08,2.00,0.0055,3.4471,2.6056,649.822,"netlists/A_100u_MIR_CS.cir(case=4,temp=150,Vdd=4.5):dc_sweep_i(Vout)"
A_100u,A,MIR_CS,5.0,TT,-55,0.0001,0.000100008,9.99911e-05,1.00008,0.99991,6.43369e-05,1.55429e+08,2.00,0.0066,3.7497,3.0704,649.822,"netlists/A_100u_MIR_CS.cir(case=0,temp=-55,Vdd=5.0):dc_sweep_i(Vout)"
A_100u,A,MIR_CS,5.0,TT,27,0.0001,0.000100006,9.99929e-05,1.00006,0.99993,4.80064e-05,2.08303e+08,2.00,0.0050,3.8436,3.0040,649.822,"netlists/A_100u_MIR_CS.cir(case=0,temp=27,Vdd=5.0):dc_sweep_i(Vout)"
A_100u,A,MIR_CS,5.0,TT,150,0.0001,0.000100005,9.99917e-05,1.00005,0.99992,3.94265e-05,2.53634e+08,2.00,0.0041,3.8675,2.9018,649.822,"netlists/A_100u_MIR_CS.cir(case=0,temp=150,Vdd=5.0):dc_sweep_i(Vout)"
A_100u,A,MIR_CS,5.0,FF,-55,0.0001,0.000100012,9.99921e-05,1.00012,0.99992,7.63151e-05,1.3103e+08,2.00,0.0078,3.8243,3.2266,649.822,"netlists/A_100u_MIR_CS.cir(case=1,temp=-55,Vdd=5.0):dc_sweep_i(Vout)"
A_100u,A,MIR_CS,5.0,FF,27,0.0001,0.000100009,9.9994e-05,1.00009,0.99994,5.71424e-05,1.74996e+08,2.00,0.0058,3.9137,3.1796,649.822,"netlists/A_100u_MIR_CS.cir(case=1,temp=27,Vdd=5.0):dc_sweep_i(Vout)"
A_100u,A,MIR_CS,5.0,FF,150,0.0001,0.000100008,9.99951e-05,1.00008,0.99995,4.68339e-05,2.13514e+08,2.00,0.0048,3.9494,3.1055,649.822,"netlists/A_100u_MIR_CS.cir(case=1,temp=150,Vdd=5.0):dc_sweep_i(Vout)"
A_100u,A,MIR_CS,5.0,SS,-55,0.0001,0.000100005,9.99899e-05,1.00005,0.99990,5.35118e-05,1.86876e+08,2.00,0.0055,3.6789,2.8973,649.822,"netlists/A_100u_MIR_CS.cir(case=2,temp=-55,Vdd=5.0):dc_sweep_i(Vout)"
A_100u,A,MIR_CS,5.0,SS,27,0.0001,0.000100003,9.9987e-05,1.00003,0.99987,3.99215e-05,2.50493e+08,2.00,0.0042,3.7776,2.8082,649.822,"netlists/A_100u_MIR_CS.cir(case=2,temp=27,Vdd=5.0):dc_sweep_i(Vout)"
A_100u,A,MIR_CS,5.0,SS,150,0.0001,0.000100003,9.99572e-05,1.00003,0.99957,3.33919e-05,2.99475e+08,2.00,0.0038,3.7785,2.6726,649.822,"netlists/A_100u_MIR_CS.cir(case=2,temp=150,Vdd=5.0):dc_sweep_i(Vout)"
A_100u,A,MIR_CS,5.0,FS,-55,0.0001,0.000100005,9.999e-05,1.00005,0.99990,5.31909e-05,1.88003e+08,2.00,0.0055,3.6814,2.8998,649.822,"netlists/A_100u_MIR_CS.cir(case=3,temp=-55,Vdd=5.0):dc_sweep_i(Vout)"
A_100u,A,MIR_CS,5.0,FS,27,0.0001,0.000100003,9.99873e-05,1.00003,0.99987,3.96795e-05,2.52021e+08,2.00,0.0042,3.7810,2.8118,649.822,"netlists/A_100u_MIR_CS.cir(case=3,temp=27,Vdd=5.0):dc_sweep_i(Vout)"
A_100u,A,MIR_CS,5.0,FS,150,0.0001,0.000100003,9.99585e-05,1.00003,0.99959,3.31594e-05,3.01575e+08,2.00,0.0037,3.7828,2.6779,649.822,"netlists/A_100u_MIR_CS.cir(case=3,temp=150,Vdd=5.0):dc_sweep_i(Vout)"
A_100u,A,MIR_CS,5.0,SF,-55,0.0001,0.000100012,9.9992e-05,1.00012,0.99992,7.66874e-05,1.30394e+08,2.00,0.0078,3.8224,3.2243,649.822,"netlists/A_100u_MIR_CS.cir(case=4,temp=-55,Vdd=5.0):dc_sweep_i(Vout)"
A_100u,A,MIR_CS,5.0,SF,27,0.0001,0.000100009,9.9994e-05,1.00009,0.99994,5.74198e-05,1.7415e+08,2.00,0.0059,3.9112,3.1764,649.822,"netlists/A_100u_MIR_CS.cir(case=4,temp=27,Vdd=5.0):dc_sweep_i(Vout)"
A_100u,A,MIR_CS,5.0,SF,150,0.0001,0.000100008,9.9995e-05,1.00008,0.99995,4.70664e-05,2.1246e+08,2.00,0.0049,3.9459,3.1012,649.822,"netlists/A_100u_MIR_CS.cir(case=4,temp=150,Vdd=5.0):dc_sweep_i(Vout)"
A_100u,A,MIR_CS,5.5,TT,-55,0.0001,0.000100011,9.99931e-05,1.00011,0.99993,6.28186e-05,1.59181e+08,2.00,0.0064,4.2480,3.5656,649.822,"netlists/A_100u_MIR_CS.cir(case=0,temp=-55,Vdd=5.5):dc_sweep_i(Vout)"
A_100u,A,MIR_CS,5.5,TT,27,0.0001,0.000100008,9.99947e-05,1.00008,0.99995,4.66415e-05,2.14394e+08,2.00,0.0047,4.3421,3.4999,649.822,"netlists/A_100u_MIR_CS.cir(case=0,temp=27,Vdd=5.5):dc_sweep_i(Vout)"
A_100u,A,MIR_CS,5.5,TT,150,0.0001,0.000100007,9.99954e-05,1.00007,0.99995,3.78846e-05,2.63952e+08,2.00,0.0039,4.3664,3.3977,649.822,"netlists/A_100u_MIR_CS.cir(case=0,temp=150,Vdd=5.5):dc_sweep_i(Vout)"
A_100u,A,MIR_CS,5.5,FF,-55,0.0001,0.000100015,9.99943e-05,1.00015,0.99994,7.48223e-05,1.33639e+08,2.00,0.0076,4.3225,3.7214,649.822,"netlists/A_100u_MIR_CS.cir(case=1,temp=-55,Vdd=5.5):dc_sweep_i(Vout)"
A_100u,A,MIR_CS,5.5,FF,27,0.0001,0.000100012,9.99958e-05,1.00012,0.99996,5.58689e-05,1.7898e+08,2.00,0.0057,4.4121,3.6749,649.822,"netlists/A_100u_MIR_CS.cir(case=1,temp=27,Vdd=5.5):dc_sweep_i(Vout)"
A_100u,A,MIR_CS,5.5,FF,150,0.0001,0.00010001,9.99967e-05,1.00010,0.99997,4.54834e-05,2.19849e+08,2.00,0.0046,4.4482,3.6011,649.822,"netlists/A_100u_MIR_CS.cir(case=1,temp=150,Vdd=5.5):dc_sweep_i(Vout)"
A_100u,A,MIR_CS,5.5,SS,-55,0.0001,0.000100007,9.99923e-05,1.00007,0.99992,5.19209e-05,1.92596e+08,2.00,0.0053,4.1772,3.3930,649.822,"netlists/A_100u_MIR_CS.cir(case=2,temp=-55,Vdd=5.5):dc_sweep_i(Vout)"
A_100u,A,MIR_CS,5.5,SS,27,0.0001,0.000100005,9.99937e-05,1.00005,0.99994,3.83638e-05,2.60659e+08,2.00,0.0039,4.2762,3.3043,649.822,"netlists/A_100u_MIR_CS.cir(case=2,temp=27,Vdd=5.5):dc_sweep_i(Vout)"
A_100u,A,MIR_CS,5.5,SS,150,0.0001,0.000100004,9.9991e-05,1.00004,0.99991,3.11601e-05,3.2092e+08,2.00,0.0032,4.2777,3.1687,649.822,"netlists/A_100u_MIR_CS.cir(case=2,temp=150,Vdd=5.5):dc_sweep_i(Vout)"
A_100u,A,MIR_CS,5.5,FS,-55,0.0001,0.000100007,9.99924e-05,1.00007,0.99992,5.16134e-05,1.93744e+08,2.00,0.0053,4.1798,3.3955,649.822,"netlists/A_100u_MIR_CS.cir(case=3,temp=-55,Vdd=5.5):dc_sweep_i(Vout)"
A_100u,A,MIR_CS,5.5,FS,27,0.0001,0.000100005,9.99938e-05,1.00005,0.99994,3.81402e-05,2.62187e+08,2.00,0.0039,4.2796,3.3080,649.822,"netlists/A_100u_MIR_CS.cir(case=3,temp=27,Vdd=5.5):dc_sweep_i(Vout)"
A_100u,A,MIR_CS,5.5,FS,150,0.0001,0.000100004,9.99913e-05,1.00004,0.99991,3.0976e-05,3.22827e+08,2.00,0.0032,4.2820,3.1741,649.822,"netlists/A_100u_MIR_CS.cir(case=3,temp=150,Vdd=5.5):dc_sweep_i(Vout)"
A_100u,A,MIR_CS,5.5,SF,-55,0.0001,0.000100015,9.99942e-05,1.00015,0.99994,7.51783e-05,1.33006e+08,2.00,0.0076,4.3206,3.7191,649.822,"netlists/A_100u_MIR_CS.cir(case=4,temp=-55,Vdd=5.5):dc_sweep_i(Vout)"
A_100u,A,MIR_CS,5.5,SF,27,0.0001,0.000100012,9.99957e-05,1.00012,0.99996,5.61323e-05,1.7814e+08,2.00,0.0057,4.4096,3.6718,649.822,"netlists/A_100u_MIR_CS.cir(case=4,temp=27,Vdd=5.5):dc_sweep_i(Vout)"
A_100u,A,MIR_CS,5.5,SF,150,0.0001,0.00010001,9.99967e-05,1.00010,0.99997,4.57006e-05,2.18804e+08,2.00,0.0047,4.4448,3.5966,649.822,"netlists/A_100u_MIR_CS.cir(case=4,temp=150,Vdd=5.5):dc_sweep_i(Vout)"
A_100u,A,MIR_CW,3.2,TT,-55,0.0001,0.000100017,9.99993e-05,1.00017,0.99999,0.000119191,8.3894e+07,2.00,0.0160,2.5329,2.2087,649.822,"netlists/A_100u_MIR_CW.cir(case=0,temp=-55,Vdd=3.2):dc_sweep_i(Vout)"
A_100u,A,MIR_CW,3.2,TT,27,0.0001,0.000100022,9.99987e-05,1.00022,0.99999,0.000180203,5.54892e+07,2.00,0.0425,2.3559,2.0706,649.822,"netlists/A_100u_MIR_CW.cir(case=0,temp=27,Vdd=3.2):dc_sweep_i(Vout)"
A_100u,A,MIR_CW,3.2,TT,150,0.0001,0.00010009,9.99907e-05,1.00090,0.99991,0.00147791,6.76618e+06,2.00,0.6740,2.0363,1.6046,649.822,"netlists/A_100u_MIR_CW.cir(case=0,temp=150,Vdd=3.2):dc_sweep_i(Vout)"
A_100u,A,MIR_CW,3.2,FF,-55,0.0001,0.000100018,0.000100001,1.00018,1.00001,0.000116703,8.56814e+07,2.00,0.0199,2.5599,2.1531,649.822,"netlists/A_100u_MIR_CW.cir(case=1,temp=-55,Vdd=3.2):dc_sweep_i(Vout)"
A_100u,A,MIR_CW,3.2,FF,27,0.0001,0.000100016,0.000100001,1.00016,1.00001,0.000134258,7.44792e+07,2.00,0.0461,2.4587,2.0718,649.822,"netlists/A_100u_MIR_CW.cir(case=1,temp=27,Vdd=3.2):dc_sweep_i(Vout)"
A_100u,A,MIR_CW,3.2,FF,150,0.0001,0.000100026,0.000100007,1.00026,1.00007,0.000396484,2.52203e+07,2.00,0.1867,2.2391,1.8965,649.822,"netlists/A_100u_MIR_CW.cir(case=1,temp=150,Vdd=3.2):dc_sweep_i(Vout)"
A_100u,A,MIR_CW,3.2,SS,-55,0.0001,0.000100034,9.99942e-05,1.00034,0.99994,0.000261889,3.81806e+07,2.00,0.0319,2.4261,2.1667,649.822,"netlists/A_100u_MIR_CW.cir(case=2,temp=-55,Vdd=3.2):dc_sweep_i(Vout)"
A_100u,A,MIR_CW,3.2,SS,27,0.0001,0.00010014,9.99692e-05,1.00140,0.99969,0.00120645,8.2861e+06,2.00,0.2020,2.1724,1.0002,649.822,"netlists/A_100u_MIR_CW.cir(case=2,temp=27,Vdd=3.2):dc_sweep_i(Vout)"
A_100u,A,MIR_CW,3.2,SS,150,0.0001,0.000100313,9.98811e-05,1.00313,0.99881,0.00442724,2.25883e+06,2.00,1.5232,1.9063,0.4268,649.822,"netlists/A_100u_MIR_CW.cir(case=2,temp=150,Vdd=3.2):dc_sweep_i(Vout)"
A_100u,A,MIR_CW,3.2,FS,-55,0.0001,0.000100033,9.99943e-05,1.00033,0.99994,0.000255246,3.91743e+07,2.00,0.0311,2.4287,2.1704,649.822,"netlists/A_100u_MIR_CW.cir(case=3,temp=-55,Vdd=3.2):dc_sweep_i(Vout)"
A_100u,A,MIR_CW,3.2,FS,27,0.0001,0.000100136,9.99706e-05,1.00136,0.99971,0.0011651,8.58028e+06,2.00,0.1954,2.1758,1.0339,649.822,"netlists/A_100u_MIR_CW.cir(case=3,temp=27,Vdd=3.2):dc_sweep_i(Vout)"
A_100u,A,MIR_CW,3.2,FS,150,0.0001,0.00010031,9.98847e-05,1.00310,0.99885,0.00436578,2.2906e+06,2.00,1.5078,1.9086,0.4339,649.822,"netlists/A_100u_MIR_CW.cir(case=3,temp=150,Vdd=3.2):dc_sweep_i(Vout)"
A_100u,A,MIR_CW,3.2,SF,-55,0.0001,0.000100018,0.000100001,1.00018,1.00001,0.000117374,8.51915e+07,2.00,0.0200,2.5589,2.1530,649.822,"netlists/A_100u_MIR_CW.cir(case=4,temp=-55,Vdd=3.2):dc_sweep_i(Vout)"
A_100u,A,MIR_CW,3.2,SF,27,0.0001,0.000100016,0.000100001,1.00016,1.00001,0.000135296,7.39081e+07,2.00,0.0463,2.4566,2.0712,649.822,"netlists/A_100u_MIR_CW.cir(case=4,temp=27,Vdd=3.2):dc_sweep_i(Vout)"
A_100u,A,MIR_CW,3.2,SF,150,0.0001,0.000100027,0.000100007,1.00027,1.00007,0.000404012,2.47504e+07,2.00,0.1903,2.2350,1.8941,649.822,"netlists/A_100u_MIR_CW.cir(case=4,temp=150,Vdd=3.2):dc_sweep_i(Vout)"
A_100u,A,MIR_CW,4.5,TT,-55,0.0001,0.00010003,0.000100007,1.00030,1.00007,0.000101027,9.89637e+07,2.00,0.0103,3.8311,3.4925,649.822,"netlists/A_100u_MIR_CW.cir(case=0,temp=-55,Vdd=4.5):dc_sweep_i(Vout)"
A_100u,A,MIR_CW,4.5,TT,27,0.0001,0.000100038,0.000100009,1.00038,1.00009,0.000127172,7.86135e+07,2.00,0.0130,3.6539,3.3493,649.822,"netlists/A_100u_MIR_CW.cir(case=0,temp=27,Vdd=4.5):dc_sweep_i(Vout)"
A_100u,A,MIR_CW,4.5,TT,150,0.0001,0.000100151,0.00010004,1.00151,1.00040,0.000484356,2.06245e+07,2.00,0.0502,3.3279,2.0498,649.822,"netlists/A_100u_MIR_CW.cir(case=0,temp=150,Vdd=4.5):dc_sweep_i(Vout)"
A_100u,A,MIR_CW,4.5,FF,-55,0.0001,0.00010003,0.000100008,1.00030,1.00008,9.47871e-05,1.05478e+08,2.00,0.0096,3.8572,3.4381,649.822,"netlists/A_100u_MIR_CW.cir(case=1,temp=-55,Vdd=4.5):dc_sweep_i(Vout)"
A_100u,A,MIR_CW,4.5,FF,27,0.0001,0.000100026,0.000100008,1.00026,1.00008,7.95881e-05,1.25624e+08,2.00,0.0081,3.7571,3.3579,649.822,"netlists/A_100u_MIR_CW.cir(case=1,temp=27,Vdd=4.5):dc_sweep_i(Vout)"
A_100u,A,MIR_CW,4.5,FF,150,0.0001,0.000100038,0.000100017,1.00038,1.00017,9.10728e-05,1.0977e+08,2.00,0.0094,3.5375,3.1803,649.822,"netlists/A_100u_MIR_CW.cir(case=1,temp=150,Vdd=4.5):dc_sweep_i(Vout)"
A_100u,A,MIR_CW,4.5,SS,-55,0.0001,0.000100062,0.000100011,1.00062,1.00011,0.000219958,4.54449e+07,2.00,0.0226,3.7231,3.4033,649.822,"netlists/A_100u_MIR_CW.cir(case=2,temp=-55,Vdd=4.5):dc_sweep_i(Vout)"
A_100u,A,MIR_CW,4.5,SS,27,0.0001,0.000100259,0.000100045,1.00259,1.00045,0.000932299,1.07083e+07,2.00,0.0957,3.4571,1.1043,649.822,"netlists/A_100u_MIR_CW.cir(case=2,temp=27,Vdd=4.5):dc_sweep_i(Vout)"
A_100u,A,MIR_CW,4.5,SS,150,0.0001,0.000100605,0.000100083,1.00605,1.00083,0.00227246,4.38386e+06,2.00,0.2324,3.1394,0.4553,649.822,"netlists/A_100u_MIR_CW.cir(case=2,temp=150,Vdd=4.5):dc_sweep_i(Vout)"
A_100u,A,MIR_CW,4.5,FS,-55,0.0001,0.00010006,0.000100011,1.00060,1.00011,0.000214525,4.65965e+07,2.00,0.0220,3.7256,3.4120,649.822,"netlists/A_100u_MIR_CW.cir(case=3,temp=-55,Vdd=4.5):dc_sweep_i(Vout)"
A_100u,A,MIR_CW,4.5,FS,27,0.0001,0.00010025,0.000100044,1.00250,1.00044,0.000899437,1.11001e+07,2.00,0.0924,3.4612,1.1434,649.822,"netlists/A_100u_MIR_CW.cir(case=3,temp=27,Vdd=4.5):dc_sweep_i(Vout)"
A_100u,A,MIR_CW,4.5,FS,150,0.0001,0.000100596,0.000100084,1.00596,1.00084,0.00223454,4.45847e+06,2.00,0.2286,3.1444,0.4629,649.822,"netlists/A_100u_MIR_CW.cir(case=3,temp=150,Vdd=4.5):dc_sweep_i(Vout)"
A_100u,A,MIR_CW,4.5,SF,-55,0.0001,0.00010003,0.000100008,1.00030,1.00008,9.53681e-05,1.04835e+08,2.00,0.0097,3.8563,3.4378,649.822,"netlists/A_100u_MIR_CW.cir(case=4,temp=-55,Vdd=4.5):dc_sweep_i(Vout)"
A_100u,A,MIR_CW,4.5,SF,27,0.0001,0.000100026,0.000100008,1.00026,1.00008,8.0319e-05,1.24481e+08,2.00,0.0082,3.7550,3.3572,649.822,"netlists/A_100u_MIR_CW.cir(case=4,temp=27,Vdd=4.5):dc_sweep_i(Vout)"
A_100u,A,MIR_CW,4.5,SF,150,0.0001,0.000100038,0.000100017,1.00038,1.00017,9.29899e-05,1.07507e+08,2.00,0.0096,3.5334,3.1775,649.822,"netlists/A_100u_MIR_CW.cir(case=4,temp=150,Vdd=4.5):dc_sweep_i(Vout)"
A_100u,A,MIR_CW,5.0,TT,-55,0.0001,0.000100035,0.00010001,1.00035,1.00010,9.95151e-05,1.00462e+08,2.00,0.0100,4.3305,3.9856,649.822,"netlists/A_100u_MIR_CW.cir(case=0,temp=-55,Vdd=5.0):dc_sweep_i(Vout)"
A_100u,A,MIR_CW,5.0,TT,27,0.0001,0.000100044,0.000100013,1.00044,1.00013,0.000124142,8.0527e+07,2.00,0.0126,4.1532,3.8397,649.822,"netlists/A_100u_MIR_CW.cir(case=0,temp=27,Vdd=5.0):dc_sweep_i(Vout)"
A_100u,A,MIR_CW,5.0,TT,150,0.0001,0.000100174,0.000100054,1.00174,1.00054,0.000466304,2.14178e+07,2.00,0.0478,3.8246,2.1223,649.822,"netlists/A_100u_MIR_CW.cir(case=0,temp=150,Vdd=5.0):dc_sweep_i(Vout)"
A_100u,A,MIR_CW,5.0,FF,-55,0.0001,0.000100035,0.000100011,1.00035,1.00011,9.33383e-05,1.0711e+08,2.00,0.0094,4.3562,3.9318,649.822,"netlists/A_100u_MIR_CW.cir(case=1,temp=-55,Vdd=5.0):dc_sweep_i(Vout)"
A_100u,A,MIR_CW,5.0,FF,27,0.0001,0.00010003,0.00010001,1.00030,1.00010,7.81072e-05,1.28001e+08,2.00,0.0079,4.2565,3.8522,649.822,"netlists/A_100u_MIR_CW.cir(case=1,temp=27,Vdd=5.0):dc_sweep_i(Vout)"
A_100u,A,MIR_CW,5.0,FF,150,0.0001,0.000100042,0.00010002,1.00042,1.00020,8.83869e-05,1.13101e+08,2.00,0.0090,4.0368,3.6735,649.822,"netlists/A_100u_MIR_CW.cir(case=1,temp=150,Vdd=5.0):dc_sweep_i(Vout)"
A_100u,A,MIR_CW,5.0,SS,-55,0.0001,0.000100073,0.000100018,1.00073,1.00018,0.000214772,4.65372e+07,2.00,0.0218,4.2219,3.8468,649.822,"netlists/A_100u_MIR_CW.cir(case=2,temp=-55,Vdd=5.0):dc_sweep_i(Vout)"
A_100u,A,MIR_CW,5.0,SS,27,0.0001,0.000100305,0.000100071,1.00305,1.00071,0.000909058,1.0977e+07,2.00,0.0924,3.9507,1.1086,649.822,"netlists/A_100u_MIR_CW.cir(case=2,temp=27,Vdd=5.0):dc_sweep_i(Vout)"
A_100u,A,MIR_CW,5.0,SS,150,0.0001,0.000100717,0.000100146,1.00717,1.00146,0.00222774,4.46682e+06,2.00,0.2254,3.5912,0.4447,649.822,"netlists/A_100u_MIR_CW.cir(case=2,temp=150,Vdd=5.0):dc_sweep_i(Vout)"
A_100u,A,MIR_CW,5.0,FS,-55,0.0001,0.000100071,0.000100017,1.00071,1.00017,0.000209631,4.7679e+07,2.00,0.0213,4.2245,3.8640,649.822,"netlists/A_100u_MIR_CW.cir(case=3,temp=-55,Vdd=5.0):dc_sweep_i(Vout)"
A_100u,A,MIR_CW,5.0,FS,27,0.0001,0.000100294,0.000100069,1.00294,1.00069,0.000877233,1.1376e+07,2.00,0.0891,3.9550,1.1478,649.822,"netlists/A_100u_MIR_CW.cir(case=3,temp=27,Vdd=5.0):dc_sweep_i(Vout)"
A_100u,A,MIR_CW,5.0,FS,150,0.0001,0.000100707,0.000100146,1.00707,1.00146,0.00219123,4.54155e+06,2.00,0.2216,3.5998,0.4514,649.822,"netlists/A_100u_MIR_CW.cir(case=3,temp=150,Vdd=5.0):dc_sweep_i(Vout)"
A_100u,A,MIR_CW,5.0,SF,-55,0.0001,0.000100035,0.000100011,1.00035,1.00011,9.38857e-05,1.06485e+08,2.00,0.0095,4.3553,3.9314,649.822,"netlists/A_100u_MIR_CW.cir(case=4,temp=-55,Vdd=5.0):dc_sweep_i(Vout)"
A_100u,A,MIR_CW,5.0,SF,27,0.0001,0.00010003,0.00010001,1.00030,1.00010,7.88028e-05,1.26871e+08,2.00,0.0080,4.2544,3.8515,649.822,"netlists/A_100u_MIR_CW.cir(case=4,temp=27,Vdd=5.0):dc_sweep_i(Vout)"
A_100u,A,MIR_CW,5.0,SF,150,0.0001,0.000100043,0.00010002,1.00043,1.00020,9.02138e-05,1.1081e+08,2.00,0.0092,4.0327,3.6707,649.822,"netlists/A_100u_MIR_CW.cir(case=4,temp=150,Vdd=5.0):dc_sweep_i(Vout)"
A_100u,A,MIR_CW,5.5,TT,-55,0.0001,0.000100041,0.000100012,1.00041,1.00012,0.000100643,9.93309e+07,2.00,0.0104,4.8297,4.4776,649.822,"netlists/A_100u_MIR_CW.cir(case=0,temp=-55,Vdd=5.5):dc_sweep_i(Vout)"
A_100u,A,MIR_CW,5.5,TT,27,0.0001,0.000100051,0.000100016,1.00051,1.00016,0.000124639,8.02009e+07,2.00,0.0129,4.6523,4.3280,649.822,"netlists/A_100u_MIR_CW.cir(case=0,temp=27,Vdd=5.5):dc_sweep_i(Vout)"
A_100u,A,MIR_CW,5.5,TT,150,0.0001,0.000100198,0.000100067,1.00198,1.00067,0.000461091,2.16549e+07,2.00,0.0471,4.3211,2.1348,649.822,"netlists/A_100u_MIR_CW.cir(case=0,temp=150,Vdd=5.5):dc_sweep_i(Vout)"
A_100u,A,MIR_CW,5.5,FF,-55,0.0001,0.00010004,0.000100013,1.00040,1.00013,9.39366e-05,1.06423e+08,2.00,0.0097,4.8551,4.4246,649.822,"netlists/A_100u_MIR_CW.cir(case=1,temp=-55,Vdd=5.5):dc_sweep_i(Vout)"
A_100u,A,MIR_CW,5.5,FF,27,0.0001,0.000100034,0.000100012,1.00034,1.00012,7.8464e-05,1.27414e+08,2.00,0.0081,4.7558,4.3459,649.822,"netlists/A_100u_MIR_CW.cir(case=1,temp=27,Vdd=5.5):dc_sweep_i(Vout)"
A_100u,A,MIR_CW,5.5,FF,150,0.0001,0.000100047,0.000100022,1.00047,1.00022,8.77682e-05,1.13893e+08,2.00,0.0089,4.5362,4.1661,649.822,"netlists/A_100u_MIR_CW.cir(case=1,temp=150,Vdd=5.5):dc_sweep_i(Vout)"
A_100u,A,MIR_CW,5.5,SS,-55,0.0001,0.000100084,0.000100023,1.00084,1.00023,0.000216542,4.61517e+07,2.00,0.0225,4.7206,4.1815,649.822,"netlists/A_100u_MIR_CW.cir(case=2,temp=-55,Vdd=5.5):dc_sweep_i(Vout)"
A_100u,A,MIR_CW,5.5,SS,27,0.0001,0.000100356,0.000100097,1.00356,1.00097,0.000917022,1.08766e+07,2.00,0.0956,4.4430,1.0408,649.822,"netlists/A_100u_MIR_CW.cir(case=2,temp=27,Vdd=5.5):dc_sweep_i(Vout)"
A_100u,A,MIR_CW,5.5,SS,150,0.0001,0.000100844,0.000100207,1.00844,1.00207,0.00225631,4.40529e+06,2.00,0.2360,3.9789,0.3912,649.822,"netlists/A_100u_MIR_CW.cir(case=2,temp=150,Vdd=5.5):dc_sweep_i(Vout)"
A_100u,A,MIR_CW,5.5,FS,-55,0.0001,0.000100083,0.000100023,1.00083,1.00023,0.000211797,4.71864e+07,2.00,0.0221,4.7231,4.2310,649.822,"netlists/A_100u_MIR_CW.cir(case=3,temp=-55,Vdd=5.5):dc_sweep_i(Vout)"
A_100u,A,MIR_CW,5.5,FS,27,0.0001,0.000100344,0.000100093,1.00344,1.00093,0.000886338,1.12541e+07,2.00,0.0927,4.4477,1.0764,649.822,"netlists/A_100u_MIR_CW.cir(case=3,temp=27,Vdd=5.5):dc_sweep_i(Vout)"
A_100u,A,MIR_CW,5.5,FS,150,0.0001,0.000100833,0.000100206,1.00833,1.00206,0.0022228,4.47206e+06,2.00,0.2330,3.9997,0.3949,649.822,"netlists/A_100u_MIR_CW.cir(case=3,temp=150,Vdd=5.5):dc_sweep_i(Vout)"
A_100u,A,MIR_CW,5.5,SF,-55,0.0001,0.00010004,0.000100014,1.00040,1.00014,9.43814e-05,1.05921e+08,2.00,0.0097,4.8542,4.4242,649.822,"netlists/A_100u_MIR_CW.cir(case=4,temp=-55,Vdd=5.5):dc_sweep_i(Vout)"
A_100u,A,MIR_CW,5.5,SF,27,0.0001,0.000100034,0.000100012,1.00034,1.00012,7.90709e-05,1.26436e+08,2.00,0.0081,4.7537,4.3451,649.822,"netlists/A_100u_MIR_CW.cir(case=4,temp=27,Vdd=5.5):dc_sweep_i(Vout)"
A_100u,A,MIR_CW,5.5,SF,150,0.0001,0.000100048,0.000100022,1.00048,1.00022,8.9481e-05,1.11713e+08,2.00,0.0091,4.5321,4.1631,649.822,"netlists/A_100u_MIR_CW.cir(case=4,temp=150,Vdd=5.5):dc_sweep_i(Vout)"
